{
  "project_name": "RNNu16_e1k_puremae_r7",
  "generated_at": "2026-04-14T00:26:22.708073+08:00",
  "status": "complete",
  "calculation_standard": "ablation-study-v1",
  "sources": {
    "training_info": true,
    "compute_analysis": true,
    "model_info": true,
    "linear_response": true,
    "linearity_by_frequency": true,
    "config": true
  },
  "missing_sources": [],
  "missing_sections": [],
  "epochs": 1000,
  "min_loss": 0.012785,
  "min_val_loss": 0.012409,
  "train_loss": 0.01239115372300148,
  "val_loss": 0.012408976443111897,
  "train_mae": 0.01239115372300148,
  "train_afmae": 0.16423620283603668,
  "val_mae": 0.012408976443111897,
  "val_afmae": 0.1643519103527069,
  "weights_source": "best_val",
  "freq_drift_hz": 10.609057585189404,
  "sens_drift_percent": 26.612556031903296,
  "linearity_percent": 1.76165089383813,
  "compute_cost": 1280.0,
  "total_params": 577,
  "lr": 0.0007,
  "use_cosine_annealing": false,
  "metric_details": {
    "natural_frequency_drift": {
      "min": 24.536840719081873,
      "max": 36.22262964744256,
      "median": 35.14589830427128,
      "count": 25,
      "unit": "Hz",
      "method": "max(|max-median|, |median-min|) from fn_comped",
      "drift": 10.609057585189404
    },
    "sensitivity_drift": {
      "min": 38.33126310599805,
      "max": 71.48360456590858,
      "median": 64.94381913790134,
      "count": 25,
      "unit": "%",
      "method": "max(|max-median|, |median-min|) from interpolated sensitivity",
      "drift": 26.612556031903296,
      "frequency_hz": 100.0
    },
    "linearity": {
      "mean": 1.76165089383813,
      "max": 6.911692843854822,
      "min": 0.27394862820318,
      "count": 14,
      "unit": "%",
      "method": "mean(1 - R^2) across frequency points"
    },
    "natural_frequency_drift_origin": {
      "min": 34.24511188160566,
      "max": 93.39109038646993,
      "median": 58.89345106524416,
      "count": 25,
      "unit": "Hz",
      "method": "max(|max-median|, |median-min|) from fn_origin",
      "drift": 34.49763932122577
    },
    "sensitivity_drift_origin": {
      "min": 60.001934754356135,
      "max": 203.37127543336493,
      "median": 144.5628340451216,
      "count": 25,
      "unit": "%",
      "method": "max(|max-median|, |median-min|) from interpolated origin sensitivity",
      "drift": 84.56089929076546,
      "frequency_hz": 100.0
    },
    "linearity_origin": {
      "mean": 2.5499568401843997,
      "max": 6.418887454843169,
      "min": 0.359242046082775,
      "count": 14,
      "unit": "%",
      "method": "mean(1 - R^2) across frequency points"
    }
  },
  "compute_details": {
    "total_params": 577,
    "additions": 544,
    "multiplications": 544,
    "maps": 32,
    "total_ops": 1120,
    "weighted_total": 1280.0,
    "weighted_additions": 544.0,
    "weighted_multiplications": 544.0,
    "weighted_maps": 192.0
  },
  "compute_cost_status": "complete",
  "compute_has_unsupported_layers": false,
  "compute_unsupported_layer_count": 0,
  "compute_unsupported_layers": [],
  "compute_unsupported_layer_details": [],
  "compute_cost_warning": null,
  "loss_function": "MAE",
  "loss_function_key": "mae",
  "loss_function_source": "config.use_power_loss",
  "display_metrics": {
    "Loss Function": "MAE",
    "TRAIN_MAE": 0.01239115372300148,
    "TRAIN_AFMAE": 0.16423620283603668,
    "VAL_MAE": 0.012408976443111897,
    "VAL_AFMAE": 0.1643519103527069,
    "Freq Drift (Hz)": 10.609057585189404,
    "Sens Drift (%)": 26.612556031903296,
    "Linearity (%)": 1.76165089383813,
    "Compute Cost": 1280.0,
    "Total Params": 577,
    "Epochs": 1000,
    "LR": 0.0007,
    "Cosine Annealing": false
  }
}