{
  "completed_epoch": 1000,
  "min_loss": 0.012784557417035103,
  "min_val_loss": 0.012408975511789322,
  "current_epoch": 1000,
  "model_name": "RNN",
  "training_alive": false,
  "timestamp": "20260414002553.7",
  "best_weights_file": "projects/07_RNN/RNNu16_e1k_puremae_r7/data\\RNNu16_e1k_puremae_r7_best_weights.h5",
  "best_val_weights_file": "projects/07_RNN/RNNu16_e1k_puremae_r7/data\\RNNu16_e1k_puremae_r7_best_val_weights.h5",
  "loss": 0.012986386194825172,
  "val_loss": 0.013676772825419903,
  "mae": 0.0,
  "afmae": 0.7787771821022034,
  "val_mae": 0.0,
  "val_afmae": 0.7757583856582642,
  "val_power_log_loss": 0.0,
  "power_log_loss": 0.0,
  "lr": 0.00139999995008111,
  "elapsed_time": 13324.864708900452,
  "remaining_time": 0.0,
  "expected_finish_time": "2026-04-14 00:24:35",
  "smoothed_speed": 277.2844751986736
}