{
  "completed_epoch": 30000,
  "min_loss": 0.035394564270973206,
  "min_val_loss": 0.038722120225429535,
  "current_epoch": 0,
  "model_name": "WaveNet5",
  "training_alive": false,
  "timestamp": "20250707201552.2",
  "best_weights_file": "projects/WNET5q0.5h6u8l8nb/data\\WNET5q0.5h6u8l8nb_best_weights.h5",
  "best_val_weights_file": "projects/WNET5q0.5h6u8l8nb/data\\WNET5q0.5h6u8l8nb_best_val_weights.h5",
  "loss": 0.03539455682039261,
  "val_loss": 0.03878295049071312,
  "val_power_log_loss": 0.05797547847032547,
  "power_log_loss": 0.04107480123639107,
  "lr": 8.478225936414674e-06,
  "elapsed_time": 33043.973672389984,
  "remaining_time": 0.07981986889945777,
  "expected_finish_time": "2025-04-16 07:53:14",
  "smoothed_speed": 45101.5524033823
}