{
  "project_name": "WNET5q1h2u6l3",
  "task_type": "wnet5-circuit-validation",
  "analysis_layer": 3,
  "frequency_range": {
    "start_freq": 2,
    "stop_freq": 500
  },
  "svf": {
    "center_freqs": [
      10.0,
      80.0
    ],
    "quality_factors": [
      1.0,
      1.0
    ],
    "transfer_functions": []
  },
  "dense_layer": {
    "layer_name": "Dense_Layer_Model_3",
    "weights": [
      [
        -0.30477598309516907,
        0.10084644705057144,
        0.025074617937207222,
        0.027451643720269203,
        -2.0447535514831543,
        0.062284618616104126
      ],
      [
        -0.4978518486022949,
        0.6305340528488159,
        0.17271888256072998,
        0.7272149920463562,
        1.4529660940170288,
        2.3507699966430664
      ],
      [
        -0.023943912237882614,
        0.6396365761756897,
        -0.19248676300048828,
        -1.9065356254577637,
        0.26986655592918396,
        -0.28117644786834717
      ],
      [
        -0.09576745331287384,
        0.16911345720291138,
        -0.3263184726238251,
        -0.44762906432151794,
        1.343009352684021,
        0.2501073181629181
      ],
      [
        -0.757131814956665,
        1.1218427419662476,
        -0.7197156548500061,
        -0.9198263883590698,
        0.4322681725025177,
        0.9344999194145203
      ],
      [
        -0.5386748313903809,
        0.2952446937561035,
        -0.4764655828475952,
        0.2847959101200104,
        0.2473977506160736,
        -0.3429088592529297
      ]
    ],
    "bias": [
      -0.05491336062550545,
      -0.0010222323471680284,
      -0.07502543926239014,
      -0.10622888803482056,
      -0.3907875716686249,
      -0.060514941811561584
    ]
  },
  "combined_transfer_functions": [],
  "frequency_response": null,
  "artifacts": {
    "plots": [
      "plots\\svf_fit_comparison.png",
      "plots\\svf_error_comparison_merged.png",
      "plots\\svf_dense_error_comparison.png"
    ],
    "report": null
  },
  "error_analysis": {
    "frequencies": [
      2.0,
      2.519842,
      3.174802,
      4.0,
      5.039684,
      6.349604,
      8.0,
      10.079369,
      12.699208,
      16.0,
      20.158737,
      25.398417,
      32.0,
      40.317474,
      50.796833,
      64.0,
      80.634949,
      101.593666,
      128.0,
      161.269897,
      203.187332,
      256.0,
      322.540009,
      406.369995,
      512.0
    ],
    "error_ratios": [
      {
        "channel": "D3_1",
        "ratios": [
          1.103907560448817,
          1.1066608665739224,
          1.1137327255832352,
          1.1247146774926842,
          1.14555436063601,
          1.1730391326695093,
          1.1913435441886306,
          1.1427097750192876,
          1.0519520137553184,
          1.006934975691508,
          1.0146957502016507,
          1.0319396475120937,
          1.0487791972292926,
          1.060142657255113,
          1.0669150999905799,
          1.06036783267456,
          1.0328546314801426,
          1.0052883356058573,
          1.0083813080904793,
          1.0322423738964641,
          1.0611660146915978,
          1.0879714751487295,
          1.1081289332678856,
          1.123139486662161,
          NaN
        ]
      },
      {
        "channel": "D3_2",
        "ratios": [
          1.0039885544810756,
          1.004234604468887,
          1.0065842200222777,
          1.0116377469154347,
          1.0111801013304555,
          1.0033991674289773,
          0.9631052750023557,
          0.8585239819663792,
          0.7448432159821037,
          0.7145750107701864,
          0.7885927146251059,
          0.9175847946957563,
          1.0243469683792172,
          1.0784246852649002,
          1.0928139822523182,
          1.0788774725735437,
          1.0322799511573593,
          0.982685657976175,
          0.959386884258129,
          0.9566076099679295,
          0.9572628514690514,
          0.9653043759404156,
          0.9746573666677197,
          0.9820822199062949,
          NaN
        ]
      },
      {
        "channel": "D3_3",
        "ratios": [
          1.112509883524287,
          1.1121456271353534,
          1.1085023859852823,
          1.1048400566382952,
          1.0930370755465242,
          1.062675806764953,
          0.9881821034746352,
          0.8965992844036665,
          1.0714136658550748,
          1.3995251132471636,
          1.3406618577655087,
          1.255548000304217,
          1.2091236109116836,
          1.1845697023590476,
          1.1692830867854798,
          1.150984933194616,
          1.1115569958285885,
          1.085947055236199,
          1.095602171063354,
          1.1315119378773804,
          1.1671173242067578,
          1.195750046344144,
          1.2202001746024693,
          1.2377939618598945,
          NaN
        ]
      },
      {
        "channel": "D3_4",
        "ratios": [
          1.0690494578206615,
          1.0720413703669516,
          1.0774465758631226,
          1.0836315258753835,
          1.0910211137152228,
          1.0863896406410465,
          1.0482871134625154,
          0.9392905871979297,
          0.8086918867623202,
          0.7465116580193932,
          0.7570921110999836,
          0.806635733357429,
          0.8793806494388972,
          0.9584538236781199,
          1.0300580231536345,
          1.0722094746138284,
          1.0772960379451848,
          1.065249074244641,
          1.0752547323557426,
          1.1033229840896808,
          1.13446256474052,
          1.1650324382951434,
          1.1918906579170658,
          1.215701214631086,
          NaN
        ]
      },
      {
        "channel": "D3_5",
        "ratios": [
          0.5402684990887489,
          0.6163041088770767,
          0.6978999368036125,
          0.7858003512474825,
          0.8814687614926149,
          0.9772055880739506,
          1.0523443441127163,
          1.0485799335359898,
          0.9973651454512048,
          0.9929543801316842,
          1.0445688943547629,
          1.1065192461816238,
          1.1614851539330202,
          1.1958583106121887,
          1.22327195463624,
          1.223954617833245,
          1.2091441865220995,
          1.234347241111374,
          1.3565161692287162,
          1.5146669516121807,
          1.6246891713697609,
          1.677878880863182,
          1.7001105182494822,
          1.7120591679809558,
          NaN
        ]
      },
      {
        "channel": "D3_6",
        "ratios": [
          1.0746020538860857,
          1.0936185526523476,
          1.1149078424300993,
          1.1433089743206664,
          1.1686652592560987,
          1.182278849071359,
          1.1537316582433672,
          1.0365462029106522,
          0.8913593853087926,
          0.7999134730152028,
          0.7567132157734188,
          0.6996030180160754,
          0.5191651506389178,
          1.075671126664706,
          1.1788266692088267,
          1.0707829886021087,
          0.9922417724318158,
          0.933097584372855,
          0.9066612685372102,
          0.9018319969066999,
          0.903880966532645,
          0.9128986535570555,
          0.9245558175913111,
          0.9372664085821382,
          NaN
        ]
      }
    ],
    "statistics": [
      {
        "channel": "D3_1",
        "mean_error_ratio": 1.0792734323235635,
        "std_error_ratio": 0.052678640123675624,
        "min_error_ratio": 1.0052883356058573,
        "max_error_ratio": 1.1913435441886306,
        "median_error_ratio": 1.0640405573410887,
        "within_10_percent": 58.333333333333336,