{
  "project_name": "FRIKANh8u6l6_e1k_lr7e4_r3",
  "generated_at": "2026-04-10T12:56:21.699715+08:00",
  "status": "complete",
  "calculation_standard": "ablation-study-v1",
  "sources": {
    "training_info": true,
    "compute_analysis": true,
    "model_info": true,
    "linear_response": true,
    "linearity_by_frequency": true,
    "config": true
  },
  "missing_sources": [],
  "missing_sections": [],
  "epochs": 1000,
  "min_loss": 0.023942,
  "min_val_loss": 0.025005,
  "train_loss": 0.023200146853923798,
  "val_loss": 0.02500523068010807,
  "train_mae": 0.02345309779047966,
  "train_afmae": 0.034681469202041626,
  "val_mae": 0.02395835891366005,
  "val_afmae": 0.04268011078238487,
  "weights_source": null,
  "freq_drift_hz": 3.2642137482940825,
  "sens_drift_percent": 12.140044617391403,
  "linearity_percent": 0.8224660051209429,
  "compute_cost": 1710.0,
  "total_params": 2569,
  "lr": 0.0007,
  "use_cosine_annealing": false,
  "metric_details": {
    "natural_frequency_drift": {
      "min": 30.13682800606876,
      "max": 35.639809304282736,
      "median": 33.40104175436284,
      "count": 25,
      "unit": "Hz",
      "method": "max(|max-median|, |median-min|) from fn_comped",
      "drift": 3.2642137482940825
    },
    "sensitivity_drift": {
      "min": 49.52792990887201,
      "max": 70.35997323601819,
      "median": 61.667974526263414,
      "count": 25,
      "unit": "%",
      "method": "max(|max-median|, |median-min|) from interpolated sensitivity",
      "drift": 12.140044617391403,
      "frequency_hz": 100.0
    },
    "linearity": {
      "mean": 0.8224660051209429,
      "max": 2.575095661344573,
      "min": 0.18725384411009127,
      "count": 14,
      "unit": "%",
      "method": "mean(1 - R^2) across frequency points"
    },
    "natural_frequency_drift_origin": {
      "min": 34.24511188160566,
      "max": 93.39109038646993,
      "median": 58.89345106524416,
      "count": 25,
      "unit": "Hz",
      "method": "max(|max-median|, |median-min|) from fn_origin",
      "drift": 34.49763932122577
    },
    "sensitivity_drift_origin": {
      "min": 60.001934754356135,
      "max": 203.37127543336493,
      "median": 144.5628340451216,
      "count": 25,
      "unit": "%",
      "method": "max(|max-median|, |median-min|) from interpolated origin sensitivity",
      "drift": 84.56089929076546,
      "frequency_hz": 100.0
    },
    "linearity_origin": {
      "mean": 2.5499568401843997,
      "max": 6.418887454843169,
      "min": 0.359242046082775,
      "count": 14,
      "unit": "%",
      "method": "mean(1 - R^2) across frequency points"
    }
  },
  "compute_details": {
    "total_params": 2569,
    "additions": 266,
    "multiplications": 40,
    "maps": 234,
    "total_ops": 540,
    "weighted_total": 1710.0,
    "weighted_additions": 266.0,
    "weighted_multiplications": 40.0,
    "weighted_maps": 1404.0
  },
  "display_metrics": {
    "TRAIN_MAE": 0.02345309779047966,
    "TRAIN_AFMAE": 0.034681469202041626,
    "VAL_MAE": 0.02395835891366005,
    "VAL_AFMAE": 0.04268011078238487,
    "Freq Drift (Hz)": 3.2642137482940825,
    "Sens Drift (%)": 12.140044617391403,
    "Linearity (%)": 0.8224660051209429,
    "Compute Cost": 1710.0,
    "Total Params": 2569,
    "Epochs": 1000,
    "LR": 0.0007,
    "Cosine Annealing": false
  }
}