{
  "completed_epoch": 1000,
  "min_loss": 0.023941773921251297,
  "min_val_loss": 0.02500523068010807,
  "current_epoch": 1000,
  "model_name": "FRIKAN",
  "training_alive": false,
  "timestamp": "20260404184931.8",
  "best_weights_file": "projects/01_LR_STUDY/FRIKANh8u6l6_e1k_lr7e4_r3/data\\FRIKANh8u6l6_e1k_lr7e4_r3_best_weights.h5",
  "best_val_weights_file": "projects/01_LR_STUDY/FRIKANh8u6l6_e1k_lr7e4_r3/data\\FRIKANh8u6l6_e1k_lr7e4_r3_best_val_weights.h5",
  "loss": 0.024545781314373016,
  "val_loss": 0.02505875937640667,
  "mae": 0.0,
  "afmae": 2.0149149894714355,
  "val_mae": 0.0,
  "val_afmae": 2.0066475868225098,
  "val_power_log_loss": 0.04329793155193329,
  "power_log_loss": 0.04061494395136833,
  "lr": 0.00014000000373926014,
  "elapsed_time": 2062.5927391052246,
  "remaining_time": 2.0099665095250905,
  "expected_finish_time": "2026-04-04 17:45:55",
  "smoothed_speed": 1791.0746188754151
}