{
  "project_name": "FRIKANh8u6l6_e1k_lr1e4_nopositive",
  "generated_at": "2026-04-19T00:02:09.317979+08:00",
  "status": "complete",
  "calculation_standard": "ablation-study-v1",
  "sources": {
    "training_info": true,
    "compute_analysis": true,
    "model_info": true,
    "linear_response": true,
    "linearity_by_frequency": true,
    "config": true
  },
  "missing_sources": [],
  "missing_sections": [],
  "epochs": 1000,
  "min_loss": 0.23635,
  "min_val_loss": 0.23926,
  "train_loss": 0.23597073554992676,
  "val_loss": 0.23925776779651642,
  "train_mae": 0.15212972462177277,
  "train_afmae": 0.711097776889801,
  "val_mae": 0.15264230966567993,
  "val_afmae": 0.7258075475692749,
  "weights_source": "best_val",
  "freq_drift_hz": 304304.52149724134,
  "sens_drift_percent": 39.306012967433134,
  "linearity_percent": 49.55534018706274,
  "compute_cost": 1710.0,
  "total_params": 2569,
  "lr": 0.0001,
  "use_cosine_annealing": false,
  "metric_details": {
    "natural_frequency_drift": {
      "min": 44.8216150926955,
      "max": 304428.7280838665,
      "median": 124.20658662514576,
      "count": 25,
      "unit": "Hz",
      "method": "max(|max-median|, |median-min|) from fn_comped",
      "drift": 304304.52149724134
    },
    "sensitivity_drift": {
      "min": 8.65904269224573,
      "max": 65.35579514594619,
      "median": 26.04978217851306,
      "count": 25,
      "unit": "%",
      "method": "max(|max-median|, |median-min|) from interpolated sensitivity",
      "drift": 39.306012967433134,
      "frequency_hz": 100.0
    },
    "linearity": {
      "mean": 49.55534018706274,
      "max": 88.37754312790605,
      "min": 8.333700683700517,
      "count": 14,
      "unit": "%",
      "method": "mean(1 - R^2) across frequency points"
    },
    "natural_frequency_drift_origin": {
      "min": 34.24511188160566,
      "max": 93.39109038646993,
      "median": 58.89345106524416,
      "count": 25,
      "unit": "Hz",
      "method": "max(|max-median|, |median-min|) from fn_origin",
      "drift": 34.49763932122577
    },
    "sensitivity_drift_origin": {
      "min": 60.001934754356135,
      "max": 203.37127543336493,
      "median": 144.5628340451216,
      "count": 25,
      "unit": "%",
      "method": "max(|max-median|, |median-min|) from interpolated origin sensitivity",
      "drift": 84.56089929076546,
      "frequency_hz": 100.0
    },
    "linearity_origin": {
      "mean": 2.5499568401843997,
      "max": 6.418887454843169,
      "min": 0.359242046082775,
      "count": 14,
      "unit": "%",
      "method": "mean(1 - R^2) across frequency points"
    }
  },
  "compute_details": {
    "total_params": 2569,
    "additions": 266,
    "multiplications": 40,
    "maps": 234,
    "total_ops": 540,
    "weighted_total": 1710.0,
    "weighted_additions": 266.0,
    "weighted_multiplications": 40.0,
    "weighted_maps": 1404.0
  },
  "compute_cost_status": "complete",
  "compute_has_unsupported_layers": false,
  "compute_unsupported_layer_count": 0,
  "compute_unsupported_layers": [],
  "compute_unsupported_layer_details": [],
  "compute_cost_warning": null,
  "loss_function": "MAE+AFMAE",
  "loss_function_key": "power_log_mae",
  "loss_function_source": "config.use_power_loss",
  "display_metrics": {
    "Loss Function": "MAE+AFMAE",
    "TRAIN_MAE": 0.15212972462177277,
    "TRAIN_AFMAE": 0.711097776889801,
    "VAL_MAE": 0.15264230966567993,
    "VAL_AFMAE": 0.7258075475692749,
    "Freq Drift (Hz)": 304304.52149724134,
    "Sens Drift (%)": 39.306012967433134,
    "Linearity (%)": 49.55534018706274,
    "Compute Cost": 1710.0,
    "Total Params": 2569,
    "Epochs": 1000,
    "LR": 0.0001,
    "Cosine Annealing": false
  }
}