{
  "completed_epoch": 1000,
  "min_loss": 0.2366599142551422,
  "min_val_loss": 0.2396828532218933,
  "current_epoch": 1000,
  "model_name": "FRIKAN",
  "training_alive": false,
  "timestamp": "20260419000146.9",
  "best_weights_file": "projects/01_LR_STUDY/FRIKANh8u6l6_e1k_lr1e4_nopositive/data\\FRIKANh8u6l6_e1k_lr1e4_nopositive_best_weights.h5",
  "best_val_weights_file": "projects/01_LR_STUDY/FRIKANh8u6l6_e1k_lr1e4_nopositive/data\\FRIKANh8u6l6_e1k_lr1e4_nopositive_best_val_weights.h5",
  "loss": 0.23634885251522064,
  "val_loss": 0.23925775289535522,
  "mae": 0.0,
  "afmae": 1.2322648763656616,
  "val_mae": 0.0,
  "val_afmae": 1.2251701354980469,
  "val_power_log_loss": 0.7258075475692749,
  "power_log_loss": 0.7124146223068237,
  "lr": 1.9999999494757503e-05,
  "elapsed_time": 2107.8337185382843,
  "remaining_time": 0.0,
  "expected_finish_time": "2026-04-19 00:01:28",
  "smoothed_speed": 1768.4294733636116
}