{
  "completed_epoch": 30000,
  "min_loss": 0.011802197434008121,
  "min_val_loss": 0.013301936909556389,
  "current_epoch": 0,
  "model_name": "WaveNet5",
  "training_alive": false,
  "timestamp": "20250707201501.1",
  "best_weights_file": "projects/WNET5q0.5h4u8l8/data\\WNET5q0.5h4u8l8_best_weights.h5",
  "best_val_weights_file": "projects/WNET5q0.5h4u8l8/data\\WNET5q0.5h4u8l8_best_val_weights.h5",
  "loss": 0.011802228167653084,
  "val_loss": 0.013376595452427864,
  "val_power_log_loss": 0.02786087803542614,
  "power_log_loss": 0.020199529826641083,
  "lr": 8.478225936414674e-06,
  "elapsed_time": 33033.30724930763,
  "remaining_time": 0.08234882778270979,
  "expected_finish_time": "2025-04-16 07:47:07",
  "smoothed_speed": 43716.469279916906
}