{
  "completed_epoch": 1000,
  "min_loss": 0.014755393378436565,
  "min_val_loss": 0.012505999766290188,
  "current_epoch": 1000,
  "model_name": "LSTMTransformer",
  "training_alive": false,
  "timestamp": "20260427220049.3",
  "best_weights_file": "projects/01_LR_STUDY/LSTMTransformeru6_e1k_lr1e4_puremae_r24/data\\LSTMTransformeru6_e1k_lr1e4_puremae_r24_best_weights.h5",
  "best_val_weights_file": "projects/01_LR_STUDY/LSTMTransformeru6_e1k_lr1e4_puremae_r24/data\\LSTMTransformeru6_e1k_lr1e4_puremae_r24_best_val_weights.h5",
  "loss": 0.014740635640919209,
  "val_loss": 0.012510973028838634,
  "mae": 0.0,
  "afmae": 2.3816895484924316,
  "val_mae": 0.0,
  "val_afmae": 2.3777034282684326,
  "val_power_log_loss": 0.0,
  "power_log_loss": 0.0,
  "lr": 0.00019999999494757503,
  "elapsed_time": 2773.1431605815887,
  "remaining_time": 0.0,
  "expected_finish_time": "2026-04-27 22:00:49",
  "smoothed_speed": 1526.6223644048978
}