{
  "project_name": "TCNc4d1248k3_nopd_true_e1k_lr2e3_pdl2",
  "generated_at": "2026-04-13T18:27:32.850263+08:00",
  "status": "complete",
  "calculation_standard": "ablation-study-v1",
  "sources": {
    "training_info": true,
    "compute_analysis": true,
    "model_info": true,
    "linear_response": true,
    "linearity_by_frequency": true,
    "config": true
  },
  "missing_sources": [],
  "missing_sections": [],
  "epochs": 1000,
  "min_loss": 0.0082793,
  "min_val_loss": 0.0080929,
  "train_loss": 0.00807455088943243,
  "val_loss": 0.008092880249023438,
  "train_mae": 0.00807455088943243,
  "train_afmae": 0.05548969656229019,
  "val_mae": 0.008092880249023438,
  "val_afmae": 0.05655861273407936,
  "weights_source": "best_val",
  "freq_drift_hz": 2.614651271051123,
  "sens_drift_percent": 22.531324569904463,
  "linearity_percent": 0.6192131843900764,
  "compute_cost": 4080.0,
  "total_params": 1769,
  "lr": 0.002,
  "use_cosine_annealing": false,
  "metric_details": {
    "natural_frequency_drift": {
      "min": 31.630165068102997,
      "max": 35.91533964378193,
      "median": 34.24481633915412,
      "count": 25,
      "unit": "Hz",
      "method": "max(|max-median|, |median-min|) from fn_comped",
      "drift": 2.614651271051123
    },
    "sensitivity_drift": {
      "min": 42.16744956231684,
      "max": 69.58574257582511,
      "median": 64.6987741322213,
      "count": 25,
      "unit": "%",
      "method": "max(|max-median|, |median-min|) from interpolated sensitivity",
      "drift": 22.531324569904463,
      "frequency_hz": 100.0
    },
    "linearity": {
      "mean": 0.6192131843900764,
      "max": 2.6963867205146874,
      "min": 0.1495262087759186,
      "count": 14,
      "unit": "%",
      "method": "mean(1 - R^2) across frequency points"
    },
    "natural_frequency_drift_origin": {
      "min": 34.24511188160566,
      "max": 93.39109038646993,
      "median": 58.89345106524416,
      "count": 25,
      "unit": "Hz",
      "method": "max(|max-median|, |median-min|) from fn_origin",
      "drift": 34.49763932122577
    },
    "sensitivity_drift_origin": {
      "min": 60.001934754356135,
      "max": 203.37127543336493,
      "median": 144.5628340451216,
      "count": 25,
      "unit": "%",
      "method": "max(|max-median|, |median-min|) from interpolated origin sensitivity",
      "drift": 84.56089929076546,
      "frequency_hz": 100.0
    },
    "linearity_origin": {
      "mean": 2.5499568401843997,
      "max": 6.418887454843169,
      "min": 0.359242046082775,
      "count": 14,
      "unit": "%",
      "method": "mean(1 - R^2) across frequency points"
    }
  },
  "compute_details": {
    "total_params": 1769,
    "additions": 1680,
    "multiplications": 1680,
    "maps": 120,
    "total_ops": 3480,
    "weighted_total": 4080.0,
    "weighted_additions": 1680.0,
    "weighted_multiplications": 1680.0,
    "weighted_maps": 720.0
  },
  "compute_cost_status": "complete",
  "compute_has_unsupported_layers": false,
  "compute_unsupported_layer_count": 0,
  "compute_unsupported_layers": [],
  "compute_unsupported_layer_details": [],
  "compute_cost_warning": null,
  "loss_function": "MAE",
  "loss_function_key": "mae",
  "loss_function_source": "config.use_power_loss",
  "display_metrics": {
    "Loss Function": "MAE",
    "TRAIN_MAE": 0.00807455088943243,
    "TRAIN_AFMAE": 0.05548969656229019,
    "VAL_MAE": 0.008092880249023438,
    "VAL_AFMAE": 0.05655861273407936,
    "Freq Drift (Hz)": 2.614651271051123,
    "Sens Drift (%)": 22.531324569904463,
    "Linearity (%)": 0.6192131843900764,
    "Compute Cost": 4080.0,
    "Total Params": 1769,
    "Epochs": 1000,
    "LR": 0.002,
    "Cosine Annealing": false
  }
}