{
  "completed_epoch": 1000,
  "min_loss": 0.008279253728687763,
  "min_val_loss": 0.008092879317700863,
  "current_epoch": 1000,
  "model_name": "TCN",
  "training_alive": false,
  "timestamp": "20260413182726.2",
  "best_weights_file": "projects/06_TCN/TCNc4d1248k3_nopd_true_e1k_lr2e3_pdl2/data\\TCNc4d1248k3_nopd_true_e1k_lr2e3_pdl2_best_weights.h5",
  "best_val_weights_file": "projects/06_TCN/TCNc4d1248k3_nopd_true_e1k_lr2e3_pdl2/data\\TCNc4d1248k3_nopd_true_e1k_lr2e3_pdl2_best_val_weights.h5",
  "loss": 0.008945994079113007,
  "val_loss": 0.00881223101168871,
  "mae": 0.0,
  "afmae": 3.931464195251465,
  "val_mae": 0.0,
  "val_afmae": 3.9312095642089844,
  "val_power_log_loss": 0.0,
  "power_log_loss": 0.0,
  "lr": 0.004000000189989805,
  "elapsed_time": 208.53729033470154,
  "remaining_time": 0.0,
  "expected_finish_time": "2026-04-13 18:27:16",
  "smoothed_speed": 19944.555027741542
}