{
  "project_name": "1DCNNc4u8k20l8_e1k_lr18e3_pd8l2_true",
  "generated_at": "2026-04-13T17:22:35.001990+08:00",
  "status": "complete",
  "calculation_standard": "ablation-study-v1",
  "sources": {
    "training_info": true,
    "compute_analysis": true,
    "model_info": true,
    "linear_response": true,
    "linearity_by_frequency": true,
    "config": true
  },
  "missing_sources": [],
  "missing_sections": [],
  "epochs": 1000,
  "min_loss": 0.012531,
  "min_val_loss": 0.011727,
  "train_loss": 0.011740426532924175,
  "val_loss": 0.011727070435881615,
  "train_mae": 0.011740426532924175,
  "train_afmae": 0.11294016987085342,
  "val_mae": 0.011727070435881615,
  "val_afmae": 0.11449679732322693,
  "weights_source": "best_val",
  "freq_drift_hz": 8.366350369491574,
  "sens_drift_percent": 27.833320396272093,
  "linearity_percent": 1.6583774293541946,
  "compute_cost": 1880.0,
  "total_params": 885,
  "lr": 0.02,
  "use_cosine_annealing": false,
  "metric_details": {
    "natural_frequency_drift": {
      "min": 26.27882405637359,
      "max": 36.15746736963786,
      "median": 34.645174425865164,
      "count": 25,
      "unit": "Hz",
      "method": "max(|max-median|, |median-min|) from fn_comped",
      "drift": 8.366350369491574
    },
    "sensitivity_drift": {
      "min": 37.22567300558325,
      "max": 70.65930156648936,
      "median": 65.05899340185535,
      "count": 25,
      "unit": "%",
      "method": "max(|max-median|, |median-min|) from interpolated sensitivity",
      "drift": 27.833320396272093,
      "frequency_hz": 100.0
    },
    "linearity": {
      "mean": 1.6583774293541946,
      "max": 7.651172343620772,
      "min": 0.22887375598721338,
      "count": 14,
      "unit": "%",
      "method": "mean(1 - R^2) across frequency points"
    },
    "natural_frequency_drift_origin": {
      "min": 34.24511188160566,
      "max": 93.39109038646993,
      "median": 58.89345106524416,
      "count": 25,
      "unit": "Hz",
      "method": "max(|max-median|, |median-min|) from fn_origin",
      "drift": 34.49763932122577
    },
    "sensitivity_drift_origin": {
      "min": 60.001934754356135,
      "max": 203.37127543336493,
      "median": 144.5628340451216,
      "count": 25,
      "unit": "%",
      "method": "max(|max-median|, |median-min|) from interpolated origin sensitivity",
      "drift": 84.56089929076546,
      "frequency_hz": 100.0
    },
    "linearity_origin": {
      "mean": 2.5499568401843997,
      "max": 6.418887454843169,
      "min": 0.359242046082775,
      "count": 14,
      "unit": "%",
      "method": "mean(1 - R^2) across frequency points"
    }
  },
  "compute_details": {
    "total_params": 885,
    "additions": 856,
    "multiplications": 856,
    "maps": 28,
    "total_ops": 1740,
    "weighted_total": 1880.0,
    "weighted_additions": 856.0,
    "weighted_multiplications": 856.0,
    "weighted_maps": 168.0
  },
  "compute_cost_status": "complete",
  "compute_has_unsupported_layers": false,
  "compute_unsupported_layer_count": 0,
  "compute_unsupported_layers": [],
  "compute_unsupported_layer_details": [],
  "compute_cost_warning": null,
  "loss_function": "MAE",
  "loss_function_key": "mae",
  "loss_function_source": "config.use_power_loss",
  "display_metrics": {
    "Loss Function": "MAE",
    "TRAIN_MAE": 0.011740426532924175,
    "TRAIN_AFMAE": 0.11294016987085342,
    "VAL_MAE": 0.011727070435881615,
    "VAL_AFMAE": 0.11449679732322693,
    "Freq Drift (Hz)": 8.366350369491574,
    "Sens Drift (%)": 27.833320396272093,
    "Linearity (%)": 1.6583774293541946,
    "Compute Cost": 1880.0,
    "Total Params": 885,
    "Epochs": 1000,
    "LR": 0.02,
    "Cosine Annealing": false
  }
}