{
  "completed_epoch": 1000,
  "min_loss": 0.012530705891549587,
  "min_val_loss": 0.01172707136720419,
  "current_epoch": 1000,
  "model_name": "1DCNN",
  "training_alive": false,
  "timestamp": "20260413172228.9",
  "best_weights_file": "projects/05_1DCNN/1DCNNc4u8k20l8_e1k_lr18e3_pd8l2_true/data\\1DCNNc4u8k20l8_e1k_lr18e3_pd8l2_true_best_weights.h5",
  "best_val_weights_file": "projects/05_1DCNN/1DCNNc4u8k20l8_e1k_lr18e3_pd8l2_true/data\\1DCNNc4u8k20l8_e1k_lr18e3_pd8l2_true_best_val_weights.h5",
  "loss": 0.015326994471251965,
  "val_loss": 0.013467954471707344,
  "mae": 0.0,
  "afmae": 1.694416880607605,
  "val_mae": 0.0,
  "val_afmae": 1.6945666074752808,
  "val_power_log_loss": 0.0,
  "power_log_loss": 0.0,
  "lr": 0.03999999910593033,
  "elapsed_time": 100.5502872467041,
  "remaining_time": 0.0,
  "expected_finish_time": "2026-04-13 17:22:20",
  "smoothed_speed": 49536.44410266928
}