{
  "project_name": "LSTMu16_e1k_puremae_r7",
  "generated_at": "2026-04-13T10:12:08.851526+08:00",
  "status": "complete",
  "calculation_standard": "ablation-study-v1",
  "sources": {
    "training_info": true,
    "compute_analysis": true,
    "model_info": true,
    "linear_response": true,
    "linearity_by_frequency": true,
    "config": true
  },
  "missing_sources": [],
  "missing_sections": [],
  "epochs": 1000,
  "min_loss": 0.0082459,
  "min_val_loss": 0.0081678,
  "train_loss": 0.008193239569664001,
  "val_loss": 0.00816777627915144,
  "train_mae": 0.008193240500986576,
  "train_afmae": 0.09743782132863998,
  "val_mae": 0.00816777627915144,
  "val_afmae": 0.09787771105766296,
  "weights_source": "best_val",
  "freq_drift_hz": 7.514473400002053,
  "sens_drift_percent": 25.81068973495097,
  "linearity_percent": 0.6044742470763602,
  "compute_cost": 3360.0,
  "total_params": 1441,
  "lr": 0.0007,
  "use_cosine_annealing": false,
  "metric_details": {
    "natural_frequency_drift": {
      "min": 27.383748615762535,
      "max": 36.06694958154661,
      "median": 34.89822201576459,
      "count": 25,
      "unit": "Hz",
      "method": "max(|max-median|, |median-min|) from fn_comped",
      "drift": 7.514473400002053
    },
    "sensitivity_drift": {
      "min": 40.58046235995275,
      "max": 68.24847650278893,
      "median": 66.39115209490372,
      "count": 25,
      "unit": "%",
      "method": "max(|max-median|, |median-min|) from interpolated sensitivity",
      "drift": 25.81068973495097,
      "frequency_hz": 100.0
    },
    "linearity": {
      "mean": 0.6044742470763602,
      "max": 2.281371369124696,
      "min": 0.10218583665377867,
      "count": 14,
      "unit": "%",
      "method": "mean(1 - R^2) across frequency points"
    },
    "natural_frequency_drift_origin": {
      "min": 34.24511188160566,
      "max": 93.39109038646993,
      "median": 58.89345106524416,
      "count": 25,
      "unit": "Hz",
      "method": "max(|max-median|, |median-min|) from fn_origin",
      "drift": 34.49763932122577
    },
    "sensitivity_drift_origin": {
      "min": 60.001934754356135,
      "max": 203.37127543336493,
      "median": 144.5628340451216,
      "count": 25,
      "unit": "%",
      "method": "max(|max-median|, |median-min|) from interpolated origin sensitivity",
      "drift": 84.56089929076546,
      "frequency_hz": 100.0
    },
    "linearity_origin": {
      "mean": 2.5499568401843997,
      "max": 6.418887454843169,
      "min": 0.359242046082775,
      "count": 14,
      "unit": "%",
      "method": "mean(1 - R^2) across frequency points"
    }
  },
  "compute_details": {
    "total_params": 1441,
    "additions": 1376,
    "multiplications": 1408,
    "maps": 96,
    "total_ops": 2880,
    "weighted_total": 3360.0,
    "weighted_additions": 1376.0,
    "weighted_multiplications": 1408.0,
    "weighted_maps": 576.0
  },
  "compute_cost_status": "complete",
  "compute_has_unsupported_layers": false,
  "compute_unsupported_layer_count": 0,
  "compute_unsupported_layers": [],
  "compute_unsupported_layer_details": [],
  "compute_cost_warning": null,
  "loss_function": "MAE",
  "loss_function_key": "mae",
  "loss_function_source": "config.use_power_loss",
  "display_metrics": {
    "Loss Function": "MAE",
    "TRAIN_MAE": 0.008193240500986576,
    "TRAIN_AFMAE": 0.09743782132863998,
    "VAL_MAE": 0.00816777627915144,
    "VAL_AFMAE": 0.09787771105766296,
    "Freq Drift (Hz)": 7.514473400002053,
    "Sens Drift (%)": 25.81068973495097,
    "Linearity (%)": 0.6044742470763602,
    "Compute Cost": 3360.0,
    "Total Params": 1441,
    "Epochs": 1000,
    "LR": 0.0007,
    "Cosine Annealing": false
  }
}