{
  "project_name": "LSTMu16_e1k_puremae_r7",
  "generated_at": "2026-04-09T23:48:48.813927+08:00",
  "status": "complete",
  "sources": {
    "training_info": true,
    "compute_analysis": true,
    "model_info": true,
    "linear_response": true
  },
  "missing_sources": [],
  "missing_sections": [],
  "epochs": 1000,
  "min_loss": 0.0082459,
  "min_val_loss": 0.0081678,
  "train_loss": 0.008193239569664001,
  "val_loss": 0.00816777627915144,
  "train_mae": 0.008193239569664001,
  "train_afmae": 0.008193239569664001,
  "val_mae": 0.00816777627915144,
  "val_afmae": 0.00816777627915144,
  "weights_source": null,
  "freq_drift_hz": 32.0,
  "sens_drift_percent": 29.281250361839735,
  "linearity_percent": 26.543433878195323,
  "compute_cost": 3360.0,
  "total_params": 1441,
  "display_metrics": {
    "TRAIN_MAE": 0.008193239569664001,
    "TRAIN_AFMAE": 0.008193239569664001,
    "VAL_MAE": 0.00816777627915144,
    "VAL_AFMAE": 0.00816777627915144,
    "Freq Drift (Hz)": 32.0,
    "Sens Drift (%)": 29.281250361839735,
    "Linearity (%)": 26.543433878195323,
    "Compute Cost": 3360.0,
    "Total Params": 1441,
    "Epochs": 1000
  }
}