{
  "completed_epoch": 1000,
  "min_loss": 0.008343098685145378,
  "min_val_loss": 0.00816777627915144,
  "current_epoch": 1000,
  "model_name": "LSTM",
  "training_alive": false,
  "timestamp": "20260410015257.4",
  "best_weights_file": "projects/01_LR_STUDY/LSTMu16_e1k_lr7e4_r7/data\\LSTMu16_e1k_lr7e4_r7_best_weights.h5",
  "best_val_weights_file": "projects/01_LR_STUDY/LSTMu16_e1k_lr7e4_r7/data\\LSTMu16_e1k_lr7e4_r7_best_val_weights.h5",
  "loss": 0.008245928213000298,
  "val_loss": 0.008227397687733173,
  "mae": 0.0,
  "afmae": 0.01247486937791109,
  "val_mae": 0.0,
  "val_afmae": 0.012502791360020638,
  "val_power_log_loss": 0.0,
  "power_log_loss": 0.0,
  "lr": 0.00139999995008111,
  "elapsed_time": 1527.239741563797,
  "remaining_time": 1.86240468597365,
  "expected_finish_time": "2026-04-05 00:20:24",
  "smoothed_speed": 1932.9848271499322
}