{
  "project_name": "1DCNNc4u8k20l8_e1k_lr2e3_pd4l2_true",
  "generated_at": "2026-04-13T17:28:36.676490+08:00",
  "status": "complete",
  "calculation_standard": "ablation-study-v1",
  "sources": {
    "training_info": true,
    "compute_analysis": true,
    "model_info": true,
    "linear_response": true,
    "linearity_by_frequency": true,
    "config": true
  },
  "missing_sources": [],
  "missing_sections": [],
  "epochs": 1000,
  "min_loss": 0.010577,
  "min_val_loss": 0.010401,
  "train_loss": 0.010399223305284977,
  "val_loss": 0.010400688275694847,
  "train_mae": 0.010399223305284977,
  "train_afmae": 0.09222470223903656,
  "val_mae": 0.010400688275694847,
  "val_afmae": 0.09430132061243057,
  "weights_source": "best_val",
  "freq_drift_hz": 6.120747872307117,
  "sens_drift_percent": 28.04003901243896,
  "linearity_percent": 0.9694368892566483,
  "compute_cost": 1664.0,
  "total_params": 793,
  "lr": 0.002,
  "use_cosine_annealing": false,
  "metric_details": {
    "natural_frequency_drift": {
      "min": 28.47944562137752,
      "max": 36.95123144339108,
      "median": 34.600193493684635,
      "count": 25,
      "unit": "Hz",
      "method": "max(|max-median|, |median-min|) from fn_comped",
      "drift": 6.120747872307117
    },
    "sensitivity_drift": {
      "min": 38.56340878439425,
      "max": 70.98623653314718,
      "median": 66.60344779683321,
      "count": 25,
      "unit": "%",
      "method": "max(|max-median|, |median-min|) from interpolated sensitivity",
      "drift": 28.04003901243896,
      "frequency_hz": 100.0
    },
    "linearity": {
      "mean": 0.9694368892566483,
      "max": 2.914153367586292,
      "min": 0.19772017540111708,
      "count": 14,
      "unit": "%",
      "method": "mean(1 - R^2) across frequency points"
    },
    "natural_frequency_drift_origin": {
      "min": 34.24511188160566,
      "max": 93.39109038646993,
      "median": 58.89345106524416,
      "count": 25,
      "unit": "Hz",
      "method": "max(|max-median|, |median-min|) from fn_origin",
      "drift": 34.49763932122577
    },
    "sensitivity_drift_origin": {
      "min": 60.001934754356135,
      "max": 203.37127543336493,
      "median": 144.5628340451216,
      "count": 25,
      "unit": "%",
      "method": "max(|max-median|, |median-min|) from interpolated origin sensitivity",
      "drift": 84.56089929076546,
      "frequency_hz": 100.0
    },
    "linearity_origin": {
      "mean": 2.5499568401843997,
      "max": 6.418887454843169,
      "min": 0.359242046082775,
      "count": 14,
      "unit": "%",
      "method": "mean(1 - R^2) across frequency points"
    }
  },
  "compute_details": {
    "total_params": 793,
    "additions": 772,
    "multiplications": 772,
    "maps": 20,
    "total_ops": 1564,
    "weighted_total": 1664.0,
    "weighted_additions": 772.0,
    "weighted_multiplications": 772.0,
    "weighted_maps": 120.0
  },
  "compute_cost_status": "complete",
  "compute_has_unsupported_layers": false,
  "compute_unsupported_layer_count": 0,
  "compute_unsupported_layers": [],
  "compute_unsupported_layer_details": [],
  "compute_cost_warning": null,
  "loss_function": "MAE",
  "loss_function_key": "mae",
  "loss_function_source": "config.use_power_loss",
  "display_metrics": {
    "Loss Function": "MAE",
    "TRAIN_MAE": 0.010399223305284977,
    "TRAIN_AFMAE": 0.09222470223903656,
    "VAL_MAE": 0.010400688275694847,
    "VAL_AFMAE": 0.09430132061243057,
    "Freq Drift (Hz)": 6.120747872307117,
    "Sens Drift (%)": 28.04003901243896,
    "Linearity (%)": 0.9694368892566483,
    "Compute Cost": 1664.0,
    "Total Params": 793,
    "Epochs": 1000,
    "LR": 0.002,
    "Cosine Annealing": false
  }
}