{
  "completed_epoch": 1000,
  "min_loss": 0.010576796717941761,
  "min_val_loss": 0.010400689207017422,
  "current_epoch": 1000,
  "model_name": "1DCNN",
  "training_alive": false,
  "timestamp": "20260413172830.3",
  "best_weights_file": "projects/05_1DCNN/1DCNNc4u8k20l8_e1k_lr2e3_pd4l2_true/data\\1DCNNc4u8k20l8_e1k_lr2e3_pd4l2_true_best_weights.h5",
  "best_val_weights_file": "projects/05_1DCNN/1DCNNc4u8k20l8_e1k_lr2e3_pd4l2_true/data\\1DCNNc4u8k20l8_e1k_lr2e3_pd4l2_true_best_val_weights.h5",
  "loss": 0.010620088316500187,
  "val_loss": 0.010814596898853779,
  "mae": 0.0,
  "afmae": 2.9336934089660645,
  "val_mae": 0.0,
  "val_afmae": 2.933171033859253,
  "val_power_log_loss": 0.0,
  "power_log_loss": 0.0,
  "lr": 0.004000000189989805,
  "elapsed_time": 108.18442988395691,
  "remaining_time": 0.0,
  "expected_finish_time": "2026-04-13 17:28:21",
  "smoothed_speed": 46709.77597539454
}