{
  "completed_epoch": 1000,
  "min_loss": 0.031062567606568336,
  "min_val_loss": 0.031689099967479706,
  "current_epoch": 1000,
  "model_name": "FRIKAN",
  "training_alive": false,
  "timestamp": "20260423225847.7",
  "best_weights_file": "projects/09_HPARAM_SENSITIVITY/FRIKANh3u6l6g8s2_e1k_lr7e4_axisH/data\\FRIKANh3u6l6g8s2_e1k_lr7e4_axisH_best_weights.h5",
  "best_val_weights_file": "projects/09_HPARAM_SENSITIVITY/FRIKANh3u6l6g8s2_e1k_lr7e4_axisH/data\\FRIKANh3u6l6g8s2_e1k_lr7e4_axisH_best_val_weights.h5",
  "loss": 0.031924378126859665,
  "val_loss": 0.03254426643252373,
  "mae": 0.0,
  "afmae": 1.995977759361267,
  "val_mae": 0.0,
  "val_afmae": 1.98805832862854,
  "val_power_log_loss": 0.06748643517494202,
  "power_log_loss": 0.06662620604038239,
  "lr": 0.00014000000373926014,
  "elapsed_time": 1922.753830909729,
  "remaining_time": 0.0,
  "expected_finish_time": "2026-04-23 22:58:47",
  "smoothed_speed": 1912.9479124356744
}