{
  "project_name": "LSTMu22_6",
  "generated_at": "2026-04-09T23:46:49.104063+08:00",
  "status": "complete",
  "sources": {
    "training_info": true,
    "compute_analysis": true,
    "model_info": true,
    "linear_response": true
  },
  "missing_sources": [],
  "missing_sections": [],
  "epochs": 30000,
  "min_loss": 0.010963,
  "min_val_loss": 0.018006,
  "train_loss": 0.15447761118412018,
  "val_loss": 0.15473471581935883,
  "train_mae": 0.04906751960515976,
  "train_afmae": 0.3517293632030487,
  "val_mae": 0.04882350564002991,
  "val_afmae": 0.35347938537597656,
  "weights_source": null,
  "freq_drift_hz": 32.0,
  "sens_drift_percent": 28.8559015454041,
  "linearity_percent": 16.841125495134225,
  "compute_cost": 5940.0,
  "total_params": 2641,
  "display_metrics": {
    "TRAIN_MAE": 0.04906751960515976,
    "TRAIN_AFMAE": 0.3517293632030487,
    "VAL_MAE": 0.04882350564002991,
    "VAL_AFMAE": 0.35347938537597656,
    "Freq Drift (Hz)": 32.0,
    "Sens Drift (%)": 28.8559015454041,
    "Linearity (%)": 16.841125495134225,
    "Compute Cost": 5940.0,
    "Total Params": 2641,
    "Epochs": 30000
  }
}