{
  "project_name": "LSTMu22_6",
  "generated_at": "2026-04-10T00:36:27.270156+08:00",
  "status": "complete",
  "calculation_standard": "ablation-study-v1",
  "sources": {
    "training_info": true,
    "compute_analysis": true,
    "model_info": true,
    "linear_response": true,
    "linearity_by_frequency": true
  },
  "missing_sources": [],
  "missing_sections": [],
  "epochs": 30000,
  "min_loss": 0.010963,
  "min_val_loss": 0.018006,
  "train_loss": 0.15447761118412018,
  "val_loss": 0.15473471581935883,
  "train_mae": 0.04906751960515976,
  "train_afmae": 0.3517293632030487,
  "val_mae": 0.04882350564002991,
  "val_afmae": 0.35347938537597656,
  "weights_source": null,
  "freq_drift_hz": 10.989286781436533,
  "sens_drift_percent": 26.22650922821999,
  "linearity_percent": 1.2229130031067317,
  "compute_cost": 5940.0,
  "total_params": 2641,
  "metric_details": {
    "natural_frequency_drift": {
      "min": 26.70836558559355,
      "max": 45.18510280396068,
      "median": 34.19581602252415,
      "count": 25,
      "unit": "Hz",
      "method": "max(|max-median|, |median-min|) from fn_comped",
      "drift": 10.989286781436533
    },
    "sensitivity_drift": {
      "min": 47.19591675325599,
      "max": 82.77954052055266,
      "median": 56.55303129233267,
      "count": 25,
      "unit": "%",
      "method": "max(|max-median|, |median-min|) from interpolated sensitivity",
      "drift": 26.22650922821999,
      "frequency_hz": 100.0
    },
    "linearity": {
      "mean": 1.2229130031067317,
      "max": 4.219690038750845,
      "min": 0.22459126952111275,
      "count": 14,
      "unit": "%",
      "method": "mean(1 - R^2) across frequency points"
    },
    "natural_frequency_drift_origin": {
      "min": 34.24511189190977,
      "max": 93.39109037552112,
      "median": 58.893451232916746,
      "count": 25,
      "unit": "Hz",
      "method": "max(|max-median|, |median-min|) from fn_origin",
      "drift": 34.49763914260437
    },
    "sensitivity_drift_origin": {
      "min": 60.00193475436049,
      "max": 203.37127543371568,
      "median": 144.56283404568921,
      "count": 25,
      "unit": "%",
      "method": "max(|max-median|, |median-min|) from interpolated origin sensitivity",
      "drift": 84.56089929132872,
      "frequency_hz": 100.0
    },
    "linearity_origin": {
      "mean": 2.549956840185786,
      "max": 6.418887454845679,
      "min": 0.3592420460827306,
      "count": 14,
      "unit": "%",
      "method": "mean(1 - R^2) across frequency points"
    }
  },
  "compute_details": {
    "total_params": 2641,
    "additions": 2552,
    "multiplications": 2596,
    "maps": 132,
    "total_ops": 5280,
    "weighted_total": 5940.0,
    "weighted_additions": 2552.0,
    "weighted_multiplications": 2596.0,
    "weighted_maps": 792.0
  },
  "display_metrics": {
    "TRAIN_MAE": 0.04906751960515976,
    "TRAIN_AFMAE": 0.3517293632030487,
    "VAL_MAE": 0.04882350564002991,
    "VAL_AFMAE": 0.35347938537597656,
    "Freq Drift (Hz)": 10.989286781436533,
    "Sens Drift (%)": 26.22650922821999,
    "Linearity (%)": 1.2229130031067317,
    "Compute Cost": 5940.0,
    "Total Params": 2641,
    "Epochs": 30000
  }
}