{
  "completed_epoch": 40000,
  "min_loss": 0.0020452241878956556,
  "min_val_loss": 0.0022782613523304462,
  "current_epoch": 0,
  "model_name": "WaveNet5",
  "training_alive": false,
  "timestamp": "20250707104625.2",
  "best_weights_file": "projects/WNET5_EFF2_C1/data\\WNET5_EFF2_C1_best_weights.h5",
  "best_val_weights_file": "projects/WNET5_EFF2_C1/data\\WNET5_EFF2_C1_best_val_weights.h5",
  "loss": 0.0020452241878956556,
  "val_loss": 0.0022782613523304462,
  "val_power_log_loss": 0.0028486610390245914,
  "power_log_loss": 0.001784861320629716,
  "lr": 0.00043280565296299756,
  "elapsed_time": 10968.49720454216,
  "remaining_time": 0.06685738764516079,
  "expected_finish_time": "2025-07-06 17:40:08",
  "smoothed_speed": 53845.956696762616
}