{
    "total_epochs": 40000,
    "min_loss": 0.0020452,
    "params@min_loss": {
        "epoch": 39554,
        "val_loss": 0.0022782,
        "power_log_loss": 0.0016381,
        "val_power_log_loss": 0.0026761
    },
    "min_val_loss": 0.0022615,
    "params@min_val_loss": {
        "epoch": 39841,
        "val_loss": 0.0022615,
        "power_log_loss": 0.0017382,
        "val_power_log_loss": 0.0026183
    },
    "min_power_log_loss": 0.0016379,
    "params@min_power_log_loss": {
        "epoch": 39582,
        "val_loss": 0.0022783,
        "power_log_loss": 0.0016379,
        "val_power_log_loss": 0.0026764
    },
    "min_val_power_log_loss": 0.0026177,
    "params@min_val_power_log_loss": {
        "epoch": 39876,
        "val_loss": 0.0022634,
        "power_log_loss": 0.0018166,
        "val_power_log_loss": 0.0026177
    },
    "learning_rate_max": 0.015,
    "learning_rate_min": 4.6355e-06,
    "learning_rate_mean": 0.0024220455057075
}