{
  "completed_epoch": 1000,
  "min_loss": 0.050405941903591156,
  "min_val_loss": 0.044457510113716125,
  "current_epoch": 1000,
  "model_name": "CNNKAN",
  "training_alive": false,
  "timestamp": "20260406122436.9",
  "best_weights_file": "projects/01_LR_STUDY/CNNKANh8u6l6_e1k_lr25e5_c8k3d05/data\\CNNKANh8u6l6_e1k_lr25e5_c8k3d05_best_weights.h5",
  "best_val_weights_file": "projects/01_LR_STUDY/CNNKANh8u6l6_e1k_lr25e5_c8k3d05/data\\CNNKANh8u6l6_e1k_lr25e5_c8k3d05_best_val_weights.h5",
  "loss": 0.054757505655288696,
  "val_loss": 0.046825386583805084,
  "mae": 0.0,
  "afmae": 1.9624037742614746,
  "val_mae": 0.0,
  "val_afmae": 1.9534941911697388,
  "val_power_log_loss": 0.06831023842096329,
  "power_log_loss": 0.07373499870300293,
  "lr": 4.999999873689376e-05,
  "elapsed_time": 2787.891482114792,
  "remaining_time": 2.749949903489589,
  "expected_finish_time": "2026-04-06 12:24:39",
  "smoothed_speed": 1309.114757120385
}