{
  "project_name": "RNNu16_e1k_puremae_r15_rlin",
  "generated_at": "2026-04-15T07:40:05.253824+08:00",
  "status": "complete",
  "calculation_standard": "ablation-study-v1",
  "sources": {
    "training_info": true,
    "compute_analysis": true,
    "model_info": true,
    "linear_response": true,
    "linearity_by_frequency": true,
    "config": true
  },
  "missing_sources": [],
  "missing_sections": [],
  "epochs": 1000,
  "min_loss": 0.011852,
  "min_val_loss": 0.011826,
  "train_loss": 0.011829429306089878,
  "val_loss": 0.011825907975435257,
  "train_mae": 0.011829429306089878,
  "train_afmae": 0.12529544532299042,
  "val_mae": 0.011825907975435257,
  "val_afmae": 0.12523622810840607,
  "weights_source": "best_val",
  "freq_drift_hz": 9.10437352556228,
  "sens_drift_percent": 32.66752585604494,
  "linearity_percent": 1.4387229796177332,
  "compute_cost": 1184.0,
  "total_params": 577,
  "lr": 0.0015,
  "use_cosine_annealing": false,
  "metric_details": {
    "natural_frequency_drift": {
      "min": 25.866888041839722,
      "max": 36.80785555914639,
      "median": 34.971261567402,
      "count": 25,
      "unit": "Hz",
      "method": "max(|max-median|, |median-min|) from fn_comped",
      "drift": 9.10437352556228
    },
    "sensitivity_drift": {
      "min": 33.43472553728849,
      "max": 71.6697027757068,
      "median": 66.10225139333343,
      "count": 25,
      "unit": "%",
      "method": "max(|max-median|, |median-min|) from interpolated sensitivity",
      "drift": 32.66752585604494,
      "frequency_hz": 100.0
    },
    "linearity": {
      "mean": 1.4387229796177332,
      "max": 3.8778652293493865,
      "min": 0.2967398043483005,
      "count": 14,
      "unit": "%",
      "method": "mean(1 - R^2) across frequency points"
    },
    "natural_frequency_drift_origin": {
      "min": 34.24511188160566,
      "max": 93.39109038646993,
      "median": 58.89345106524416,
      "count": 25,
      "unit": "Hz",
      "method": "max(|max-median|, |median-min|) from fn_origin",
      "drift": 34.49763932122577
    },
    "sensitivity_drift_origin": {
      "min": 60.001934754356135,
      "max": 203.37127543336493,
      "median": 144.5628340451216,
      "count": 25,
      "unit": "%",
      "method": "max(|max-median|, |median-min|) from interpolated origin sensitivity",
      "drift": 84.56089929076546,
      "frequency_hz": 100.0
    },
    "linearity_origin": {
      "mean": 2.5499568401843997,
      "max": 6.418887454843169,
      "min": 0.359242046082775,
      "count": 14,
      "unit": "%",
      "method": "mean(1 - R^2) across frequency points"
    }
  },
  "compute_details": {
    "total_params": 577,
    "additions": 544,
    "multiplications": 544,
    "maps": 16,
    "total_ops": 1104,
    "weighted_total": 1184.0,
    "weighted_additions": 544.0,
    "weighted_multiplications": 544.0,
    "weighted_maps": 96.0
  },
  "compute_cost_status": "complete",
  "compute_has_unsupported_layers": false,
  "compute_unsupported_layer_count": 0,
  "compute_unsupported_layers": [],
  "compute_unsupported_layer_details": [],
  "compute_cost_warning": null,
  "loss_function": "MAE",
  "loss_function_key": "mae",
  "loss_function_source": "config.use_power_loss",
  "display_metrics": {
    "Loss Function": "MAE",
    "TRAIN_MAE": 0.011829429306089878,
    "TRAIN_AFMAE": 0.12529544532299042,
    "VAL_MAE": 0.011825907975435257,
    "VAL_AFMAE": 0.12523622810840607,
    "Freq Drift (Hz)": 9.10437352556228,
    "Sens Drift (%)": 32.66752585604494,
    "Linearity (%)": 1.4387229796177332,
    "Compute Cost": 1184.0,
    "Total Params": 577,
    "Epochs": 1000,
    "LR": 0.0015,
    "Cosine Annealing": false
  }
}