{
  "completed_epoch": 1000,
  "min_loss": 0.011852867901325226,
  "min_val_loss": 0.011825908906757832,
  "current_epoch": 1000,
  "model_name": "RNN",
  "training_alive": false,
  "timestamp": "20260415073941.0",
  "best_weights_file": "projects/07_RNN/RNNu16_e1k_puremae_r15_rlin/data\\RNNu16_e1k_puremae_r15_rlin_best_weights.h5",
  "best_val_weights_file": "projects/07_RNN/RNNu16_e1k_puremae_r15_rlin/data\\RNNu16_e1k_puremae_r15_rlin_best_val_weights.h5",
  "loss": 0.011851625517010689,
  "val_loss": 0.011867196299135685,
  "mae": 0.0,
  "afmae": 1.0335376262664795,
  "val_mae": 0.0,
  "val_afmae": 1.0259099006652832,
  "val_power_log_loss": 0.0,
  "power_log_loss": 0.0,
  "lr": 0.003000000026077032,
  "elapsed_time": 11993.889719724655,
  "remaining_time": 0.0,
  "expected_finish_time": "2026-04-15 07:39:17",
  "smoothed_speed": 305.8389008445084
}