{
  "project_name": "FRIKANh8u6l6_e1k_lr1e4_randiir_trainable_trueiir_rawfast_mb16",
  "generated_at": "2026-04-20T11:12:38.975032+08:00",
  "status": "complete",
  "calculation_standard": "ablation-study-v1",
  "sources": {
    "training_info": true,
    "compute_analysis": true,
    "model_info": true,
    "linear_response": true,
    "linearity_by_frequency": true,
    "config": true
  },
  "missing_sources": [],
  "missing_sections": [],
  "epochs": 1000,
  "min_loss": 0.12004,
  "min_val_loss": 0.12673,
  "train_loss": 0.12707547843456268,
  "val_loss": 0.1267295628786087,
  "train_mae": 0.2642483711242676,
  "train_afmae": 0.08579784631729126,
  "val_mae": 0.26454976201057434,
  "val_afmae": 0.08402746915817261,
  "weights_source": "best_val",
  "freq_drift_hz": 4.872691626525292,
  "sens_drift_percent": 31.896610637786367,
  "linearity_percent": 3.5276838339257997,
  "compute_cost": 1710.0,
  "total_params": 2569,
  "lr": 0.0001,
  "use_cosine_annealing": false,
  "metric_details": {
    "natural_frequency_drift": {
      "min": 27.86779934958093,
      "max": 36.861854955675284,
      "median": 31.989163329149992,
      "count": 25,
      "unit": "Hz",
      "method": "max(|max-median|, |median-min|) from fn_comped",
      "drift": 4.872691626525292
    },
    "sensitivity_drift": {
      "min": 41.55750426441145,
      "max": 86.35455566289234,
      "median": 54.45794502510597,
      "count": 25,
      "unit": "%",
      "method": "max(|max-median|, |median-min|) from interpolated sensitivity",
      "drift": 31.896610637786367,
      "frequency_hz": 100.0
    },
    "linearity": {
      "mean": 3.5276838339257997,
      "max": 10.551334697862035,
      "min": 0.9693544138646759,
      "count": 14,
      "unit": "%",
      "method": "mean(1 - R^2) across frequency points"
    },
    "natural_frequency_drift_origin": {
      "min": 34.24511188160566,
      "max": 93.39109038646993,
      "median": 58.89345106524416,
      "count": 25,
      "unit": "Hz",
      "method": "max(|max-median|, |median-min|) from fn_origin",
      "drift": 34.49763932122577
    },
    "sensitivity_drift_origin": {
      "min": 60.001934754356135,
      "max": 203.37127543336493,
      "median": 144.5628340451216,
      "count": 25,
      "unit": "%",
      "method": "max(|max-median|, |median-min|) from interpolated origin sensitivity",
      "drift": 84.56089929076546,
      "frequency_hz": 100.0
    },
    "linearity_origin": {
      "mean": 2.5499568401843997,
      "max": 6.418887454843169,
      "min": 0.359242046082775,
      "count": 14,
      "unit": "%",
      "method": "mean(1 - R^2) across frequency points"
    }
  },
  "compute_details": {
    "total_params": 2569,
    "additions": 266,
    "multiplications": 40,
    "maps": 234,
    "total_ops": 540,
    "weighted_total": 1710.0,
    "weighted_additions": 266.0,
    "weighted_multiplications": 40.0,
    "weighted_maps": 1404.0
  },
  "compute_cost_status": "complete",
  "compute_has_unsupported_layers": false,
  "compute_unsupported_layer_count": 0,
  "compute_unsupported_layers": [],
  "compute_unsupported_layer_details": [],
  "compute_cost_warning": null,
  "loss_function": "MAE+AFMAE",
  "loss_function_key": "power_log_mae",
  "loss_function_source": "config.use_power_loss",
  "display_metrics": {
    "Loss Function": "MAE+AFMAE",
    "TRAIN_MAE": 0.2642483711242676,
    "TRAIN_AFMAE": 0.08579784631729126,
    "VAL_MAE": 0.26454976201057434,
    "VAL_AFMAE": 0.08402746915817261,
    "Freq Drift (Hz)": 4.872691626525292,
    "Sens Drift (%)": 31.896610637786367,
    "Linearity (%)": 3.5276838339257997,
    "Compute Cost": 1710.0,
    "Total Params": 2569,
    "Epochs": 1000,
    "LR": 0.0001,
    "Cosine Annealing": false
  }
}