{
  "completed_epoch": 150,
  "min_loss": 0.20487673580646515,
  "min_val_loss": 0.21294987201690674,
  "current_epoch": 150,
  "model_name": "FRIKAN",
  "training_alive": true,
  "timestamp": "20260419154759.1",
  "best_weights_file": "projects/08_IIR_AB/FRIKANh8u6l6_e1k_lr1e4_randiir_trainable_trueiir_rawfast_mb16/data\\FRIKANh8u6l6_e1k_lr1e4_randiir_trainable_trueiir_rawfast_mb16_best_weights.h5",
  "best_val_weights_file": "projects/08_IIR_AB/FRIKANh8u6l6_e1k_lr1e4_randiir_trainable_trueiir_rawfast_mb16/data\\FRIKANh8u6l6_e1k_lr1e4_randiir_trainable_trueiir_rawfast_mb16_best_val_weights.h5",
  "loss": 0.2031046450138092,
  "val_loss": 0.21192075312137604,
  "mae": 0.0,
  "afmae": 1.9038138389587402,
  "val_mae": 0.0,
  "val_afmae": 1.892411470413208,
  "val_power_log_loss": 0.3098118305206299,
  "power_log_loss": 0.27626311779022217,
  "lr": 1.9999999494757503e-05,
  "elapsed_time": 11381.890309333801,
  "remaining_time": 62131.29337678287,
  "expected_finish_time": "2026-04-20 09:03:30",
  "smoothed_speed": 49.250544028485585
}