{
  "completed_epoch": 1000,
  "min_loss": 0.1200442686676979,
  "min_val_loss": 0.12672953307628632,
  "current_epoch": 1000,
  "model_name": "FRIKAN",
  "training_alive": false,
  "timestamp": "20260420111151.6",
  "best_weights_file": "projects/08_IIR_AB/FRIKANh8u6l6_e1k_lr1e4_randiir_trainable_trueiir_rawfast_mb16/data\\FRIKANh8u6l6_e1k_lr1e4_randiir_trainable_trueiir_rawfast_mb16_best_weights.h5",
  "best_val_weights_file": "projects/08_IIR_AB/FRIKANh8u6l6_e1k_lr1e4_randiir_trainable_trueiir_rawfast_mb16/data\\FRIKANh8u6l6_e1k_lr1e4_randiir_trainable_trueiir_rawfast_mb16_best_val_weights.h5",
  "loss": 0.12048344314098358,
  "val_loss": 0.12698321044445038,
  "mae": 0.0,
  "afmae": 0.19651882350444794,
  "val_mae": 0.0,
  "val_afmae": 0.20042462646961212,
  "val_power_log_loss": 0.08700911700725555,
  "power_log_loss": 0.04155915975570679,
  "lr": 1.9999999494757503e-05,
  "elapsed_time": 62485.9602971077,
  "remaining_time": 0.0,
  "expected_finish_time": "2026-04-20 11:11:15",
  "smoothed_speed": 48.37096332552659
}