{
  "completed_epoch": 1000,
  "min_loss": 0.04653465375304222,
  "min_val_loss": 0.0459786020219326,
  "current_epoch": 1000,
  "model_name": "CNNKAN",
  "training_alive": false,
  "timestamp": "20260406135040.5",
  "best_weights_file": "projects/01_LR_STUDY/CNNKANh8u6l6_e1k_lr25e5_c8k3d00/data\\CNNKANh8u6l6_e1k_lr25e5_c8k3d00_best_weights.h5",
  "best_val_weights_file": "projects/01_LR_STUDY/CNNKANh8u6l6_e1k_lr25e5_c8k3d00/data\\CNNKANh8u6l6_e1k_lr25e5_c8k3d00_best_val_weights.h5",
  "loss": 0.04789397120475769,
  "val_loss": 0.05603194236755371,
  "mae": 0.0,
  "afmae": 2.1228911876678467,
  "val_mae": 0.0,
  "val_afmae": 2.119307279586792,
  "val_power_log_loss": 0.08250480890274048,
  "power_log_loss": 0.05457276105880737,
  "lr": 4.999999873689376e-05,
  "elapsed_time": 2822.0950269699097,
  "remaining_time": 2.814281670092749,
  "expected_finish_time": "2026-04-06 13:50:43",
  "smoothed_speed": 1279.1896554836874
}