{
  "project_name": "FRIKANh8u6l6_e1k_lr7e4",
  "generated_at": "2026-04-09T23:48:48.528824+08:00",
  "status": "complete",
  "sources": {
    "training_info": true,
    "compute_analysis": true,
    "model_info": true,
    "linear_response": true
  },
  "missing_sources": [],
  "missing_sections": [],
  "epochs": 1000,
  "min_loss": 0.022959,
  "min_val_loss": 0.024388,
  "train_loss": 0.02297239378094673,
  "val_loss": 0.024387400597333908,
  "train_mae": 0.02199733816087246,
  "train_afmae": 0.03147532790899277,
  "val_mae": 0.022468162700533867,
  "val_afmae": 0.03790934011340141,
  "weights_source": null,
  "freq_drift_hz": 32.0,
  "sens_drift_percent": 28.775630998944052,
  "linearity_percent": 28.692326505684107,
  "compute_cost": 1710.0,
  "total_params": 2569,
  "display_metrics": {
    "TRAIN_MAE": 0.02199733816087246,
    "TRAIN_AFMAE": 0.03147532790899277,
    "VAL_MAE": 0.022468162700533867,
    "VAL_AFMAE": 0.03790934011340141,
    "Freq Drift (Hz)": 32.0,
    "Sens Drift (%)": 28.775630998944052,
    "Linearity (%)": 28.692326505684107,
    "Compute Cost": 1710.0,
    "Total Params": 2569,
    "Epochs": 1000
  }
}