{
  "project_name": "FRIKANh8u6l6_e1k_lr7e4",
  "generated_at": "2026-04-10T12:56:21.610607+08:00",
  "status": "complete",
  "calculation_standard": "ablation-study-v1",
  "sources": {
    "training_info": true,
    "compute_analysis": true,
    "model_info": true,
    "linear_response": true,
    "linearity_by_frequency": true,
    "config": true
  },
  "missing_sources": [],
  "missing_sections": [],
  "epochs": 1000,
  "min_loss": 0.022959,
  "min_val_loss": 0.024388,
  "train_loss": 0.02297239378094673,
  "val_loss": 0.024387400597333908,
  "train_mae": 0.02199733816087246,
  "train_afmae": 0.03147532790899277,
  "val_mae": 0.022468162700533867,
  "val_afmae": 0.03790934011340141,
  "weights_source": null,
  "freq_drift_hz": 2.336609809298018,
  "sens_drift_percent": 9.092433253722085,
  "linearity_percent": 0.8901915453417206,
  "compute_cost": 1710.0,
  "total_params": 2569,
  "lr": 0.0007,
  "use_cosine_annealing": false,
  "metric_details": {
    "natural_frequency_drift": {
      "min": 30.750621675155834,
      "max": 34.50759680055925,
      "median": 33.08723148445385,
      "count": 25,
      "unit": "Hz",
      "method": "max(|max-median|, |median-min|) from fn_comped",
      "drift": 2.336609809298018
    },
    "sensitivity_drift": {
      "min": 52.16228377006349,
      "max": 67.64889934855479,
      "median": 61.254717023785574,
      "count": 25,
      "unit": "%",
      "method": "max(|max-median|, |median-min|) from interpolated sensitivity",
      "drift": 9.092433253722085,
      "frequency_hz": 100.0
    },
    "linearity": {
      "mean": 0.8901915453417206,
      "max": 3.8631908324797237,
      "min": 0.10629528112641173,
      "count": 14,
      "unit": "%",
      "method": "mean(1 - R^2) across frequency points"
    },
    "natural_frequency_drift_origin": {
      "min": 34.24511189190977,
      "max": 93.39109037552112,
      "median": 58.893451232916746,
      "count": 25,
      "unit": "Hz",
      "method": "max(|max-median|, |median-min|) from fn_origin",
      "drift": 34.49763914260437
    },
    "sensitivity_drift_origin": {
      "min": 60.00193475436049,
      "max": 203.37127543371568,
      "median": 144.56283404568921,
      "count": 25,
      "unit": "%",
      "method": "max(|max-median|, |median-min|) from interpolated origin sensitivity",
      "drift": 84.56089929132872,
      "frequency_hz": 100.0
    },
    "linearity_origin": {
      "mean": 2.549956840185786,
      "max": 6.418887454845679,
      "min": 0.3592420460827306,
      "count": 14,
      "unit": "%",
      "method": "mean(1 - R^2) across frequency points"
    }
  },
  "compute_details": {
    "total_params": 2569,
    "additions": 266,
    "multiplications": 40,
    "maps": 234,
    "total_ops": 540,
    "weighted_total": 1710.0,
    "weighted_additions": 266.0,
    "weighted_multiplications": 40.0,
    "weighted_maps": 1404.0
  },
  "display_metrics": {
    "TRAIN_MAE": 0.02199733816087246,
    "TRAIN_AFMAE": 0.03147532790899277,
    "VAL_MAE": 0.022468162700533867,
    "VAL_AFMAE": 0.03790934011340141,
    "Freq Drift (Hz)": 2.336609809298018,
    "Sens Drift (%)": 9.092433253722085,
    "Linearity (%)": 0.8901915453417206,
    "Compute Cost": 1710.0,
    "Total Params": 2569,
    "Epochs": 1000,
    "LR": 0.0007,
    "Cosine Annealing": false
  }
}