{
    "total_epochs": 1000,
    "min_loss": 0.022959,
    "params@min_loss": {
        "epoch": 963,
        "val_loss": 0.024969,
        "mae": 0.0,
        "val_mae": 0.0,
        "power_log_loss": 0.031611,
        "val_power_log_loss": 0.04057
    },
    "min_val_loss": 0.024388,
    "params@min_val_loss": {
        "epoch": 957,
        "val_loss": 0.024388,
        "mae": 0.0,
        "val_mae": 0.0,
        "power_log_loss": 0.032023,
        "val_power_log_loss": 0.03791
    },
    "min_mae": 0.0,
    "params@min_mae": {
        "epoch": 1,
        "val_loss": 1.6383,
        "mae": 0.0,
        "val_mae": 0.0,
        "power_log_loss": 1.9429,
        "val_power_log_loss": 1.8849
    },
    "min_val_mae": 0.0,
    "params@min_val_mae": {
        "epoch": 1,
        "val_loss": 1.6383,
        "mae": 0.0,
        "val_mae": 0.0,
        "power_log_loss": 1.9429,
        "val_power_log_loss": 1.8849
    },
    "min_power_log_loss": 0.031316,
    "params@min_power_log_loss": {
        "epoch": 929,
        "val_loss": 0.024543,
        "mae": 0.0,
        "val_mae": 0.0,
        "power_log_loss": 0.031316,
        "val_power_log_loss": 0.038049
    },
    "min_val_power_log_loss": 0.037771,
    "params@min_val_power_log_loss": {
        "epoch": 861,
        "val_loss": 0.024738,
        "mae": 0.0,
        "val_mae": 0.0,
        "power_log_loss": 0.033439,
        "val_power_log_loss": 0.037771
    },
    "learning_rate_max": 0.00014,
    "learning_rate_min": 0.00014,
    "learning_rate_mean": 0.00013999999999999996,
    "evaluation_metrics": {
        "weights_source": "best_val",
        "train_loss": 0.022972386330366135,
        "val_loss": 0.024387557059526443,
        "train_mae": 0.021997440606355667,
        "train_afmae": 0.031475137919187546,
        "val_mae": 0.02246820367872715,
        "val_afmae": 0.037909869104623795
    }
}