{
  "completed_epoch": 1000,
  "min_loss": 0.022958986461162567,
  "min_val_loss": 0.024387555196881294,
  "current_epoch": 1000,
  "model_name": "FRIKAN",
  "training_alive": false,
  "timestamp": "20260403190908.6",
  "best_weights_file": "projects/01_EPOCH1000/FRIKANh8u6l6_e1k_lr7e4/data\\FRIKANh8u6l6_e1k_lr7e4_best_weights.h5",
  "best_val_weights_file": "projects/01_EPOCH1000/FRIKANh8u6l6_e1k_lr7e4/data\\FRIKANh8u6l6_e1k_lr7e4_best_val_weights.h5",
  "loss": 0.023197827860713005,
  "val_loss": 0.02548944391310215,
  "mae": 0.0,
  "afmae": 1.979040503501892,
  "val_mae": 0.0,
  "val_afmae": 1.9682773351669312,
  "val_power_log_loss": 0.0440240278840065,
  "power_log_loss": 0.03385310620069504,
  "lr": 0.00014000000373926014,
  "elapsed_time": 2088.1973190307617,
  "remaining_time": 2.06276871365439,
  "expected_finish_time": "2026-04-03 17:25:55",
  "smoothed_speed": 1745.2271678206034
}