{
  "completed_epoch": 1000,
  "min_loss": 0.030008086934685707,
  "min_val_loss": 0.029802000150084496,
  "current_epoch": 1000,
  "model_name": "FRIMLP",
  "training_alive": false,
  "timestamp": "20260411135235.8",
  "best_weights_file": "projects/04_FRIMLP/FRIMLPh8u6l6_e1k_lr2e3_mlp18l7_tanh_d00/data\\FRIMLPh8u6l6_e1k_lr2e3_mlp18l7_tanh_d00_best_weights.h5",
  "best_val_weights_file": "projects/04_FRIMLP/FRIMLPh8u6l6_e1k_lr2e3_mlp18l7_tanh_d00/data\\FRIMLPh8u6l6_e1k_lr2e3_mlp18l7_tanh_d00_best_val_weights.h5",
  "loss": 0.030068740248680115,
  "val_loss": 0.029769526794552803,
  "mae": 0.0,
  "afmae": 0.5759503841400146,
  "val_mae": 0.0,
  "val_afmae": 0.574910044670105,
  "val_power_log_loss": 0.0710408091545105,
  "power_log_loss": 0.07311413437128067,
  "lr": 0.00039999998989515007,
  "elapsed_time": 157.96714234352112,
  "remaining_time": 0.0,
  "expected_finish_time": "2026-04-11 13:51:57",
  "smoothed_speed": 31392.97821462204
}