{
    "total_epochs": 1000,
    "min_loss": 0.030008,
    "params@min_loss": {
        "epoch": 992,
        "val_loss": 0.02981,
        "mae": 0.0,
        "val_mae": 0.0,
        "power_log_loss": 0.072671,
        "val_power_log_loss": 0.07139
    },
    "min_val_loss": 0.02977,
    "params@min_val_loss": {
        "epoch": 1000,
        "val_loss": 0.02977,
        "mae": 0.0,
        "val_mae": 0.0,
        "power_log_loss": 0.073114,
        "val_power_log_loss": 0.071041
    },
    "min_mae": 0.0,
    "params@min_mae": {
        "epoch": 1,
        "val_loss": 0.15603,
        "mae": 0.0,
        "val_mae": 0.0,
        "power_log_loss": 0.4978,
        "val_power_log_loss": 0.27549
    },
    "min_val_mae": 0.0,
    "params@min_val_mae": {
        "epoch": 1,
        "val_loss": 0.15603,
        "mae": 0.0,
        "val_mae": 0.0,
        "power_log_loss": 0.4978,
        "val_power_log_loss": 0.27549
    },
    "min_power_log_loss": 0.07238,
    "params@min_power_log_loss": {
        "epoch": 993,
        "val_loss": 0.029915,
        "mae": 0.0,
        "val_mae": 0.0,
        "power_log_loss": 0.07238,
        "val_power_log_loss": 0.071122
    },
    "min_val_power_log_loss": 0.071041,
    "params@min_val_power_log_loss": {
        "epoch": 1000,
        "val_loss": 0.02977,
        "mae": 0.0,
        "val_mae": 0.0,
        "power_log_loss": 0.073114,
        "val_power_log_loss": 0.071041
    },
    "learning_rate_max": 0.0004,
    "learning_rate_min": 0.0004,
    "learning_rate_mean": 0.00040000000000000013,
    "evaluation_metrics": {
        "weights_source": "best_val",
        "train_loss": 0.029327234253287315,
        "val_loss": 0.029769526794552803,
        "train_mae": 0.020899329334497452,
        "train_afmae": 0.06965690851211548,
        "val_mae": 0.02108335867524147,
        "val_afmae": 0.0710408166050911
    }
}