{
  "trajectories": {
    "Origin": {
      "magnitudes": [
        0.24,
        0.48,
        0.72,
        0.96,
        1.2,
        1.44,
        1.68,
        1.92,
        2.16,
        2.4,
        2.64,
        2.88,
        3.12,
        3.36,
        3.5999999999999996,
        3.84,
        4.08,
        4.32,
        4.56,
        4.8,
        5.04,
        5.28,
        5.52,
        5.76,
        6.0
      ],
      "natural_frequency_hz": [
        36.92065115965499,
        34.24511188160566,
        34.5815566072373,
        36.11799874936167,
        38.08551128106203,
        40.24993026671225,
        42.42227275272237,
        45.638537020281774,
        47.86271839542095,
        50.648916036920205,
        53.37875305709333,
        55.9367081534379,
        58.89345106524416,
        61.84538491801842,
        64.33764289458634,
        67.58390115395032,
        70.71434471174612,
        74.08327314712798,
        77.88583557312462,
        80.46078493326202,
        84.33175856752062,
        84.62701878035027,
        87.17412435437979,
        89.98210631655168,
        93.39109038646993
      ],
      "sensitivity_100hz": [
        60.001934754356135,
        62.43046307142599,
        63.19116690204649,
        73.33697913394386,
        82.2632338804354,
        81.36365083995372,
        90.85937572030895,
        109.1420725578023,
        115.61313354568686,
        125.06889081044574,
        127.30990958706218,
        135.3350126306657,
        144.5628340451216,
        148.3270742735934,
        147.87253259484496,
        159.22266726489565,
        167.3500317788928,
        173.78301964994762,
        179.88912197527375,
        183.24479569024112,
        190.42686105893497,
        191.52253347248256,
        196.21349571778907,
        199.67363549319433,
        203.37127543336493
      ]
    },
    "Wiener-KAN": {
      "magnitudes": [
        0.24,
        0.48,
        0.72,
        0.96,
        1.2,
        1.44,
        1.68,
        1.92,
        2.16,
        2.4,
        2.64,
        2.88,
        3.12,
        3.36,
        3.5999999999999996,
        3.84,
        4.08,
        4.32,
        4.56,
        4.8,
        5.04,
        5.28,
        5.52,
        5.76,
        6.0
      ],
      "natural_frequency_hz": [
        34.4104289766963,
        34.11753072205802,
        33.053140105771,
        31.98104447769984,
        31.524097591442356,
        31.271385365553925,
        30.750606868615943,
        32.2249687127855,
        33.03978058887413,
        32.673567062958014,
        32.91478489472659,
        33.45393065603007,
        32.91298464745596,
        32.530333959018876,
        32.815224482604314,
        33.40794581090244,
        33.57512505164716,
        33.0871724885931,
        33.58952250137929,
        33.95297659373492,
        34.24963597210828,
        34.23240291133898,
        34.5075935645853,
        34.33855271597186,
        34.48187337948206
      ],
      "sensitivity_100hz": [
        65.9569818661747,
        63.419814943620175,
        55.13905245826371,
        56.847095307266684,
        55.23625838413016,
        53.538668763065566,
        52.162163907568385,
        55.59470544602568,
        54.98365221890422,
        57.8967950451424,
        56.23496525472196,
        58.957349290485496,
        61.25473153693778,
        61.3286632958181,
        61.89490994783266,
        64.25636676801723,
        63.98081173297565,
        60.41607221713361,
        60.62034849901248,
        62.95810209274728,
        66.3224418818826,
        65.96595555710378,
        67.64895013730865,
        63.978559922086944,
        66.3792092052559
      ]
    }
  }
}