{
  "project_name": "FRIKANh8u6l6_e1k_lr14e5_randiir_trainable",
  "generated_at": "2026-04-19T09:01:15.965459+08:00",
  "status": "complete",
  "calculation_standard": "ablation-study-v1",
  "sources": {
    "training_info": true,
    "compute_analysis": true,
    "model_info": true,
    "linear_response": true,
    "linearity_by_frequency": true,
    "config": true
  },
  "missing_sources": [],
  "missing_sections": [],
  "epochs": 1000,
  "min_loss": 0.21745,
  "min_val_loss": 0.2246,
  "train_loss": 0.21739107370376587,
  "val_loss": 0.2245994508266449,
  "train_mae": 0.25290393829345703,
  "train_afmae": 0.26265087723731995,
  "val_mae": 0.2528771162033081,
  "val_afmae": 0.28456801176071167,
  "weights_source": "best_val",
  "freq_drift_hz": 793343.6897085733,
  "sens_drift_percent": 311.4391231625352,
  "linearity_percent": 15.009386493527153,
  "compute_cost": 1710.0,
  "total_params": 2569,
  "lr": 0.00014,
  "use_cosine_annealing": false,
  "metric_details": {
    "natural_frequency_drift": {
      "min": 22.359735917593735,
      "max": 793372.5133838567,
      "median": 28.823675283451383,
      "count": 25,
      "unit": "Hz",
      "method": "max(|max-median|, |median-min|) from fn_comped",
      "drift": 793343.6897085733
    },
    "sensitivity_drift": {
      "min": 22.251653773678157,
      "max": 355.36598830314375,
      "median": 43.92686514060855,
      "count": 25,
      "unit": "%",
      "method": "max(|max-median|, |median-min|) from interpolated sensitivity",
      "drift": 311.4391231625352,
      "frequency_hz": 100.0
    },
    "linearity": {
      "mean": 15.009386493527153,
      "max": 92.46614661236777,
      "min": 0.9182444376445109,
      "count": 14,
      "unit": "%",
      "method": "mean(1 - R^2) across frequency points"
    },
    "natural_frequency_drift_origin": {
      "min": 34.24511188160566,
      "max": 93.39109038646993,
      "median": 58.89345106524416,
      "count": 25,
      "unit": "Hz",
      "method": "max(|max-median|, |median-min|) from fn_origin",
      "drift": 34.49763932122577
    },
    "sensitivity_drift_origin": {
      "min": 60.001934754356135,
      "max": 203.37127543336493,
      "median": 144.5628340451216,
      "count": 25,
      "unit": "%",
      "method": "max(|max-median|, |median-min|) from interpolated origin sensitivity",
      "drift": 84.56089929076546,
      "frequency_hz": 100.0
    },
    "linearity_origin": {
      "mean": 2.5499568401843997,
      "max": 6.418887454843169,
      "min": 0.359242046082775,
      "count": 14,
      "unit": "%",
      "method": "mean(1 - R^2) across frequency points"
    }
  },
  "compute_details": {
    "total_params": 2569,
    "additions": 266,
    "multiplications": 40,
    "maps": 234,
    "total_ops": 540,
    "weighted_total": 1710.0,
    "weighted_additions": 266.0,
    "weighted_multiplications": 40.0,
    "weighted_maps": 1404.0
  },
  "compute_cost_status": "complete",
  "compute_has_unsupported_layers": false,
  "compute_unsupported_layer_count": 0,
  "compute_unsupported_layers": [],
  "compute_unsupported_layer_details": [],
  "compute_cost_warning": null,
  "loss_function": "MAE+AFMAE",
  "loss_function_key": "power_log_mae",
  "loss_function_source": "config.use_power_loss",
  "display_metrics": {
    "Loss Function": "MAE+AFMAE",
    "TRAIN_MAE": 0.25290393829345703,
    "TRAIN_AFMAE": 0.26265087723731995,
    "VAL_MAE": 0.2528771162033081,
    "VAL_AFMAE": 0.28456801176071167,
    "Freq Drift (Hz)": 793343.6897085733,
    "Sens Drift (%)": 311.4391231625352,
    "Linearity (%)": 15.009386493527153,
    "Compute Cost": 1710.0,
    "Total Params": 2569,
    "Epochs": 1000,
    "LR": 0.00014,
    "Cosine Annealing": false
  }
}