{
  "completed_epoch": 1000,
  "min_loss": 0.21779976785182953,
  "min_val_loss": 0.2248573750257492,
  "current_epoch": 1000,
  "model_name": "FRIKAN",
  "training_alive": false,
  "timestamp": "20260419090058.3",
  "best_weights_file": "projects/08_IIR_AB/FRIKANh8u6l6_e1k_lr14e5_randiir_trainable/data\\FRIKANh8u6l6_e1k_lr14e5_randiir_trainable_best_weights.h5",
  "best_val_weights_file": "projects/08_IIR_AB/FRIKANh8u6l6_e1k_lr14e5_randiir_trainable/data\\FRIKANh8u6l6_e1k_lr14e5_randiir_trainable_best_val_weights.h5",
  "loss": 0.21745270490646362,
  "val_loss": 0.2245994508266449,
  "mae": 0.0,
  "afmae": 2.0502147674560547,
  "val_mae": 0.0,
  "val_afmae": 2.043825387954712,
  "val_power_log_loss": 0.28456801176071167,
  "power_log_loss": 0.26102060079574585,
  "lr": 2.8000000384054147e-05,
  "elapsed_time": 2152.9048097133636,
  "remaining_time": 0.0,
  "expected_finish_time": "2026-04-19 09:00:40",
  "smoothed_speed": 1786.3449480776292
}