{
    "total_epochs": 1000,
    "min_loss": 0.025308,
    "params@min_loss": {
        "epoch": 991,
        "val_loss": 0.026913,
        "mae": 0.0,
        "val_mae": 0.0,
        "power_log_loss": 0.041484,
        "val_power_log_loss": 0.049683
    },
    "min_val_loss": 0.026594,
    "params@min_val_loss": {
        "epoch": 994,
        "val_loss": 0.026594,
        "mae": 0.0,
        "val_mae": 0.0,
        "power_log_loss": 0.042484,
        "val_power_log_loss": 0.047654
    },
    "min_mae": 0.0,
    "params@min_mae": {
        "epoch": 1,
        "val_loss": 1.6302,
        "mae": 0.0,
        "val_mae": 0.0,
        "power_log_loss": 1.8794,
        "val_power_log_loss": 1.8285
    },
    "min_val_mae": 0.0,
    "params@min_val_mae": {
        "epoch": 1,
        "val_loss": 1.6302,
        "mae": 0.0,
        "val_mae": 0.0,
        "power_log_loss": 1.8794,
        "val_power_log_loss": 1.8285
    },
    "min_power_log_loss": 0.040891,
    "params@min_power_log_loss": {
        "epoch": 867,
        "val_loss": 0.027134,
        "mae": 0.0,
        "val_mae": 0.0,
        "power_log_loss": 0.040891,
        "val_power_log_loss": 0.048243
    },
    "min_val_power_log_loss": 0.047469,
    "params@min_val_power_log_loss": {
        "epoch": 866,
        "val_loss": 0.027004,
        "mae": 0.0,
        "val_mae": 0.0,
        "power_log_loss": 0.041481,
        "val_power_log_loss": 0.047469
    },
    "learning_rate_max": 0.00014,
    "learning_rate_min": 0.00014,
    "learning_rate_mean": 0.00013999999999999996,
    "evaluation_metrics": {
        "weights_source": "best_val",
        "train_loss": 0.024972597137093544,
        "val_loss": 0.02659442275762558,
        "train_mae": 0.020362533628940582,
        "train_afmae": 0.04043057560920715,
        "val_mae": 0.02074921876192093,
        "val_afmae": 0.04765382409095764
    }
}