{
  "completed_epoch": 1000,
  "min_loss": 0.02530779503285885,
  "min_val_loss": 0.02659442275762558,
  "current_epoch": 1000,
  "model_name": "FRIKAN",
  "training_alive": false,
  "timestamp": "20260424080505.2",
  "best_weights_file": "projects/09_HPARAM_SENSITIVITY/FRIKANh8u6l4g8s2_e1k_lr7e4_axisL/data\\FRIKANh8u6l4g8s2_e1k_lr7e4_axisL_best_weights.h5",
  "best_val_weights_file": "projects/09_HPARAM_SENSITIVITY/FRIKANh8u6l4g8s2_e1k_lr7e4_axisL/data\\FRIKANh8u6l4g8s2_e1k_lr7e4_axisL_best_val_weights.h5",
  "loss": 0.026970528066158295,
  "val_loss": 0.027631018310785294,
  "mae": 0.0,
  "afmae": 0.053186360746622086,
  "val_mae": 0.0,
  "val_afmae": 0.05823499336838722,
  "val_power_log_loss": 0.05359148979187012,
  "power_log_loss": 0.04846058040857315,
  "lr": 0.00014000000373926014,
  "elapsed_time": 1036.8729836940765,
  "remaining_time": 0.0,
  "expected_finish_time": "2026-04-24 08:05:05",
  "smoothed_speed": 2261.0308456523717
}