{
  "completed_epoch": 0,
  "min_loss": 1.0062713623046875,
  "min_val_loss": 1.0167889595031738,
  "current_epoch": 0,
  "model_name": "FRIKAN",
  "training_alive": true,
  "timestamp": "20260403093957.5",
  "best_weights_file": "projects\\01_EPOCH1000\\FRIKANh8u6l6_nosym_stablelr/data\\projects\\01_EPOCH1000\\FRIKANh8u6l6_nosym_stablelr_best_weights.h5",
  "best_val_weights_file": "projects\\01_EPOCH1000\\FRIKANh8u6l6_nosym_stablelr/data\\projects\\01_EPOCH1000\\FRIKANh8u6l6_nosym_stablelr_best_val_weights.h5",
  "loss": 1.0062713623046875,
  "val_loss": 1.0167889595031738,
  "mae": 0.3607078492641449,
  "afmae": 1.6207427978515625,
  "val_mae": 0.3605199456214905,
  "val_afmae": 1.6098982095718384
}