{
    "total_epochs": 30000,
    "min_loss": 0.0024025,
    "params@min_loss": {
        "epoch": 29943,
        "val_loss": 0.0026314,
        "power_log_loss": 0.0031691,
        "val_power_log_loss": 0.0042408
    },
    "min_val_loss": 0.0026268,
    "params@min_val_loss": {
        "epoch": 29409,
        "val_loss": 0.0026268,
        "power_log_loss": 0.0036189,
        "val_power_log_loss": 0.0042275
    },
    "min_power_log_loss": 0.0031687,
    "params@min_power_log_loss": {
        "epoch": 29979,
        "val_loss": 0.0026315,
        "power_log_loss": 0.0031687,
        "val_power_log_loss": 0.004241
    },
    "min_val_power_log_loss": 0.0042275,
    "params@min_val_power_log_loss": {
        "epoch": 29409,
        "val_loss": 0.0026268,
        "power_log_loss": 0.0036189,
        "val_power_log_loss": 0.0042275
    },
    "learning_rate_max": 0.02,
    "learning_rate_min": 8.4782e-06,
    "learning_rate_mean": 0.0035399541795733333
}