{
  "completed_epoch": 30000,
  "min_loss": 0.0024024751037359238,
  "min_val_loss": 0.0026267922949045897,
  "current_epoch": 0,
  "model_name": "WaveNet5",
  "training_alive": false,
  "timestamp": "20250706125314.4",
  "best_weights_file": "projects/WNET5_EFF_A1/data\\WNET5_EFF_A1_best_weights.h5",
  "best_val_weights_file": "projects/WNET5_EFF_A1/data\\WNET5_EFF_A1_best_val_weights.h5",
  "loss": 0.0024025258608162403,
  "val_loss": 0.002631457056850195,
  "val_power_log_loss": 0.004240937996655703,
  "power_log_loss": 0.0031691056210547686,
  "lr": 8.478225936414674e-06,
  "elapsed_time": 4802.592838764191,
  "remaining_time": 0.05664469976509425,
  "expected_finish_time": "2025-07-06 12:53:14",
  "smoothed_speed": 63554.048568166334
}