{
  "project_name": "1DCNNc4u8k18l8_e1k_lr2e3_pd8l2_d001_true",
  "generated_at": "2026-04-13T18:15:35.114704+08:00",
  "status": "complete",
  "calculation_standard": "ablation-study-v1",
  "sources": {
    "training_info": true,
    "compute_analysis": true,
    "model_info": true,
    "linear_response": true,
    "linearity_by_frequency": true,
    "config": true
  },
  "missing_sources": [],
  "missing_sections": [],
  "epochs": 1000,
  "min_loss": 0.011734,
  "min_val_loss": 0.010683,
  "train_loss": 0.010668431408703327,
  "val_loss": 0.010682521387934685,
  "train_mae": 0.010668431408703327,
  "train_afmae": 0.07227529585361481,
  "val_mae": 0.010682521387934685,
  "val_afmae": 0.07434273511171341,
  "weights_source": "best_val",
  "freq_drift_hz": 3.3509528039122927,
  "sens_drift_percent": 19.62097577593193,
  "linearity_percent": 0.7035288382820867,
  "compute_cost": 1736.0,
  "total_params": 813,
  "lr": 0.002,
  "use_cosine_annealing": false,
  "metric_details": {
    "natural_frequency_drift": {
      "min": 30.785902231132994,
      "max": 36.946825227548345,
      "median": 33.59587242363605,
      "count": 25,
      "unit": "Hz",
      "method": "max(|max-median|, |median-min|) from fn_comped",
      "drift": 3.3509528039122927
    },
    "sensitivity_drift": {
      "min": 43.37077147724419,
      "max": 66.71267072837011,
      "median": 62.99174725317612,
      "count": 25,
      "unit": "%",
      "method": "max(|max-median|, |median-min|) from interpolated sensitivity",
      "drift": 19.62097577593193,
      "frequency_hz": 100.0
    },
    "linearity": {
      "mean": 0.7035288382820867,
      "max": 2.6171392300604945,
      "min": 0.1574387567085167,
      "count": 14,
      "unit": "%",
      "method": "mean(1 - R^2) across frequency points"
    },
    "natural_frequency_drift_origin": {
      "min": 34.24511188160566,
      "max": 93.39109038646993,
      "median": 58.89345106524416,
      "count": 25,
      "unit": "Hz",
      "method": "max(|max-median|, |median-min|) from fn_origin",
      "drift": 34.49763932122577
    },
    "sensitivity_drift_origin": {
      "min": 60.001934754356135,
      "max": 203.37127543336493,
      "median": 144.5628340451216,
      "count": 25,
      "unit": "%",
      "method": "max(|max-median|, |median-min|) from interpolated origin sensitivity",
      "drift": 84.56089929076546,
      "frequency_hz": 100.0
    },
    "linearity_origin": {
      "mean": 2.5499568401843997,
      "max": 6.418887454843169,
      "min": 0.359242046082775,
      "count": 14,
      "unit": "%",
      "method": "mean(1 - R^2) across frequency points"
    }
  },
  "compute_details": {
    "total_params": 813,
    "additions": 784,
    "multiplications": 784,
    "maps": 28,
    "total_ops": 1596,
    "weighted_total": 1736.0,
    "weighted_additions": 784.0,
    "weighted_multiplications": 784.0,
    "weighted_maps": 168.0
  },
  "compute_cost_status": "complete",
  "compute_has_unsupported_layers": false,
  "compute_unsupported_layer_count": 0,
  "compute_unsupported_layers": [],
  "compute_unsupported_layer_details": [],
  "compute_cost_warning": null,
  "loss_function": "MAE",
  "loss_function_key": "mae",
  "loss_function_source": "config.use_power_loss",
  "display_metrics": {
    "Loss Function": "MAE",
    "TRAIN_MAE": 0.010668431408703327,
    "TRAIN_AFMAE": 0.07227529585361481,
    "VAL_MAE": 0.010682521387934685,
    "VAL_AFMAE": 0.07434273511171341,
    "Freq Drift (Hz)": 3.3509528039122927,
    "Sens Drift (%)": 19.62097577593193,
    "Linearity (%)": 0.7035288382820867,
    "Compute Cost": 1736.0,
    "Total Params": 813,
    "Epochs": 1000,
    "LR": 0.002,
    "Cosine Annealing": false
  }
}