{
  "completed_epoch": 1000,
  "min_loss": 0.01173391379415989,
  "min_val_loss": 0.010682521387934685,
  "current_epoch": 1000,
  "model_name": "1DCNN",
  "training_alive": false,
  "timestamp": "20260413181528.8",
  "best_weights_file": "projects/05_1DCNN/1DCNNc4u8k18l8_e1k_lr2e3_pd8l2_d001_true/data\\1DCNNc4u8k18l8_e1k_lr2e3_pd8l2_d001_true_best_weights.h5",
  "best_val_weights_file": "projects/05_1DCNN/1DCNNc4u8k18l8_e1k_lr2e3_pd8l2_d001_true/data\\1DCNNc4u8k18l8_e1k_lr2e3_pd8l2_d001_true_best_val_weights.h5",
  "loss": 0.011798173189163208,
  "val_loss": 0.011282889172434807,
  "mae": 0.0,
  "afmae": 3.5081427097320557,
  "val_mae": 0.0,
  "val_afmae": 3.5080137252807617,
  "val_power_log_loss": 0.0,
  "power_log_loss": 0.0,
  "lr": 0.004000000189989805,
  "elapsed_time": 100.71626377105713,
  "remaining_time": 0.0,
  "expected_finish_time": "2026-04-13 18:15:20",
  "smoothed_speed": 50438.18252674732
}