{
  "project_name": "FRIMLPh8u6l6_e1k_lr2e3_mlp24l6_tanh_d00",
  "generated_at": "2026-04-13T10:12:09.898726+08:00",
  "status": "complete",
  "calculation_standard": "ablation-study-v1",
  "sources": {
    "training_info": true,
    "compute_analysis": true,
    "model_info": true,
    "linear_response": true,
    "linearity_by_frequency": true,
    "config": true
  },
  "missing_sources": [],
  "missing_sections": [],
  "epochs": 1000,
  "min_loss": 0.031276,
  "min_val_loss": 0.030909,
  "train_loss": 0.030480418354272842,
  "val_loss": 0.030909206718206406,
  "train_mae": 0.022363074123859406,
  "train_afmae": 0.07161753624677658,
  "val_mae": 0.022552235051989555,
  "val_afmae": 0.07309290766716003,
  "weights_source": "best_val",
  "freq_drift_hz": 4.95188061841349,
  "sens_drift_percent": 13.046292635089593,
  "linearity_percent": 0.971990627658367,
  "compute_cost": 7128.0,
  "total_params": 3433,
  "lr": 0.002,
  "use_cosine_annealing": false,
  "metric_details": {
    "natural_frequency_drift": {
      "min": 30.9060413118052,
      "max": 38.13483112568804,
      "median": 33.18295050727455,
      "count": 25,
      "unit": "Hz",
      "method": "max(|max-median|, |median-min|) from fn_comped",
      "drift": 4.95188061841349
    },
    "sensitivity_drift": {
      "min": 52.52001568540375,
      "max": 75.03621849543406,
      "median": 61.989925860344464,
      "count": 25,
      "unit": "%",
      "method": "max(|max-median|, |median-min|) from interpolated sensitivity",
      "drift": 13.046292635089593,
      "frequency_hz": 100.0
    },
    "linearity": {
      "mean": 0.971990627658367,
      "max": 2.372753276896744,
      "min": 0.208601495747196,
      "count": 14,
      "unit": "%",
      "method": "mean(1 - R^2) across frequency points"
    },
    "natural_frequency_drift_origin": {
      "min": 34.24511188160566,
      "max": 93.39109038646993,
      "median": 58.89345106524416,
      "count": 25,
      "unit": "Hz",
      "method": "max(|max-median|, |median-min|) from fn_origin",
      "drift": 34.49763932122577
    },
    "sensitivity_drift_origin": {
      "min": 60.001934754356135,
      "max": 203.37127543336493,
      "median": 144.5628340451216,
      "count": 25,
      "unit": "%",
      "method": "max(|max-median|, |median-min|) from interpolated origin sensitivity",
      "drift": 84.56089929076546,
      "frequency_hz": 100.0
    },
    "linearity_origin": {
      "mean": 2.5499568401843997,
      "max": 6.418887454843169,
      "min": 0.359242046082775,
      "count": 14,
      "unit": "%",
      "method": "mean(1 - R^2) across frequency points"
    }
  },
  "compute_details": {
    "total_params": 3433,
    "additions": 3128,
    "multiplications": 3136,
    "maps": 144,
    "total_ops": 6408,
    "weighted_total": 7128.0,
    "weighted_additions": 3128.0,
    "weighted_multiplications": 3136.0,
    "weighted_maps": 864.0
  },
  "compute_cost_status": "complete",
  "compute_has_unsupported_layers": false,
  "compute_unsupported_layer_count": 0,
  "compute_unsupported_layers": [],
  "compute_unsupported_layer_details": [],
  "compute_cost_warning": null,
  "loss_function": "MAE+AFMAE",
  "loss_function_key": "power_log_mae",
  "loss_function_source": "config.use_power_loss",
  "display_metrics": {
    "Loss Function": "MAE+AFMAE",
    "TRAIN_MAE": 0.022363074123859406,
    "TRAIN_AFMAE": 0.07161753624677658,
    "VAL_MAE": 0.022552235051989555,
    "VAL_AFMAE": 0.07309290766716003,
    "Freq Drift (Hz)": 4.95188061841349,
    "Sens Drift (%)": 13.046292635089593,
    "Linearity (%)": 0.971990627658367,
    "Compute Cost": 7128.0,
    "Total Params": 3433,
    "Epochs": 1000,
    "LR": 0.002,
    "Cosine Annealing": false
  }
}