{
  "completed_epoch": 1000,
  "min_loss": 0.03127625584602356,
  "min_val_loss": 0.030909206718206406,
  "current_epoch": 1000,
  "model_name": "FRIMLP",
  "training_alive": false,
  "timestamp": "20260411131750.4",
  "best_weights_file": "projects/04_FRIMLP/FRIMLPh8u6l6_e1k_lr2e3_mlp24l6_tanh_d00/data\\FRIMLPh8u6l6_e1k_lr2e3_mlp24l6_tanh_d00_best_weights.h5",
  "best_val_weights_file": "projects/04_FRIMLP/FRIMLPh8u6l6_e1k_lr2e3_mlp24l6_tanh_d00/data\\FRIMLPh8u6l6_e1k_lr2e3_mlp24l6_tanh_d00_best_val_weights.h5",
  "loss": 0.03155912086367607,
  "val_loss": 0.030932089313864708,
  "mae": 0.0,
  "afmae": 1.401992678642273,
  "val_mae": 0.0,
  "val_afmae": 1.4017724990844727,
  "val_power_log_loss": 0.07287187874317169,
  "power_log_loss": 0.07318906486034393,
  "lr": 0.00039999998989515007,
  "elapsed_time": 157.43620085716248,
  "remaining_time": 0.0,
  "expected_finish_time": "2026-04-11 13:17:13",
  "smoothed_speed": 31879.794214687896
}