{
  "completed_epoch": 30000,
  "min_loss": 0.3984271287918091,
  "min_val_loss": 0.40868404507637024,
  "current_epoch": 0,
  "model_name": "WaveNet5",
  "training_alive": false,
  "timestamp": "20250707201505.2",
  "best_weights_file": "projects/WNET5q0.5h6u2l8/data\\WNET5q0.5h6u2l8_best_weights.h5",
  "best_val_weights_file": "projects/WNET5q0.5h6u2l8/data\\WNET5q0.5h6u2l8_best_val_weights.h5",
  "loss": 0.39842724800109863,
  "val_loss": 0.4087187945842743,
  "val_power_log_loss": 1.3678092956542969,
  "power_log_loss": 1.3366692066192627,
  "lr": 8.478225936414674e-06,
  "elapsed_time": 4856.322783946991,
  "remaining_time": 0.4343749872158524,
  "expected_finish_time": "2025-04-15 23:57:53",
  "smoothed_speed": 8287.770028091109
}