{
  "project_name": "FRIKANh6u6l4_5",
  "generated_at": "2026-04-10T12:56:22.451696+08:00",
  "status": "complete",
  "calculation_standard": "ablation-study-v1",
  "sources": {
    "training_info": true,
    "compute_analysis": true,
    "model_info": true,
    "linear_response": true,
    "linearity_by_frequency": true,
    "config": true
  },
  "missing_sources": [],
  "missing_sections": [],
  "epochs": 30000,
  "min_loss": 0.012741,
  "min_val_loss": 0.015461,
  "train_loss": 0.013481301255524158,
  "val_loss": 0.01545498427003622,
  "train_mae": 0.014417663216590881,
  "train_afmae": 0.01687479391694069,
  "val_mae": 0.014785232953727245,
  "val_afmae": 0.026430362835526466,
  "weights_source": null,
  "freq_drift_hz": 1.2776245604153686,
  "sens_drift_percent": 6.4916753147956285,
  "linearity_percent": 0.5111953266102055,
  "compute_cost": 1104.0,
  "total_params": 1669,
  "lr": 0.01,
  "use_cosine_annealing": true,
  "metric_details": {
    "natural_frequency_drift": {
      "min": 33.12423381557032,
      "max": 35.14269399942168,
      "median": 33.86506943900631,
      "count": 25,
      "unit": "Hz",
      "method": "max(|max-median|, |median-min|) from fn_comped",
      "drift": 1.2776245604153686
    },
    "sensitivity_drift": {
      "min": 57.98150229931776,
      "max": 70.51582585244576,
      "median": 64.02415053765013,
      "count": 25,
      "unit": "%",
      "method": "max(|max-median|, |median-min|) from interpolated sensitivity",
      "drift": 6.4916753147956285,
      "frequency_hz": 100.0
    },
    "linearity": {
      "mean": 0.5111953266102055,
      "max": 1.6030202520988857,
      "min": 0.09352602031375001,
      "count": 14,
      "unit": "%",
      "method": "mean(1 - R^2) across frequency points"
    },
    "natural_frequency_drift_origin": {
      "min": 34.24511188160566,
      "max": 93.39109038646993,
      "median": 58.89345106524416,
      "count": 25,
      "unit": "Hz",
      "method": "max(|max-median|, |median-min|) from fn_origin",
      "drift": 34.49763932122577
    },
    "sensitivity_drift_origin": {
      "min": 60.001934754356135,
      "max": 203.37127543336493,
      "median": 144.5628340451216,
      "count": 25,
      "unit": "%",
      "method": "max(|max-median|, |median-min|) from interpolated origin sensitivity",
      "drift": 84.56089929076546,
      "frequency_hz": 100.0
    },
    "linearity_origin": {
      "mean": 2.5499568401843997,
      "max": 6.418887454843169,
      "min": 0.359242046082775,
      "count": 14,
      "unit": "%",
      "method": "mean(1 - R^2) across frequency points"
    }
  },
  "compute_details": {
    "total_params": 1669,
    "additions": 174,
    "multiplications": 30,
    "maps": 150,
    "total_ops": 354,
    "weighted_total": 1104.0,
    "weighted_additions": 174.0,
    "weighted_multiplications": 30.0,
    "weighted_maps": 900.0
  },
  "display_metrics": {
    "TRAIN_MAE": 0.014417663216590881,
    "TRAIN_AFMAE": 0.01687479391694069,
    "VAL_MAE": 0.014785232953727245,
    "VAL_AFMAE": 0.026430362835526466,
    "Freq Drift (Hz)": 1.2776245604153686,
    "Sens Drift (%)": 6.4916753147956285,
    "Linearity (%)": 0.5111953266102055,
    "Compute Cost": 1104.0,
    "Total Params": 1669,
    "Epochs": 30000,
    "LR": 0.01,
    "Cosine Annealing": true
  }
}