{
  "completed_epoch": 1000,
  "min_loss": 0.025923598557710648,
  "min_val_loss": 0.026836803182959557,
  "current_epoch": 1000,
  "model_name": "FRIKAN",
  "training_alive": false,
  "timestamp": "20260424151351.9",
  "best_weights_file": "projects/09_HPARAM_SENSITIVITY/FRIKANh8u6l6g7s2_e1k_lr7e4_axisG/data\\FRIKANh8u6l6g7s2_e1k_lr7e4_axisG_best_weights.h5",
  "best_val_weights_file": "projects/09_HPARAM_SENSITIVITY/FRIKANh8u6l6g7s2_e1k_lr7e4_axisG/data\\FRIKANh8u6l6g7s2_e1k_lr7e4_axisG_best_val_weights.h5",
  "loss": 0.029275963082909584,
  "val_loss": 0.029542628675699234,
  "mae": 0.0,
  "afmae": 1.4983638525009155,
  "val_mae": 0.0,
  "val_afmae": 1.4838794469833374,
  "val_power_log_loss": 0.06203876808285713,
  "power_log_loss": 0.06148045137524605,
  "lr": 0.00014000000373926014,
  "elapsed_time": 2116.1267087459564,
  "remaining_time": 0.0,
  "expected_finish_time": "2026-04-24 15:13:51",
  "smoothed_speed": 1688.3196917849812
}