{
    "total_epochs": 1000,
    "min_loss": 0.025924,
    "params@min_loss": {
        "epoch": 950,
        "val_loss": 0.027013,
        "mae": 0.0,
        "val_mae": 0.0,
        "power_log_loss": 0.044791,
        "val_power_log_loss": 0.049724
    },
    "min_val_loss": 0.026837,
    "params@min_val_loss": {
        "epoch": 964,
        "val_loss": 0.026837,
        "mae": 0.0,
        "val_mae": 0.0,
        "power_log_loss": 0.051254,
        "val_power_log_loss": 0.049161
    },
    "min_mae": 0.0,
    "params@min_mae": {
        "epoch": 1,
        "val_loss": 1.7595,
        "mae": 0.0,
        "val_mae": 0.0,
        "power_log_loss": 2.0104,
        "val_power_log_loss": 1.9342
    },
    "min_val_mae": 0.0,
    "params@min_val_mae": {
        "epoch": 1,
        "val_loss": 1.7595,
        "mae": 0.0,
        "val_mae": 0.0,
        "power_log_loss": 2.0104,
        "val_power_log_loss": 1.9342
    },
    "min_power_log_loss": 0.044791,
    "params@min_power_log_loss": {
        "epoch": 950,
        "val_loss": 0.027013,
        "mae": 0.0,
        "val_mae": 0.0,
        "power_log_loss": 0.044791,
        "val_power_log_loss": 0.049724
    },
    "min_val_power_log_loss": 0.049161,
    "params@min_val_power_log_loss": {
        "epoch": 964,
        "val_loss": 0.026837,
        "mae": 0.0,
        "val_mae": 0.0,
        "power_log_loss": 0.051254,
        "val_power_log_loss": 0.049161
    },
    "learning_rate_max": 0.00014,
    "learning_rate_min": 0.00014,
    "learning_rate_mean": 0.00013999999999999996,
    "evaluation_metrics": {
        "weights_source": "best_val",
        "train_loss": 0.025709208101034164,
        "val_loss": 0.026836801320314407,
        "train_mae": 0.02192814089357853,
        "train_afmae": 0.0444863960146904,
        "val_mae": 0.022392187267541885,
        "val_afmae": 0.04916105046868324
    }
}