{
    "total_epochs": 1000,
    "min_loss": 0.025256,
    "params@min_loss": {
        "epoch": 997,
        "val_loss": 0.026365,
        "mae": 0.0,
        "val_mae": 0.0,
        "power_log_loss": 0.043297,
        "val_power_log_loss": 0.047119
    },
    "min_val_loss": 0.025789,
    "params@min_val_loss": {
        "epoch": 1000,
        "val_loss": 0.025789,
        "mae": 0.0,
        "val_mae": 0.0,
        "power_log_loss": 0.043456,
        "val_power_log_loss": 0.046507
    },
    "min_mae": 0.0,
    "params@min_mae": {
        "epoch": 1,
        "val_loss": 0.26089,
        "mae": 0.0,
        "val_mae": 0.0,
        "power_log_loss": 1.1054,
        "val_power_log_loss": 0.91295
    },
    "min_val_mae": 0.0,
    "params@min_val_mae": {
        "epoch": 1,
        "val_loss": 0.26089,
        "mae": 0.0,
        "val_mae": 0.0,
        "power_log_loss": 1.1054,
        "val_power_log_loss": 0.91295
    },
    "min_power_log_loss": 0.043297,
    "params@min_power_log_loss": {
        "epoch": 997,
        "val_loss": 0.026365,
        "mae": 0.0,
        "val_mae": 0.0,
        "power_log_loss": 0.043297,
        "val_power_log_loss": 0.047119
    },
    "min_val_power_log_loss": 0.046057,
    "params@min_val_power_log_loss": {
        "epoch": 984,
        "val_loss": 0.026106,
        "mae": 0.0,
        "val_mae": 0.0,
        "power_log_loss": 0.043887,
        "val_power_log_loss": 0.046057
    },
    "learning_rate_max": 0.00014,
    "learning_rate_min": 0.00014,
    "learning_rate_mean": 0.00013999999999999996,
    "evaluation_metrics": {
        "train_loss": 0.02519957907497883,
        "val_loss": 0.025788860395550728,
        "train_mae": 0.01766010746359825,
        "train_afmae": 0.04334301874041557,
        "val_mae": 0.01779812015593052,
        "val_afmae": 0.04650729522109032
    }
}