{
  "completed_epoch": 1000,
  "min_loss": 0.02525612711906433,
  "min_val_loss": 0.025833988562226295,
  "current_epoch": 1000,
  "model_name": "LSTM",
  "training_alive": false,
  "timestamp": "20260404185008.8",
  "best_weights_file": "projects/01_LR_STUDY/LSTMu16_e1k_lr7e4_r2/data\\LSTMu16_e1k_lr7e4_r2_best_weights.h5",
  "best_val_weights_file": "projects/01_LR_STUDY/LSTMu16_e1k_lr7e4_r2/data\\LSTMu16_e1k_lr7e4_r2_best_val_weights.h5",
  "loss": 0.025394605472683907,
  "val_loss": 0.025788860395550728,
  "mae": 0.0,
  "afmae": 1.3026387691497803,
  "val_mae": 0.0,
  "val_afmae": 1.3024317026138306,
  "val_power_log_loss": 0.046507298946380615,
  "power_log_loss": 0.04345562309026718,
  "lr": 0.00014000000373926014,
  "elapsed_time": 1842.1599879264832,
  "remaining_time": 1.8261592829500837,
  "expected_finish_time": "2026-04-04 18:17:20",
  "smoothed_speed": 1971.350491499488
}