{
  "project_name": "RNNr24d0_e1k_puremae_r15",
  "generated_at": "2026-04-15T11:09:47.794335+08:00",
  "status": "complete",
  "calculation_standard": "ablation-study-v1",
  "sources": {
    "training_info": true,
    "compute_analysis": true,
    "model_info": true,
    "linear_response": true,
    "linearity_by_frequency": true,
    "config": true
  },
  "missing_sources": [],
  "missing_sections": [],
  "epochs": 1000,
  "min_loss": 0.011402,
  "min_val_loss": 0.010792,
  "train_loss": 0.010731777176260948,
  "val_loss": 0.010791629552841187,
  "train_mae": 0.010731777176260948,
  "train_afmae": 0.10744281113147736,
  "val_mae": 0.010791629552841187,
  "val_afmae": 0.10888971388339996,
  "weights_source": "best_val",
  "freq_drift_hz": 9.300002061970048,
  "sens_drift_percent": 29.166199878257764,
  "linearity_percent": 0.9678554998118538,
  "compute_cost": 1392.0,
  "total_params": 649,
  "lr": 0.0015,
  "use_cosine_annealing": false,
  "metric_details": {
    "natural_frequency_drift": {
      "min": 25.72300410609393,
      "max": 36.46788453995049,
      "median": 35.02300616806398,
      "count": 25,
      "unit": "Hz",
      "method": "max(|max-median|, |median-min|) from fn_comped",
      "drift": 9.300002061970048
    },
    "sensitivity_drift": {
      "min": 36.11919022400753,
      "max": 73.07707657683272,
      "median": 65.2853901022653,
      "count": 25,
      "unit": "%",
      "method": "max(|max-median|, |median-min|) from interpolated sensitivity",
      "drift": 29.166199878257764,
      "frequency_hz": 100.0
    },
    "linearity": {
      "mean": 0.9678554998118538,
      "max": 2.802312112831784,
      "min": 0.2765880649873931,
      "count": 14,
      "unit": "%",
      "method": "mean(1 - R^2) across frequency points"
    },
    "natural_frequency_drift_origin": {
      "min": 34.24511188160566,
      "max": 93.39109038646993,
      "median": 58.89345106524416,
      "count": 25,
      "unit": "Hz",
      "method": "max(|max-median|, |median-min|) from fn_origin",
      "drift": 34.49763932122577
    },
    "sensitivity_drift_origin": {
      "min": 60.001934754356135,
      "max": 203.37127543336493,
      "median": 144.5628340451216,
      "count": 25,
      "unit": "%",
      "method": "max(|max-median|, |median-min|) from interpolated origin sensitivity",
      "drift": 84.56089929076546,
      "frequency_hz": 100.0
    },
    "linearity_origin": {
      "mean": 2.5499568401843997,
      "max": 6.418887454843169,
      "min": 0.359242046082775,
      "count": 14,
      "unit": "%",
      "method": "mean(1 - R^2) across frequency points"
    }
  },
  "compute_details": {
    "total_params": 649,
    "additions": 624,
    "multiplications": 624,
    "maps": 24,
    "total_ops": 1272,
    "weighted_total": 1392.0,
    "weighted_additions": 624.0,
    "weighted_multiplications": 624.0,
    "weighted_maps": 144.0
  },
  "compute_cost_status": "complete",
  "compute_has_unsupported_layers": false,
  "compute_unsupported_layer_count": 0,
  "compute_unsupported_layers": [],
  "compute_unsupported_layer_details": [],
  "compute_cost_warning": null,
  "loss_function": "MAE",
  "loss_function_key": "mae",
  "loss_function_source": "config.use_power_loss",
  "display_metrics": {
    "Loss Function": "MAE",
    "TRAIN_MAE": 0.010731777176260948,
    "TRAIN_AFMAE": 0.10744281113147736,
    "VAL_MAE": 0.010791629552841187,
    "VAL_AFMAE": 0.10888971388339996,
    "Freq Drift (Hz)": 9.300002061970048,
    "Sens Drift (%)": 29.166199878257764,
    "Linearity (%)": 0.9678554998118538,
    "Compute Cost": 1392.0,
    "Total Params": 649,
    "Epochs": 1000,
    "LR": 0.0015,
    "Cosine Annealing": false
  }
}