{
  "completed_epoch": 1000,
  "min_loss": 0.01140174362808466,
  "min_val_loss": 0.010791629552841187,
  "current_epoch": 1000,
  "model_name": "RNN",
  "training_alive": false,
  "timestamp": "20260415110921.2",
  "best_weights_file": "projects/07_RNN/RNNr24d0_e1k_puremae_r15/data\\RNNr24d0_e1k_puremae_r15_best_weights.h5",
  "best_val_weights_file": "projects/07_RNN/RNNr24d0_e1k_puremae_r15/data\\RNNr24d0_e1k_puremae_r15_best_val_weights.h5",
  "loss": 0.012277011759579182,
  "val_loss": 0.012613754719495773,
  "mae": 0.0,
  "afmae": 0.686664879322052,
  "val_mae": 0.0,
  "val_afmae": 0.6781231760978699,
  "val_power_log_loss": 0.0,
  "power_log_loss": 0.0,
  "lr": 0.003000000026077032,
  "elapsed_time": 12466.348400354385,
  "remaining_time": 0.0,
  "expected_finish_time": "2026-04-15 11:08:55",
  "smoothed_speed": 279.45156897046115
}