{
  "project_name": "RNNu16d32_e1k_puremae_r15",
  "generated_at": "2026-04-16T02:45:11.355155+08:00",
  "status": "complete",
  "calculation_standard": "ablation-study-v1",
  "sources": {
    "training_info": true,
    "compute_analysis": true,
    "model_info": true,
    "linear_response": true,
    "linearity_by_frequency": true,
    "config": true
  },
  "missing_sources": [],
  "missing_sections": [],
  "epochs": 1000,
  "min_loss": 0.013218,
  "min_val_loss": 0.012536,
  "train_loss": 0.012457477860152721,
  "val_loss": 0.012536308728158474,
  "train_mae": 0.012457477860152721,
  "train_afmae": 0.16007278859615326,
  "val_mae": 0.012536308728158474,
  "val_afmae": 0.1605725884437561,
  "weights_source": "best_val",
  "freq_drift_hz": 10.633927974582491,
  "sens_drift_percent": 29.46871507833815,
  "linearity_percent": 1.4214946079679038,
  "compute_cost": 1920.0,
  "total_params": 865,
  "lr": 0.0015,
  "use_cosine_annealing": false,
  "metric_details": {
    "natural_frequency_drift": {
      "min": 24.53995862029455,
      "max": 36.38587522041706,
      "median": 35.17388659487704,
      "count": 25,
      "unit": "Hz",
      "method": "max(|max-median|, |median-min|) from fn_comped",
      "drift": 10.633927974582491
    },
    "sensitivity_drift": {
      "min": 32.6070498044301,
      "max": 67.2448654741654,
      "median": 62.07576488276825,
      "count": 25,
      "unit": "%",
      "method": "max(|max-median|, |median-min|) from interpolated sensitivity",
      "drift": 29.46871507833815,
      "frequency_hz": 100.0
    },
    "linearity": {
      "mean": 1.4214946079679038,
      "max": 4.945588371531596,
      "min": 0.3593027632276091,
      "count": 14,
      "unit": "%",
      "method": "mean(1 - R^2) across frequency points"
    },
    "natural_frequency_drift_origin": {
      "min": 34.24511188160566,
      "max": 93.39109038646993,
      "median": 58.89345106524416,
      "count": 25,
      "unit": "Hz",
      "method": "max(|max-median|, |median-min|) from fn_origin",
      "drift": 34.49763932122577
    },
    "sensitivity_drift_origin": {
      "min": 60.001934754356135,
      "max": 203.37127543336493,
      "median": 144.5628340451216,
      "count": 25,
      "unit": "%",
      "method": "max(|max-median|, |median-min|) from interpolated origin sensitivity",
      "drift": 84.56089929076546,
      "frequency_hz": 100.0
    },
    "linearity_origin": {
      "mean": 2.5499568401843997,
      "max": 6.418887454843169,
      "min": 0.359242046082775,
      "count": 14,
      "unit": "%",
      "method": "mean(1 - R^2) across frequency points"
    }
  },
  "compute_details": {
    "total_params": 865,
    "additions": 816,
    "multiplications": 816,
    "maps": 48,
    "total_ops": 1680,
    "weighted_total": 1920.0,
    "weighted_additions": 816.0,
    "weighted_multiplications": 816.0,
    "weighted_maps": 288.0
  },
  "compute_cost_status": "complete",
  "compute_has_unsupported_layers": false,
  "compute_unsupported_layer_count": 0,
  "compute_unsupported_layers": [],
  "compute_unsupported_layer_details": [],
  "compute_cost_warning": null,
  "loss_function": "MAE",
  "loss_function_key": "mae",
  "loss_function_source": "config.use_power_loss",
  "display_metrics": {
    "Loss Function": "MAE",
    "TRAIN_MAE": 0.012457477860152721,
    "TRAIN_AFMAE": 0.16007278859615326,
    "VAL_MAE": 0.012536308728158474,
    "VAL_AFMAE": 0.1605725884437561,
    "Freq Drift (Hz)": 10.633927974582491,
    "Sens Drift (%)": 29.46871507833815,
    "Linearity (%)": 1.4214946079679038,
    "Compute Cost": 1920.0,
    "Total Params": 865,
    "Epochs": 1000,
    "LR": 0.0015,
    "Cosine Annealing": false
  }
}