{
  "completed_epoch": 1000,
  "min_loss": 0.013218125328421593,
  "min_val_loss": 0.012536308728158474,
  "current_epoch": 1000,
  "model_name": "RNN",
  "training_alive": false,
  "timestamp": "20260416024444.8",
  "best_weights_file": "projects/07_RNN/RNNu16d32_e1k_puremae_r15/data\\RNNu16d32_e1k_puremae_r15_best_weights.h5",
  "best_val_weights_file": "projects/07_RNN/RNNu16d32_e1k_puremae_r15/data\\RNNu16d32_e1k_puremae_r15_best_val_weights.h5",
  "loss": 0.013446333818137646,
  "val_loss": 0.01333191990852356,
  "mae": 0.0,
  "afmae": 0.6516339182853699,
  "val_mae": 0.0,
  "val_afmae": 0.6523471474647522,
  "val_power_log_loss": 0.0,
  "power_log_loss": 0.0,
  "lr": 0.003000000026077032,
  "elapsed_time": 11925.15495800972,
  "remaining_time": 0.0,
  "expected_finish_time": "2026-04-16 02:44:03",
  "smoothed_speed": 312.14741550660716
}