{
  "project_name": "RNNr19d16_e1k_puremae_r12",
  "generated_at": "2026-04-16T21:11:49.555973+08:00",
  "status": "complete",
  "calculation_standard": "ablation-study-v1",
  "sources": {
    "training_info": true,
    "compute_analysis": true,
    "model_info": true,
    "linear_response": true,
    "linearity_by_frequency": true,
    "config": true
  },
  "missing_sources": [],
  "missing_sections": [],
  "epochs": 1000,
  "min_loss": 0.021764,
  "min_val_loss": 0.021272,
  "train_loss": 0.020860349759459496,
  "val_loss": 0.02127191051840782,
  "train_mae": 0.020860349759459496,
  "train_afmae": 0.2172059416770935,
  "val_mae": 0.02127191051840782,
  "val_afmae": 0.21681642532348633,
  "weights_source": "best_val",
  "freq_drift_hz": 9.947223700513145,
  "sens_drift_percent": 32.08657524135194,
  "linearity_percent": 2.841424246528807,
  "compute_cost": 1610.0,
  "total_params": 736,
  "lr": 0.0012,
  "use_cosine_annealing": false,
  "metric_details": {
    "natural_frequency_drift": {
      "min": 21.761159693734268,
      "max": 41.4993576224222,
      "median": 31.552133921909057,
      "count": 25,
      "unit": "Hz",
      "method": "max(|max-median|, |median-min|) from fn_comped",
      "drift": 9.947223700513145
    },
    "sensitivity_drift": {
      "min": 21.913468991498032,
      "max": 75.74961445340873,
      "median": 54.000044232849966,
      "count": 25,
      "unit": "%",
      "method": "max(|max-median|, |median-min|) from interpolated sensitivity",
      "drift": 32.08657524135194,
      "frequency_hz": 100.0
    },
    "linearity": {
      "mean": 2.841424246528807,
      "max": 6.716980656539329,
      "min": 0.3593255246849725,
      "count": 14,
      "unit": "%",
      "method": "mean(1 - R^2) across frequency points"
    },
    "natural_frequency_drift_origin": {
      "min": 34.24511188160566,
      "max": 93.39109038646993,
      "median": 58.89345106524416,
      "count": 25,
      "unit": "Hz",
      "method": "max(|max-median|, |median-min|) from fn_origin",
      "drift": 34.49763932122577
    },
    "sensitivity_drift_origin": {
      "min": 60.001934754356135,
      "max": 203.37127543336493,
      "median": 144.5628340451216,
      "count": 25,
      "unit": "%",
      "method": "max(|max-median|, |median-min|) from interpolated origin sensitivity",
      "drift": 84.56089929076546,
      "frequency_hz": 100.0
    },
    "linearity_origin": {
      "mean": 2.5499568401843997,
      "max": 6.418887454843169,
      "min": 0.359242046082775,
      "count": 14,
      "unit": "%",
      "method": "mean(1 - R^2) across frequency points"
    }
  },
  "compute_details": {
    "total_params": 736,
    "additions": 700,
    "multiplications": 700,
    "maps": 35,
    "total_ops": 1435,
    "weighted_total": 1610.0,
    "weighted_additions": 700.0,
    "weighted_multiplications": 700.0,
    "weighted_maps": 210.0
  },
  "compute_cost_status": "complete",
  "compute_has_unsupported_layers": false,
  "compute_unsupported_layer_count": 0,
  "compute_unsupported_layers": [],
  "compute_unsupported_layer_details": [],
  "compute_cost_warning": null,
  "loss_function": "MAE",
  "loss_function_key": "mae",
  "loss_function_source": "config.use_power_loss",
  "display_metrics": {
    "Loss Function": "MAE",
    "TRAIN_MAE": 0.020860349759459496,
    "TRAIN_AFMAE": 0.2172059416770935,
    "VAL_MAE": 0.02127191051840782,
    "VAL_AFMAE": 0.21681642532348633,
    "Freq Drift (Hz)": 9.947223700513145,
    "Sens Drift (%)": 32.08657524135194,
    "Linearity (%)": 2.841424246528807,
    "Compute Cost": 1610.0,
    "Total Params": 736,
    "Epochs": 1000,
    "LR": 0.0012,
    "Cosine Annealing": false
  }
}