{
  "completed_epoch": 1000,
  "min_loss": 0.021764032542705536,
  "min_val_loss": 0.02127191424369812,
  "current_epoch": 1000,
  "model_name": "RNN",
  "training_alive": false,
  "timestamp": "20260416211122.0",
  "best_weights_file": "projects/07_RNN/RNNr19d16_e1k_puremae_r12/data\\RNNr19d16_e1k_puremae_r12_best_weights.h5",
  "best_val_weights_file": "projects/07_RNN/RNNr19d16_e1k_puremae_r12/data\\RNNr19d16_e1k_puremae_r12_best_val_weights.h5",
  "loss": 0.022764623165130615,
  "val_loss": 0.023181503638625145,
  "mae": 0.0,
  "afmae": 0.3817140758037567,
  "val_mae": 0.0,
  "val_afmae": 0.3688465356826782,
  "val_power_log_loss": 0.0,
  "power_log_loss": 0.0,
  "lr": 0.002400000113993883,
  "elapsed_time": 14137.442003250122,
  "remaining_time": 0.0,
  "expected_finish_time": "2026-04-16 21:10:56",
  "smoothed_speed": 281.1253156436607
}