{
  "completed_epoch": 1000,
  "min_loss": 0.05825918912887573,
  "min_val_loss": 0.051820650696754456,
  "current_epoch": 1000,
  "model_name": "CNNKAN",
  "training_alive": false,
  "timestamp": "20260405184245.4",
  "best_weights_file": "projects/01_LR_STUDY/CNNKANh8u6l6_e1k_lr14e5_stable/data\\CNNKANh8u6l6_e1k_lr14e5_stable_best_weights.h5",
  "best_val_weights_file": "projects/01_LR_STUDY/CNNKANh8u6l6_e1k_lr14e5_stable/data\\CNNKANh8u6l6_e1k_lr14e5_stable_best_val_weights.h5",
  "loss": 0.0642474889755249,
  "val_loss": 0.06002912297844887,
  "mae": 0.0,
  "afmae": 2.170924186706543,
  "val_mae": 0.0,
  "val_afmae": 2.1672515869140625,
  "val_power_log_loss": 0.06692036986351013,
  "power_log_loss": 0.05179082229733467,
  "lr": 2.8000000384054147e-05,
  "elapsed_time": 2805.598533630371,
  "remaining_time": 2.7603470058783297,
  "expected_finish_time": "2026-04-05 18:42:48",
  "smoothed_speed": 1304.183855266594
}