{
    "total_epochs": 2170,
    "min_loss": 0.00097925,
    "params@min_loss": {
        "epoch": 2169,
        "val_loss": 0.00097873,
        "power_log_loss": 0.0009209,
        "val_power_log_loss": 0.00094359
    },
    "min_val_loss": 0.00097661,
    "params@min_val_loss": {
        "epoch": 2168,
        "val_loss": 0.00097661,
        "power_log_loss": 0.00092965,
        "val_power_log_loss": 0.00093253
    },
    "min_power_log_loss": 0.00091747,
    "params@min_power_log_loss": {
        "epoch": 2157,
        "val_loss": 0.00097925,
        "power_log_loss": 0.00091747,
        "val_power_log_loss": 0.00094485
    },
    "min_val_power_log_loss": 0.00093253,
    "params@min_val_power_log_loss": {
        "epoch": 2168,
        "val_loss": 0.00097661,
        "power_log_loss": 0.00092965,
        "val_power_log_loss": 0.00093253
    },
    "learning_rate_max": 0.00021783,
    "learning_rate_min": 3.099e-06,
    "learning_rate_mean": 0.00011046462211981566
}