{
  "completed_epoch": 2170,
  "min_loss": 0.0009792512282729149,
  "min_val_loss": 0.0009766127914190292,
  "current_epoch": 0,
  "model_name": "LSTM",
  "training_alive": true,
  "timestamp": "20251012113837.2",
  "best_weights_file": "projects/LSTMu32al_rs300_PS-5_50-300Hz_inverse_ex4/data\\LSTMu32al_rs300_PS-5_50-300Hz_inverse_ex4_best_weights.h5",
  "best_val_weights_file": "projects/LSTMu32al_rs300_PS-5_50-300Hz_inverse_ex4/data\\LSTMu32al_rs300_PS-5_50-300Hz_inverse_ex4_best_val_weights.h5",
  "loss": 0.0009801259730011225,
  "val_loss": 0.0009782288689166307,
  "val_power_log_loss": 0.0009418748086318374,
  "power_log_loss": 0.000926003500353545,
  "lr": 0.00021783002011943609,
  "elapsed_time": 1305.356151342392,
  "remaining_time": 14822.548163806847,
  "expected_finish_time": "2025-10-12 05:08:35",
  "smoothed_speed": 6759.404583662893
}