{
  "project_name": "1DCNNc4u8k20l8_e1k_lr18e4_pd8l2_d001_true",
  "generated_at": "2026-04-13T18:47:28.923369+08:00",
  "status": "complete",
  "calculation_standard": "ablation-study-v1",
  "sources": {
    "training_info": true,
    "compute_analysis": true,
    "model_info": true,
    "linear_response": true,
    "linearity_by_frequency": true,
    "config": true
  },
  "missing_sources": [],
  "missing_sections": [],
  "epochs": 1000,
  "min_loss": 0.01189,
  "min_val_loss": 0.011119,
  "train_loss": 0.011156526394188404,
  "val_loss": 0.011118922382593155,
  "train_mae": 0.011156526394188404,
  "train_afmae": 0.07536408305168152,
  "val_mae": 0.011118922382593155,
  "val_afmae": 0.07540035992860794,
  "weights_source": "best_val",
  "freq_drift_hz": 3.552536742006197,
  "sens_drift_percent": 13.335350968182652,
  "linearity_percent": 0.7706612019957085,
  "compute_cost": 1880.0,
  "total_params": 885,
  "lr": 0.0018,
  "use_cosine_annealing": false,
  "metric_details": {
    "natural_frequency_drift": {
      "min": 30.827793337110858,
      "max": 37.417475300235026,
      "median": 33.86493855822883,
      "count": 25,
      "unit": "Hz",
      "method": "max(|max-median|, |median-min|) from fn_comped",
      "drift": 3.552536742006197
    },
    "sensitivity_drift": {
      "min": 49.23534169852906,
      "max": 67.56928189158478,
      "median": 62.570692666711714,
      "count": 25,
      "unit": "%",
      "method": "max(|max-median|, |median-min|) from interpolated sensitivity",
      "drift": 13.335350968182652,
      "frequency_hz": 100.0
    },
    "linearity": {
      "mean": 0.7706612019957085,
      "max": 2.555469954221634,
      "min": 0.1603979666977673,
      "count": 14,
      "unit": "%",
      "method": "mean(1 - R^2) across frequency points"
    },
    "natural_frequency_drift_origin": {
      "min": 34.24511188160566,
      "max": 93.39109038646993,
      "median": 58.89345106524416,
      "count": 25,
      "unit": "Hz",
      "method": "max(|max-median|, |median-min|) from fn_origin",
      "drift": 34.49763932122577
    },
    "sensitivity_drift_origin": {
      "min": 60.001934754356135,
      "max": 203.37127543336493,
      "median": 144.5628340451216,
      "count": 25,
      "unit": "%",
      "method": "max(|max-median|, |median-min|) from interpolated origin sensitivity",
      "drift": 84.56089929076546,
      "frequency_hz": 100.0
    },
    "linearity_origin": {
      "mean": 2.5499568401843997,
      "max": 6.418887454843169,
      "min": 0.359242046082775,
      "count": 14,
      "unit": "%",
      "method": "mean(1 - R^2) across frequency points"
    }
  },
  "compute_details": {
    "total_params": 885,
    "additions": 856,
    "multiplications": 856,
    "maps": 28,
    "total_ops": 1740,
    "weighted_total": 1880.0,
    "weighted_additions": 856.0,
    "weighted_multiplications": 856.0,
    "weighted_maps": 168.0
  },
  "compute_cost_status": "complete",
  "compute_has_unsupported_layers": false,
  "compute_unsupported_layer_count": 0,
  "compute_unsupported_layers": [],
  "compute_unsupported_layer_details": [],
  "compute_cost_warning": null,
  "loss_function": "MAE",
  "loss_function_key": "mae",
  "loss_function_source": "config.use_power_loss",
  "display_metrics": {
    "Loss Function": "MAE",
    "TRAIN_MAE": 0.011156526394188404,
    "TRAIN_AFMAE": 0.07536408305168152,
    "VAL_MAE": 0.011118922382593155,
    "VAL_AFMAE": 0.07540035992860794,
    "Freq Drift (Hz)": 3.552536742006197,
    "Sens Drift (%)": 13.335350968182652,
    "Linearity (%)": 0.7706612019957085,
    "Compute Cost": 1880.0,
    "Total Params": 885,
    "Epochs": 1000,
    "LR": 0.0018,
    "Cosine Annealing": false
  }
}