{
  "completed_epoch": 1000,
  "min_loss": 0.01189003512263298,
  "min_val_loss": 0.011118922382593155,
  "current_epoch": 1000,
  "model_name": "1DCNN",
  "training_alive": false,
  "timestamp": "20260413184722.2",
  "best_weights_file": "projects/05_1DCNN/1DCNNc4u8k20l8_e1k_lr18e4_pd8l2_d001_true/data\\1DCNNc4u8k20l8_e1k_lr18e4_pd8l2_d001_true_best_weights.h5",
  "best_val_weights_file": "projects/05_1DCNN/1DCNNc4u8k20l8_e1k_lr18e4_pd8l2_d001_true/data\\1DCNNc4u8k20l8_e1k_lr18e4_pd8l2_d001_true_best_val_weights.h5",
  "loss": 0.011976280249655247,
  "val_loss": 0.011489806696772575,
  "mae": 0.0,
  "afmae": 1.953425645828247,
  "val_mae": 0.0,
  "val_afmae": 1.9533803462982178,
  "val_power_log_loss": 0.0,
  "power_log_loss": 0.0,
  "lr": 0.003599999938160181,
  "elapsed_time": 105.88674807548523,
  "remaining_time": 0.0,
  "expected_finish_time": "2026-04-13 18:47:12",
  "smoothed_speed": 48428.69710179196
}