{
  "overall": {
    "record_count": 1,
    "sample_count": 400,
    "mae": 0.08739156808402271,
    "mse": 0.007867469451092762,
    "max_abs_error": 0.17841785950469968,
    "c_output_stats": {
      "min": -1.221163,
      "max": 0.800098,
      "mean": 0.026398080000000004,
      "energy": 6.695994426645999
    },
    "tf_output_stats": {
      "min": -1.1955926418304443,
      "max": 0.6216801404953003,
      "mean": -0.060338132823817434,
      "energy": 6.648493758554695
    },
    "diff_stats": {
      "min": -0.033188424022078514,
      "max": 0.17841785950469968,
      "mean": 0.08673621282381744,
      "energy": 3.146987780437105
    }
  },
  "per_record": [
    {
      "record_id": "mag0.24_freq10",
      "magnitude": 0.24,
      "frequency": 10.0,
      "mae": 0.08739156808402271,
      "mse": 0.007867469451092762,
      "max_abs_error": 0.17841785950469968,
      "c_output_stats": {
        "min": -1.221163,
        "max": 0.800098,
        "mean": 0.026398080000000004,
        "energy": 6.695994426645999
      },
      "tf_output_stats": {
        "min": -1.1955926418304443,
        "max": 0.6216801404953003,
        "mean": -0.060338132823817434,
        "energy": 6.648493758554695
      },
      "diff_stats": {
        "min": -0.033188424022078514,
        "max": 0.17841785950469968,
        "mean": 0.08673621282381744,
        "energy": 3.146987780437105
      }
    }
  ],
  "wave_paths": {
    "keil_output_wave": "ex_projects/inference/qemu-c-inference/rnnu16_e1k_puremae_r15/data/waves/keil_output.wave"
  }
}