{
  "completed_epoch": 2,
  "min_loss": 1.5827711820602417,
  "min_val_loss": 1.5926958322525024,
  "current_epoch": 2,
  "model_name": "FRIKAN",
  "training_alive": false,
  "timestamp": "20260420165859.5",
  "best_weights_file": "projects/08_IIR_AB/FRIKANh8u6l6_e1k_lr2e4_sysiir_trainable_trueiir_mb64_simoiirprobe_20260420/data\\FRIKANh8u6l6_e1k_lr2e4_sysiir_trainable_trueiir_mb64_simoiirprobe_20260420_best_weights.h5",
  "best_val_weights_file": "projects/08_IIR_AB/FRIKANh8u6l6_e1k_lr2e4_sysiir_trainable_trueiir_mb64_simoiirprobe_20260420/data\\FRIKANh8u6l6_e1k_lr2e4_sysiir_trainable_trueiir_mb64_simoiirprobe_20260420_best_val_weights.h5",
  "loss": 1.5304381847381592,
  "val_loss": 1.5353965759277344,
  "mae": 0.0,
  "afmae": 1.8721730709075928,
  "val_mae": 0.0,
  "val_afmae": 1.859973669052124,
  "val_power_log_loss": 1.7778836488723755,
  "power_log_loss": 1.8006831407546997,
  "lr": 3.9999998989515007e-05,
  "elapsed_time": 391.70601439476013,
  "remaining_time": 196419.43693705724,
  "expected_finish_time": "2026-04-22 23:32:38",
  "smoothed_speed": 18.291468787538147
}