{
  "project_name": "LSTMu16_base",
  "generated_at": "2026-04-13T10:12:08.121254+08:00",
  "status": "complete",
  "calculation_standard": "ablation-study-v1",
  "sources": {
    "training_info": true,
    "compute_analysis": true,
    "model_info": true,
    "linear_response": true,
    "linearity_by_frequency": true,
    "config": true
  },
  "missing_sources": [],
  "missing_sections": [],
  "epochs": 1000,
  "min_loss": 0.016691,
  "min_val_loss": 0.017304,
  "train_loss": 0.016688290983438492,
  "val_loss": 0.017304057255387306,
  "train_mae": 0.013418960385024548,
  "train_afmae": 0.03111599013209343,
  "val_mae": 0.013391831889748573,
  "val_afmae": 0.03426741436123848,
  "weights_source": null,
  "freq_drift_hz": 3.0348734786108125,
  "sens_drift_percent": 6.711241661380129,
  "linearity_percent": 0.5593120438680861,
  "compute_cost": 3360.0,
  "total_params": 1441,
  "lr": 0.01,
  "use_cosine_annealing": true,
  "metric_details": {
    "natural_frequency_drift": {
      "min": 31.97880893976678,
      "max": 37.104746481824634,
      "median": 34.06987300321382,
      "count": 25,
      "unit": "Hz",
      "method": "max(|max-median|, |median-min|) from fn_comped",
      "drift": 3.0348734786108125
    },
    "sensitivity_drift": {
      "min": 57.39859217567604,
      "max": 68.24316686798767,
      "median": 64.10983383705617,
      "count": 25,
      "unit": "%",
      "method": "max(|max-median|, |median-min|) from interpolated sensitivity",
      "drift": 6.711241661380129,
      "frequency_hz": 100.0
    },
    "linearity": {
      "mean": 0.5593120438680861,
      "max": 2.8431134944407965,
      "min": 0.10267560758597805,
      "count": 14,
      "unit": "%",
      "method": "mean(1 - R^2) across frequency points"
    },
    "natural_frequency_drift_origin": {
      "min": 34.24511188160566,
      "max": 93.39109038646993,
      "median": 58.89345106524416,
      "count": 25,
      "unit": "Hz",
      "method": "max(|max-median|, |median-min|) from fn_origin",
      "drift": 34.49763932122577
    },
    "sensitivity_drift_origin": {
      "min": 60.001934754356135,
      "max": 203.37127543336493,
      "median": 144.5628340451216,
      "count": 25,
      "unit": "%",
      "method": "max(|max-median|, |median-min|) from interpolated origin sensitivity",
      "drift": 84.56089929076546,
      "frequency_hz": 100.0
    },
    "linearity_origin": {
      "mean": 2.5499568401843997,
      "max": 6.418887454843169,
      "min": 0.359242046082775,
      "count": 14,
      "unit": "%",
      "method": "mean(1 - R^2) across frequency points"
    }
  },
  "compute_details": {
    "total_params": 1441,
    "additions": 1376,
    "multiplications": 1408,
    "maps": 96,
    "total_ops": 2880,
    "weighted_total": 3360.0,
    "weighted_additions": 1376.0,
    "weighted_multiplications": 1408.0,
    "weighted_maps": 576.0
  },
  "compute_cost_status": "complete",
  "compute_has_unsupported_layers": false,
  "compute_unsupported_layer_count": 0,
  "compute_unsupported_layers": [],
  "compute_unsupported_layer_details": [],
  "compute_cost_warning": null,
  "loss_function": "MAE+AFMAE",
  "loss_function_key": "power_log_mae",
  "loss_function_source": "config.use_power_loss",
  "display_metrics": {
    "Loss Function": "MAE+AFMAE",
    "TRAIN_MAE": 0.013418960385024548,
    "TRAIN_AFMAE": 0.03111599013209343,
    "VAL_MAE": 0.013391831889748573,
    "VAL_AFMAE": 0.03426741436123848,
    "Freq Drift (Hz)": 3.0348734786108125,
    "Sens Drift (%)": 6.711241661380129,
    "Linearity (%)": 0.5593120438680861,
    "Compute Cost": 3360.0,
    "Total Params": 1441,
    "Epochs": 1000,
    "LR": 0.01,
    "Cosine Annealing": true
  }
}