{
  "project_name": "LSTMu16_base",
  "generated_at": "2026-04-09T23:48:48.318043+08:00",
  "status": "complete",
  "sources": {
    "training_info": true,
    "compute_analysis": true,
    "model_info": true,
    "linear_response": true
  },
  "missing_sources": [],
  "missing_sections": [],
  "epochs": 1000,
  "min_loss": 0.016691,
  "min_val_loss": 0.017304,
  "train_loss": 0.016688290983438492,
  "val_loss": 0.017304057255387306,
  "train_mae": 0.013418960385024548,
  "train_afmae": 0.03111599013209343,
  "val_mae": 0.013391831889748573,
  "val_afmae": 0.03426741436123848,
  "weights_source": null,
  "freq_drift_hz": 32.0,
  "sens_drift_percent": 27.924887519220054,
  "linearity_percent": 25.08669474537275,
  "compute_cost": 3360.0,
  "total_params": 1441,
  "display_metrics": {
    "TRAIN_MAE": 0.013418960385024548,
    "TRAIN_AFMAE": 0.03111599013209343,
    "VAL_MAE": 0.013391831889748573,
    "VAL_AFMAE": 0.03426741436123848,
    "Freq Drift (Hz)": 32.0,
    "Sens Drift (%)": 27.924887519220054,
    "Linearity (%)": 25.08669474537275,
    "Compute Cost": 3360.0,
    "Total Params": 1441,
    "Epochs": 1000
  }
}