{
  "completed_epoch": 1000,
  "min_loss": 0.01690921187400818,
  "min_val_loss": 0.016842292621731758,
  "current_epoch": 1000,
  "model_name": "WaveNet3",
  "training_alive": false,
  "timestamp": "20260413022248.0",
  "best_weights_file": "projects/05_1DCNN/1DCNNu8k8_e1k_lr2e2_pd8l2_relu/data\\1DCNNu8k8_e1k_lr2e2_pd8l2_relu_best_weights.h5",
  "best_val_weights_file": "projects/05_1DCNN/1DCNNu8k8_e1k_lr2e2_pd8l2_relu/data\\1DCNNu8k8_e1k_lr2e2_pd8l2_relu_best_val_weights.h5",
  "loss": 0.01693560555577278,
  "val_loss": 0.017305290326476097,
  "mae": 0.0,
  "afmae": 1.0737797021865845,
  "val_mae": 0.0,
  "val_afmae": 1.0741360187530518,
  "val_power_log_loss": 0.0,
  "power_log_loss": 0.0,
  "lr": 0.004000000189989805,
  "elapsed_time": 88.18880319595337,
  "remaining_time": 0.0,
  "expected_finish_time": "2026-04-13 02:22:36",
  "smoothed_speed": 65145.15274813158
}