{
  "project_name": "RNNu16_e1k_puremae_r15",
  "generated_at": "2026-04-14T15:51:36.161135+08:00",
  "status": "complete",
  "calculation_standard": "ablation-study-v1",
  "sources": {
    "training_info": true,
    "compute_analysis": true,
    "model_info": true,
    "linear_response": true,
    "linearity_by_frequency": true,
    "config": true
  },
  "missing_sources": [],
  "missing_sections": [],
  "epochs": 1000,
  "min_loss": 0.010249,
  "min_val_loss": 0.010006,
  "train_loss": 0.010010608471930027,
  "val_loss": 0.010006152093410492,
  "train_mae": 0.010010608471930027,
  "train_afmae": 0.09352069348096848,
  "val_mae": 0.010006152093410492,
  "val_afmae": 0.09441418200731277,
  "weights_source": "best_val",
  "freq_drift_hz": 6.675184818388129,
  "sens_drift_percent": 23.751005562232535,
  "linearity_percent": 1.0580319836988215,
  "compute_cost": 1280.0,
  "total_params": 577,
  "lr": 0.0015,
  "use_cosine_annealing": false,
  "metric_details": {
    "natural_frequency_drift": {
      "min": 28.677448365722103,
      "max": 36.975742714564326,
      "median": 35.35263318411023,
      "count": 25,
      "unit": "Hz",
      "method": "max(|max-median|, |median-min|) from fn_comped",
      "drift": 6.675184818388129
    },
    "sensitivity_drift": {
      "min": 45.22766818996685,
      "max": 70.93226038169463,
      "median": 68.97867375219938,
      "count": 25,
      "unit": "%",
      "method": "max(|max-median|, |median-min|) from interpolated sensitivity",
      "drift": 23.751005562232535,
      "frequency_hz": 100.0
    },
    "linearity": {
      "mean": 1.0580319836988215,
      "max": 3.1159456087035076,
      "min": 0.21647310416296195,
      "count": 14,
      "unit": "%",
      "method": "mean(1 - R^2) across frequency points"
    },
    "natural_frequency_drift_origin": {
      "min": 34.24511188160566,
      "max": 93.39109038646993,
      "median": 58.89345106524416,
      "count": 25,
      "unit": "Hz",
      "method": "max(|max-median|, |median-min|) from fn_origin",
      "drift": 34.49763932122577
    },
    "sensitivity_drift_origin": {
      "min": 60.001934754356135,
      "max": 203.37127543336493,
      "median": 144.5628340451216,
      "count": 25,
      "unit": "%",
      "method": "max(|max-median|, |median-min|) from interpolated origin sensitivity",
      "drift": 84.56089929076546,
      "frequency_hz": 100.0
    },
    "linearity_origin": {
      "mean": 2.5499568401843997,
      "max": 6.418887454843169,
      "min": 0.359242046082775,
      "count": 14,
      "unit": "%",
      "method": "mean(1 - R^2) across frequency points"
    }
  },
  "compute_details": {
    "total_params": 577,
    "additions": 544,
    "multiplications": 544,
    "maps": 32,
    "total_ops": 1120,
    "weighted_total": 1280.0,
    "weighted_additions": 544.0,
    "weighted_multiplications": 544.0,
    "weighted_maps": 192.0
  },
  "compute_cost_status": "complete",
  "compute_has_unsupported_layers": false,
  "compute_unsupported_layer_count": 0,
  "compute_unsupported_layers": [],
  "compute_unsupported_layer_details": [],
  "compute_cost_warning": null,
  "loss_function": "MAE",
  "loss_function_key": "mae",
  "loss_function_source": "config.use_power_loss",
  "display_metrics": {
    "Loss Function": "MAE",
    "TRAIN_MAE": 0.010010608471930027,
    "TRAIN_AFMAE": 0.09352069348096848,
    "VAL_MAE": 0.010006152093410492,
    "VAL_AFMAE": 0.09441418200731277,
    "Freq Drift (Hz)": 6.675184818388129,
    "Sens Drift (%)": 23.751005562232535,
    "Linearity (%)": 1.0580319836988215,
    "Compute Cost": 1280.0,
    "Total Params": 577,
    "Epochs": 1000,
    "LR": 0.0015,
    "Cosine Annealing": false
  }
}