{
  "completed_epoch": 652,
  "min_loss": 0.011123435571789742,
  "min_val_loss": 0.010577757842838764,
  "current_epoch": 652,
  "model_name": "RNN",
  "training_alive": true,
  "timestamp": "20260414143320.0",
  "best_weights_file": "projects/07_RNN/RNNu16_e1k_puremae_r15/data\\RNNu16_e1k_puremae_r15_best_weights.h5",
  "best_val_weights_file": "projects/07_RNN/RNNu16_e1k_puremae_r15/data\\RNNu16_e1k_puremae_r15_best_val_weights.h5",
  "loss": 0.011574788950383663,
  "val_loss": 0.010958614759147167,
  "mae": 0.0,
  "afmae": 1.0849053859710693,
  "val_mae": 0.0,
  "val_afmae": 1.0834497213363647,
  "val_power_log_loss": 0.0,
  "power_log_loss": 0.0,
  "lr": 0.003000000026077032,
  "elapsed_time": 8229.733055591583,
  "remaining_time": 4638.013569908309,
  "expected_finish_time": "2026-04-14 15:50:38",
  "smoothed_speed": 270.1156391883448
}