{
  "completed_epoch": 1000,
  "min_loss": 0.010248911567032337,
  "min_val_loss": 0.010006151162087917,
  "current_epoch": 1000,
  "model_name": "RNN",
  "training_alive": false,
  "timestamp": "20260414155109.2",
  "best_weights_file": "projects/07_RNN/RNNu16_e1k_puremae_r15/data\\RNNu16_e1k_puremae_r15_best_weights.h5",
  "best_val_weights_file": "projects/07_RNN/RNNu16_e1k_puremae_r15/data\\RNNu16_e1k_puremae_r15_best_val_weights.h5",
  "loss": 0.011101910844445229,
  "val_loss": 0.011672909371554852,
  "mae": 0.0,
  "afmae": 1.0849053859710693,
  "val_mae": 0.0,
  "val_afmae": 1.0834497213363647,
  "val_power_log_loss": 0.0,
  "power_log_loss": 0.0,
  "lr": 0.003000000026077032,
  "elapsed_time": 12820.084148168564,
  "remaining_time": 0.0,
  "expected_finish_time": "2026-04-14 15:49:50",
  "smoothed_speed": 278.3818052577681
}