{
  "completed_epoch": 45,
  "min_loss": 0.8552621006965637,
  "min_val_loss": 0.8659563064575195,
  "current_epoch": 45,
  "model_name": "FRIKAN",
  "training_alive": false,
  "timestamp": "20260419172637.0",
  "best_weights_file": "projects/08_IIR_AB/FRIKANh8u6l6_e1k_lr3e4_randiir_frozen/data\\FRIKANh8u6l6_e1k_lr3e4_randiir_frozen_best_weights.h5",
  "best_val_weights_file": "projects/08_IIR_AB/FRIKANh8u6l6_e1k_lr3e4_randiir_frozen/data\\FRIKANh8u6l6_e1k_lr3e4_randiir_frozen_best_val_weights.h5",
  "loss": 0.84201580286026,
  "val_loss": 0.8536652326583862,
  "mae": 0.0,
  "afmae": 1.4302541017532349,
  "val_mae": 0.0,
  "val_afmae": 1.4154341220855713,
  "val_power_log_loss": 1.2648744583129883,
  "power_log_loss": 1.284242868423462,
  "lr": 5.999999848427251e-05,
  "elapsed_time": 36.394779443740845,
  "remaining_time": 2774.8710677232925,
  "expected_finish_time": "2026-04-19 18:12:50",
  "smoothed_speed": 1238.9764843455544
}