{
  "completed_epoch": 31,
  "min_loss": 1.0512235164642334,
  "min_val_loss": 1.0674092769622803,
  "current_epoch": 31,
  "model_name": "FRIKAN",
  "training_alive": true,
  "timestamp": "20260419115521.4",
  "best_weights_file": "projects/08_IIR_AB/FRIKANh8u6l6_e1k_lr3e4_randiir_frozen/data\\FRIKANh8u6l6_e1k_lr3e4_randiir_frozen_best_weights.h5",
  "best_val_weights_file": "projects/08_IIR_AB/FRIKANh8u6l6_e1k_lr3e4_randiir_frozen/data\\FRIKANh8u6l6_e1k_lr3e4_randiir_frozen_best_val_weights.h5",
  "loss": 1.0331249237060547,
  "val_loss": 1.0485328435897827,
  "mae": 0.0,
  "afmae": 2.004939556121826,
  "val_mae": 0.0,
  "val_afmae": 1.998398780822754,
  "val_power_log_loss": 1.4154342412948608,
  "power_log_loss": 1.4373685121536255,
  "lr": 5.999999848427251e-05,
  "elapsed_time": 79.00618314743042,
  "remaining_time": 2435.481565749283,
  "expected_finish_time": "2026-04-19 12:35:56",
  "smoothed_speed": 1432.3245345225118
}