{
  "project_name": "LSTMu16_e1k_lr7e4_r4",
  "generated_at": "2026-04-13T10:12:08.800041+08:00",
  "status": "complete",
  "calculation_standard": "ablation-study-v1",
  "sources": {
    "training_info": true,
    "compute_analysis": true,
    "model_info": true,
    "linear_response": true,
    "linearity_by_frequency": true,
    "config": true
  },
  "missing_sources": [],
  "missing_sections": [],
  "epochs": 1000,
  "min_loss": 0.030469,
  "min_val_loss": 0.031009,
  "train_loss": 0.030528640374541283,
  "val_loss": 0.031008977442979813,
  "train_mae": 0.019111013039946556,
  "train_afmae": 0.062244962900877,
  "val_mae": 0.019468192011117935,
  "val_afmae": 0.06447867304086685,
  "weights_source": "best_val",
  "freq_drift_hz": 5.348532237212282,
  "sens_drift_percent": 10.691889085229903,
  "linearity_percent": 0.7834208533540958,
  "compute_cost": 3360.0,
  "total_params": 1441,
  "lr": 0.0007,
  "use_cosine_annealing": false,
  "metric_details": {
    "natural_frequency_drift": {
      "min": 30.985732609718493,
      "max": 38.04860927963362,
      "median": 32.700077042421334,
      "count": 25,
      "unit": "Hz",
      "method": "max(|max-median|, |median-min|) from fn_comped",
      "drift": 5.348532237212282
    },
    "sensitivity_drift": {
      "min": 50.70566192558652,
      "max": 67.7128204482603,
      "median": 61.39755101081642,
      "count": 25,
      "unit": "%",
      "method": "max(|max-median|, |median-min|) from interpolated sensitivity",
      "drift": 10.691889085229903,
      "frequency_hz": 100.0
    },
    "linearity": {
      "mean": 0.7834208533540958,
      "max": 2.5430562431096426,
      "min": 0.1633485073552987,
      "count": 14,
      "unit": "%",
      "method": "mean(1 - R^2) across frequency points"
    },
    "natural_frequency_drift_origin": {
      "min": 34.24511188160566,
      "max": 93.39109038646993,
      "median": 58.89345106524416,
      "count": 25,
      "unit": "Hz",
      "method": "max(|max-median|, |median-min|) from fn_origin",
      "drift": 34.49763932122577
    },
    "sensitivity_drift_origin": {
      "min": 60.001934754356135,
      "max": 203.37127543336493,
      "median": 144.5628340451216,
      "count": 25,
      "unit": "%",
      "method": "max(|max-median|, |median-min|) from interpolated origin sensitivity",
      "drift": 84.56089929076546,
      "frequency_hz": 100.0
    },
    "linearity_origin": {
      "mean": 2.5499568401843997,
      "max": 6.418887454843169,
      "min": 0.359242046082775,
      "count": 14,
      "unit": "%",
      "method": "mean(1 - R^2) across frequency points"
    }
  },
  "compute_details": {
    "total_params": 1441,
    "additions": 1376,
    "multiplications": 1408,
    "maps": 96,
    "total_ops": 2880,
    "weighted_total": 3360.0,
    "weighted_additions": 1376.0,
    "weighted_multiplications": 1408.0,
    "weighted_maps": 576.0
  },
  "compute_cost_status": "complete",
  "compute_has_unsupported_layers": false,
  "compute_unsupported_layer_count": 0,
  "compute_unsupported_layers": [],
  "compute_unsupported_layer_details": [],
  "compute_cost_warning": null,
  "loss_function": "MAE+AFMAE",
  "loss_function_key": "power_log_mae",
  "loss_function_source": "config.use_power_loss",
  "display_metrics": {
    "Loss Function": "MAE+AFMAE",
    "TRAIN_MAE": 0.019111013039946556,
    "TRAIN_AFMAE": 0.062244962900877,
    "VAL_MAE": 0.019468192011117935,
    "VAL_AFMAE": 0.06447867304086685,
    "Freq Drift (Hz)": 5.348532237212282,
    "Sens Drift (%)": 10.691889085229903,
    "Linearity (%)": 0.7834208533540958,
    "Compute Cost": 3360.0,
    "Total Params": 1441,
    "Epochs": 1000,
    "LR": 0.0007,
    "Cosine Annealing": false
  }
}