{
  "completed_epoch": 1000,
  "min_loss": 0.03046858310699463,
  "min_val_loss": 0.031008977442979813,
  "current_epoch": 1000,
  "model_name": "LSTM",
  "training_alive": false,
  "timestamp": "20260409203121.5",
  "best_weights_file": "projects/01_LR_STUDY/LSTMu16_e1k_lr7e4_r4/data\\LSTMu16_e1k_lr7e4_r4_best_weights.h5",
  "best_val_weights_file": "projects/01_LR_STUDY/LSTMu16_e1k_lr7e4_r4/data\\LSTMu16_e1k_lr7e4_r4_best_val_weights.h5",
  "loss": 0.030740797519683838,
  "val_loss": 0.033022426068782806,
  "mae": 0.0,
  "afmae": 2.037421464920044,
  "val_mae": 0.0,
  "val_afmae": 2.0373542308807373,
  "val_power_log_loss": 0.06517308950424194,
  "power_log_loss": 0.061746906489133835,
  "lr": 0.00014000000373926014,
  "elapsed_time": 1809.7206563949585,
  "remaining_time": 1.787199088748967,
  "expected_finish_time": "2026-04-04 22:18:31",
  "smoothed_speed": 2014.3251094202308
}