{
  "completed_epoch": 21,
  "min_loss": 0.2228245735168457,
  "min_val_loss": 0.2235437035560608,
  "current_epoch": 21,
  "model_name": "FRIMLP",
  "training_alive": true,
  "timestamp": "20260410224717.3",
  "best_weights_file": "projects/04_FRIMLP/FRIMLPh8u6l6_e1k_lr5e4_mlp8l6_tanh_d00/data\\FRIMLPh8u6l6_e1k_lr5e4_mlp8l6_tanh_d00_best_weights.h5",
  "best_val_weights_file": "projects/04_FRIMLP/FRIMLPh8u6l6_e1k_lr5e4_mlp8l6_tanh_d00/data\\FRIMLPh8u6l6_e1k_lr5e4_mlp8l6_tanh_d00_best_val_weights.h5",
  "loss": 0.2232000082731247,
  "val_loss": 0.2227945327758789,
  "mae": 0.0,
  "afmae": 1.1197842359542847,
  "val_mae": 0.0,
  "val_afmae": 1.1199398040771484,
  "val_power_log_loss": 0.4754999279975891,
  "power_log_loss": 0.48263245820999146,
  "lr": 9.999999747378752e-05,
  "elapsed_time": 147.74247670173645,
  "remaining_time": 7235.798789304038,
  "expected_finish_time": "2026-04-11 00:47:53",
  "smoothed_speed": 487.5757470225805
}