{
  "completed_epoch": 1000,
  "min_loss": 0.12861765921115875,
  "min_val_loss": 0.12905271351337433,
  "current_epoch": 1000,
  "model_name": "CNNKAN",
  "training_alive": false,
  "timestamp": "20260407030540.5",
  "best_weights_file": "projects/01_LR_STUDY/CNNKANh8u6l6_e1k_lr28e5_c8k3d03/data\\CNNKANh8u6l6_e1k_lr28e5_c8k3d03_best_weights.h5",
  "best_val_weights_file": "projects/01_LR_STUDY/CNNKANh8u6l6_e1k_lr28e5_c8k3d03/data\\CNNKANh8u6l6_e1k_lr28e5_c8k3d03_best_val_weights.h5",
  "loss": 0.13166752457618713,
  "val_loss": 0.13362480700016022,
  "mae": 0.0,
  "afmae": 1.6070624589920044,
  "val_mae": 0.0,
  "val_afmae": 1.5925571918487549,
  "val_power_log_loss": 0.06611054390668869,
  "power_log_loss": 0.056071314960718155,
  "lr": 5.6000000768108293e-05,
  "elapsed_time": 9457.341146945953,
  "remaining_time": 6.625214260177085,
  "expected_finish_time": "2026-04-07 03:05:47",
  "smoothed_speed": 543.3786529197888
}