{
  "timestamp": "2025-07-13T21:05:13.150453",
  "plot_name": "layer_3_bias_rms_comparison",
  "plot_type": "layer_bias_rms_comparison",
  "data": {
    "channels": [
      0,
      1,
      2,
      3,
      4,
      5
    ],
    "baseline_bias_errors": [
      0.009474694172683346,
      9.4542829061307e-05,
      -0.0016262718438020407,
      0.0002784322062205913,
      0.0011805258843325672,
      0.0031782758907278885
    ],
    "compensated_bias_errors": [
      0.004725130255162552,
      0.0005693428687452862,
      0.0002993358414412617,
      0.0007663212863804891,
      0.0008625986737302027,
      0.0003123497769614847
    ],
    "baseline_rms_error": 0.03379520131365884,
    "compensated_rms_error": 0.033680851005666146,
    "baseline_mean": 0.0020966998565372765,
    "compensated_mean": 0.001255846450403546,
    "bias_improvement_percent": 40.10366116600062,
    "rms_improvement_percent": 0.33836255902543366
  },
  "metadata": {
    "layer": 3,
    "layer_name": "Layer_3",
    "channel_count": 6,
    "units": "mixed_bias_rms_errors"
  }
}