{
    "total_epochs": 30000,
    "min_loss": 0.0019924,
    "params@min_loss": {
        "epoch": 29982,
        "val_loss": 0.0021957,
        "power_log_loss": 0.0013508,
        "val_power_log_loss": 0.0022728
    },
    "min_val_loss": 0.0021825,
    "params@min_val_loss": {
        "epoch": 29588,
        "val_loss": 0.0021825,
        "power_log_loss": 0.0014139,
        "val_power_log_loss": 0.0022159
    },
    "min_power_log_loss": 0.0013505,
    "params@min_power_log_loss": {
        "epoch": 29958,
        "val_loss": 0.0021963,
        "power_log_loss": 0.0013505,
        "val_power_log_loss": 0.0022747
    },
    "min_val_power_log_loss": 0.0021958,
    "params@min_val_power_log_loss": {
        "epoch": 28166,
        "val_loss": 0.0021948,
        "power_log_loss": 0.0020238,
        "val_power_log_loss": 0.0021958
    },
    "learning_rate_max": 0.02,
    "learning_rate_min": 8.4782e-06,
    "learning_rate_mean": 0.0035399541795733333
}