{
  "project_name": "FRIKANh8u6l6_e1k_lr5e5_pureafmae",
  "generated_at": "2026-04-13T10:12:09.284093+08:00",
  "status": "complete",
  "calculation_standard": "ablation-study-v1",
  "sources": {
    "training_info": true,
    "compute_analysis": true,
    "model_info": true,
    "linear_response": true,
    "linearity_by_frequency": true,
    "config": true
  },
  "missing_sources": [],
  "missing_sections": [],
  "epochs": 1000,
  "min_loss": 0.021752,
  "min_val_loss": 0.031847,
  "train_loss": 0.021145453676581383,
  "val_loss": 0.03184729069471359,
  "train_mae": 0.07128550112247467,
  "train_afmae": 0.021145453676581383,
  "val_mae": 0.07284293323755264,
  "val_afmae": 0.03184729069471359,
  "weights_source": "best_val",
  "freq_drift_hz": 6.755330741278566,
  "sens_drift_percent": 34.710664735310814,
  "linearity_percent": 1.9933631962973968,
  "compute_cost": 1710.0,
  "total_params": 2569,
  "lr": 5e-05,
  "use_cosine_annealing": false,
  "metric_details": {
    "natural_frequency_drift": {
      "min": 23.62672299929133,
      "max": 33.445962860064256,
      "median": 26.69063211878569,
      "count": 25,
      "unit": "Hz",
      "method": "max(|max-median|, |median-min|) from fn_comped",
      "drift": 6.755330741278566
    },
    "sensitivity_drift": {
      "min": 22.558832675281607,
      "max": 69.92332411629896,
      "median": 35.21265938098814,
      "count": 25,
      "unit": "%",
      "method": "max(|max-median|, |median-min|) from interpolated sensitivity",
      "drift": 34.710664735310814,
      "frequency_hz": 100.0
    },
    "linearity": {
      "mean": 1.9933631962973968,
      "max": 10.86212928296838,
      "min": 0.33460912947219645,
      "count": 14,
      "unit": "%",
      "method": "mean(1 - R^2) across frequency points"
    },
    "natural_frequency_drift_origin": {
      "min": 34.24511188160566,
      "max": 93.39109038646993,
      "median": 58.89345106524416,
      "count": 25,
      "unit": "Hz",
      "method": "max(|max-median|, |median-min|) from fn_origin",
      "drift": 34.49763932122577
    },
    "sensitivity_drift_origin": {
      "min": 60.001934754356135,
      "max": 203.37127543336493,
      "median": 144.5628340451216,
      "count": 25,
      "unit": "%",
      "method": "max(|max-median|, |median-min|) from interpolated origin sensitivity",
      "drift": 84.56089929076546,
      "frequency_hz": 100.0
    },
    "linearity_origin": {
      "mean": 2.5499568401843997,
      "max": 6.418887454843169,
      "min": 0.359242046082775,
      "count": 14,
      "unit": "%",
      "method": "mean(1 - R^2) across frequency points"
    }
  },
  "compute_details": {
    "total_params": 2569,
    "additions": 266,
    "multiplications": 40,
    "maps": 234,
    "total_ops": 540,
    "weighted_total": 1710.0,
    "weighted_additions": 266.0,
    "weighted_multiplications": 40.0,
    "weighted_maps": 1404.0
  },
  "compute_cost_status": "complete",
  "compute_has_unsupported_layers": false,
  "compute_unsupported_layer_count": 0,
  "compute_unsupported_layers": [],
  "compute_unsupported_layer_details": [],
  "compute_cost_warning": null,
  "loss_function": "AFMAE",
  "loss_function_key": "pure_power_log_mae",
  "loss_function_source": "config.use_pure_power_loss",
  "display_metrics": {
    "Loss Function": "AFMAE",
    "TRAIN_MAE": 0.07128550112247467,
    "TRAIN_AFMAE": 0.021145453676581383,
    "VAL_MAE": 0.07284293323755264,
    "VAL_AFMAE": 0.03184729069471359,
    "Freq Drift (Hz)": 6.755330741278566,
    "Sens Drift (%)": 34.710664735310814,
    "Linearity (%)": 1.9933631962973968,
    "Compute Cost": 1710.0,
    "Total Params": 2569,
    "Epochs": 1000,
    "LR": 5e-05,
    "Cosine Annealing": false
  }
}