{
  "completed_epoch": 1000,
  "min_loss": 0.02175241708755493,
  "min_val_loss": 0.03184729069471359,
  "current_epoch": 1000,
  "model_name": "FRIKAN",
  "training_alive": false,
  "timestamp": "20260410154006.8",
  "best_weights_file": "projects/03_FRIKAN_PUREAFME/FRIKANh8u6l6_e1k_lr5e5_pureafmae/data\\FRIKANh8u6l6_e1k_lr5e5_pureafmae_best_weights.h5",
  "best_val_weights_file": "projects/03_FRIKAN_PUREAFME/FRIKANh8u6l6_e1k_lr5e5_pureafmae/data\\FRIKANh8u6l6_e1k_lr5e5_pureafmae_best_val_weights.h5",
  "loss": 0.024312850087881088,
  "val_loss": 0.037742599844932556,
  "mae": 0.0,
  "afmae": 2.15476131439209,
  "val_mae": 0.0,
  "val_afmae": 2.149909019470215,
  "val_power_log_loss": 0.03774259611964226,
  "power_log_loss": 0.024312850087881088,
  "lr": 9.999999747378752e-05,
  "elapsed_time": 2029.4257164001465,
  "remaining_time": 1.981424941701227,
  "expected_finish_time": "2026-04-10 15:39:17",
  "smoothed_speed": 1816.8742727691135
}