{
    "total_epochs": 1000,
    "min_loss": 0.021752,
    "params@min_loss": {
        "epoch": 989,
        "val_loss": 0.032192,
        "mae": 0.0,
        "val_mae": 0.0,
        "power_log_loss": 0.021752,
        "val_power_log_loss": 0.032192
    },
    "min_val_loss": 0.031847,
    "params@min_val_loss": {
        "epoch": 878,
        "val_loss": 0.031847,
        "mae": 0.0,
        "val_mae": 0.0,
        "power_log_loss": 0.023596,
        "val_power_log_loss": 0.031847
    },
    "min_mae": 0.0,
    "params@min_mae": {
        "epoch": 1,
        "val_loss": 2.1063,
        "mae": 0.0,
        "val_mae": 0.0,
        "power_log_loss": 2.1378,
        "val_power_log_loss": 2.1063
    },
    "min_val_mae": 0.0,
    "params@min_val_mae": {
        "epoch": 1,
        "val_loss": 2.1063,
        "mae": 0.0,
        "val_mae": 0.0,
        "power_log_loss": 2.1378,
        "val_power_log_loss": 2.1063
    },
    "min_power_log_loss": 0.021752,
    "params@min_power_log_loss": {
        "epoch": 989,
        "val_loss": 0.032192,
        "mae": 0.0,
        "val_mae": 0.0,
        "power_log_loss": 0.021752,
        "val_power_log_loss": 0.032192
    },
    "min_val_power_log_loss": 0.031847,
    "params@min_val_power_log_loss": {
        "epoch": 878,
        "val_loss": 0.031847,
        "mae": 0.0,
        "val_mae": 0.0,
        "power_log_loss": 0.023596,
        "val_power_log_loss": 0.031847
    },
    "learning_rate_max": 0.0001,
    "learning_rate_min": 0.0001,
    "learning_rate_mean": 0.00010000000000000003,
    "evaluation_metrics": {
        "weights_source": "best_val",
        "train_loss": 0.021145453676581383,
        "val_loss": 0.03184729069471359,
        "train_mae": 0.07128550112247467,
        "train_afmae": 0.021145453676581383,
        "val_mae": 0.07284293323755264,
        "val_afmae": 0.03184729069471359
    }
}