{
  "completed_epoch": 1000,
  "min_loss": 0.05544055998325348,
  "min_val_loss": 0.05673297867178917,
  "current_epoch": 1000,
  "model_name": "FRIKAN",
  "training_alive": false,
  "timestamp": "20260410121811.4",
  "best_weights_file": "projects/01_LR_STUDY/FRIKANh8u6l6_e1k_lr14e5_pureafmae/data\\FRIKANh8u6l6_e1k_lr14e5_pureafmae_best_weights.h5",
  "best_val_weights_file": "projects/01_LR_STUDY/FRIKANh8u6l6_e1k_lr14e5_pureafmae/data\\FRIKANh8u6l6_e1k_lr14e5_pureafmae_best_val_weights.h5",
  "loss": 0.08224289119243622,
  "val_loss": 0.08874865621328354,
  "mae": 0.0,
  "afmae": 1.8276774883270264,
  "val_mae": 0.0,
  "val_afmae": 1.8150439262390137,
  "val_power_log_loss": 0.08874864876270294,
  "power_log_loss": 0.08224289119243622,
  "lr": 0.00279999990016222,
  "elapsed_time": 2107.5098991394043,
  "remaining_time": 2.0385613485544214,
  "expected_finish_time": "2026-04-10 12:15:03",
  "smoothed_speed": 1765.9512687969002
}