{
  "project_name": "FRIKANh8u6l6_puremae",
  "generated_at": "2026-04-09T23:48:48.292842+08:00",
  "status": "complete",
  "sources": {
    "training_info": true,
    "compute_analysis": true,
    "model_info": true,
    "linear_response": true
  },
  "missing_sources": [],
  "missing_sections": [],
  "epochs": 1000,
  "min_loss": 0.025436,
  "min_val_loss": 0.024967,
  "train_loss": 0.02470100112259388,
  "val_loss": 0.024966981261968613,
  "train_mae": 0.02470100112259388,
  "train_afmae": 0.02470100112259388,
  "val_mae": 0.024966981261968613,
  "val_afmae": 0.024966981261968613,
  "weights_source": null,
  "freq_drift_hz": 32.0,
  "sens_drift_percent": 30.41567187237956,
  "linearity_percent": 2.225093182224247,
  "compute_cost": 1710.0,
  "total_params": 2569,
  "display_metrics": {
    "TRAIN_MAE": 0.02470100112259388,
    "TRAIN_AFMAE": 0.02470100112259388,
    "VAL_MAE": 0.024966981261968613,
    "VAL_AFMAE": 0.024966981261968613,
    "Freq Drift (Hz)": 32.0,
    "Sens Drift (%)": 30.41567187237956,
    "Linearity (%)": 2.225093182224247,
    "Compute Cost": 1710.0,
    "Total Params": 2569,
    "Epochs": 1000
  }
}