{
  "project_name": "FRIKANh8u6l6_puremae",
  "generated_at": "2026-04-13T10:12:08.087828+08:00",
  "status": "complete",
  "calculation_standard": "ablation-study-v1",
  "sources": {
    "training_info": true,
    "compute_analysis": true,
    "model_info": true,
    "linear_response": true,
    "linearity_by_frequency": true,
    "config": true
  },
  "missing_sources": [],
  "missing_sections": [],
  "epochs": 1000,
  "min_loss": 0.025436,
  "min_val_loss": 0.024967,
  "train_loss": 0.02470100112259388,
  "val_loss": 0.024966977536678314,
  "train_mae": 0.02470100112259388,
  "train_afmae": 0.19540932774543762,
  "val_mae": 0.024966977536678314,
  "val_afmae": 0.20334023237228394,
  "weights_source": "best_val",
  "freq_drift_hz": 641542.1120405706,
  "sens_drift_percent": 143.52555023168412,
  "linearity_percent": 4.500330072433229,
  "compute_cost": 1710.0,
  "total_params": 2569,
  "lr": 0.01,
  "use_cosine_annealing": true,
  "metric_details": {
    "natural_frequency_drift": {
      "min": 28.576127367287988,
      "max": 641576.7073270826,
      "median": 34.59528651206244,
      "count": 25,
      "unit": "Hz",
      "method": "max(|max-median|, |median-min|) from fn_comped",
      "drift": 641542.1120405706
    },
    "sensitivity_drift": {
      "min": 47.20741961035223,
      "max": 209.74528109758862,
      "median": 66.2197308659045,
      "count": 25,
      "unit": "%",
      "method": "max(|max-median|, |median-min|) from interpolated sensitivity",
      "drift": 143.52555023168412,
      "frequency_hz": 100.0
    },
    "linearity": {
      "mean": 4.500330072433229,
      "max": 19.667201554211687,
      "min": 0.4472201584620361,
      "count": 14,
      "unit": "%",
      "method": "mean(1 - R^2) across frequency points"
    },
    "natural_frequency_drift_origin": {
      "min": 34.24511188160566,
      "max": 93.39109038646993,
      "median": 58.89345106524416,
      "count": 25,
      "unit": "Hz",
      "method": "max(|max-median|, |median-min|) from fn_origin",
      "drift": 34.49763932122577
    },
    "sensitivity_drift_origin": {
      "min": 60.001934754356135,
      "max": 203.37127543336493,
      "median": 144.5628340451216,
      "count": 25,
      "unit": "%",
      "method": "max(|max-median|, |median-min|) from interpolated origin sensitivity",
      "drift": 84.56089929076546,
      "frequency_hz": 100.0
    },
    "linearity_origin": {
      "mean": 2.5499568401843997,
      "max": 6.418887454843169,
      "min": 0.359242046082775,
      "count": 14,
      "unit": "%",
      "method": "mean(1 - R^2) across frequency points"
    }
  },
  "compute_details": {
    "total_params": 2569,
    "additions": 266,
    "multiplications": 40,
    "maps": 234,
    "total_ops": 540,
    "weighted_total": 1710.0,
    "weighted_additions": 266.0,
    "weighted_multiplications": 40.0,
    "weighted_maps": 1404.0
  },
  "compute_cost_status": "complete",
  "compute_has_unsupported_layers": false,
  "compute_unsupported_layer_count": 0,
  "compute_unsupported_layers": [],
  "compute_unsupported_layer_details": [],
  "compute_cost_warning": null,
  "loss_function": "MAE",
  "loss_function_key": "mae",
  "loss_function_source": "config.use_power_loss",
  "display_metrics": {
    "Loss Function": "MAE",
    "TRAIN_MAE": 0.02470100112259388,
    "TRAIN_AFMAE": 0.19540932774543762,
    "VAL_MAE": 0.024966977536678314,
    "VAL_AFMAE": 0.20334023237228394,
    "Freq Drift (Hz)": 641542.1120405706,
    "Sens Drift (%)": 143.52555023168412,
    "Linearity (%)": 4.500330072433229,
    "Compute Cost": 1710.0,
    "Total Params": 2569,
    "Epochs": 1000,
    "LR": 0.01,
    "Cosine Annealing": true
  }
}