{
  "project_name": "FRIKANh8u6l6_e1k_lr7e4_pureafmae",
  "generated_at": "2026-04-10T12:56:22.173848+08:00",
  "status": "complete",
  "calculation_standard": "ablation-study-v1",
  "sources": {
    "training_info": true,
    "compute_analysis": true,
    "model_info": true,
    "linear_response": true,
    "linearity_by_frequency": true,
    "config": true
  },
  "missing_sources": [],
  "missing_sections": [],
  "epochs": 1000,
  "min_loss": 0.027342,
  "min_val_loss": 0.037977,
  "train_loss": 0.024067077785730362,
  "val_loss": 0.037976570427417755,
  "train_mae": 0.06733774393796921,
  "train_afmae": 0.024067077785730362,
  "val_mae": 0.06886725127696991,
  "val_afmae": 0.037976570427417755,
  "weights_source": "best_val",
  "freq_drift_hz": 7.145648960226016,
  "sens_drift_percent": 47.05390364796287,
  "linearity_percent": 2.788582690074852,
  "compute_cost": 1710.0,
  "total_params": 2569,
  "lr": 0.0007,
  "use_cosine_annealing": false,
  "metric_details": {
    "natural_frequency_drift": {
      "min": 24.0183033974083,
      "max": 34.77455417956281,
      "median": 27.628905219336797,
      "count": 25,
      "unit": "Hz",
      "method": "max(|max-median|, |median-min|) from fn_comped",
      "drift": 7.145648960226016
    },
    "sensitivity_drift": {
      "min": 23.32176172824264,
      "max": 84.46971279474258,
      "median": 37.41580914677971,
      "count": 25,
      "unit": "%",
      "method": "max(|max-median|, |median-min|) from interpolated sensitivity",
      "drift": 47.05390364796287,
      "frequency_hz": 100.0
    },
    "linearity": {
      "mean": 2.788582690074852,
      "max": 21.433628672380344,
      "min": 0.3067490619568125,
      "count": 14,
      "unit": "%",
      "method": "mean(1 - R^2) across frequency points"
    },
    "natural_frequency_drift_origin": {
      "min": 34.24511188160566,
      "max": 93.39109038646993,
      "median": 58.89345106524416,
      "count": 25,
      "unit": "Hz",
      "method": "max(|max-median|, |median-min|) from fn_origin",
      "drift": 34.49763932122577
    },
    "sensitivity_drift_origin": {
      "min": 60.001934754356135,
      "max": 203.37127543336493,
      "median": 144.5628340451216,
      "count": 25,
      "unit": "%",
      "method": "max(|max-median|, |median-min|) from interpolated origin sensitivity",
      "drift": 84.56089929076546,
      "frequency_hz": 100.0
    },
    "linearity_origin": {
      "mean": 2.5499568401843997,
      "max": 6.418887454843169,
      "min": 0.359242046082775,
      "count": 14,
      "unit": "%",
      "method": "mean(1 - R^2) across frequency points"
    }
  },
  "compute_details": {
    "total_params": 2569,
    "additions": 266,
    "multiplications": 40,
    "maps": 234,
    "total_ops": 540,
    "weighted_total": 1710.0,
    "weighted_additions": 266.0,
    "weighted_multiplications": 40.0,
    "weighted_maps": 1404.0
  },
  "display_metrics": {
    "TRAIN_MAE": 0.06733774393796921,
    "TRAIN_AFMAE": 0.024067077785730362,
    "VAL_MAE": 0.06886725127696991,
    "VAL_AFMAE": 0.037976570427417755,
    "Freq Drift (Hz)": 7.145648960226016,
    "Sens Drift (%)": 47.05390364796287,
    "Linearity (%)": 2.788582690074852,
    "Compute Cost": 1710.0,
    "Total Params": 2569,
    "Epochs": 1000,
    "LR": 0.0007,
    "Cosine Annealing": false
  }
}