{
  "project_name": "1DCNNc4u8k20l8_e1k_lr2e3_nopd_true",
  "generated_at": "2026-04-13T17:40:56.848915+08:00",
  "status": "complete",
  "calculation_standard": "ablation-study-v1",
  "sources": {
    "training_info": true,
    "compute_analysis": true,
    "model_info": true,
    "linear_response": true,
    "linearity_by_frequency": true,
    "config": true
  },
  "missing_sources": [],
  "missing_sections": [],
  "epochs": 1000,
  "min_loss": 0.011501,
  "min_val_loss": 0.010959,
  "train_loss": 0.01098418328911066,
  "val_loss": 0.010959461331367493,
  "train_mae": 0.01098418328911066,
  "train_afmae": 0.09080898761749268,
  "val_mae": 0.010959461331367493,
  "val_afmae": 0.09090647846460342,
  "weights_source": "best_val",
  "freq_drift_hz": 8.235459269539884,
  "sens_drift_percent": 20.28589471112894,
  "linearity_percent": 0.9852842860836399,
  "compute_cost": 1528.0,
  "total_params": 741,
  "lr": 0.002,
  "use_cosine_annealing": false,
  "metric_details": {
    "natural_frequency_drift": {
      "min": 25.701564090027357,
      "max": 37.08091789097791,
      "median": 33.93702335956724,
      "count": 25,
      "unit": "Hz",
      "method": "max(|max-median|, |median-min|) from fn_comped",
      "drift": 8.235459269539884
    },
    "sensitivity_drift": {
      "min": 43.364705785965015,
      "max": 69.18444562765913,
      "median": 63.650600497093954,
      "count": 25,
      "unit": "%",
      "method": "max(|max-median|, |median-min|) from interpolated sensitivity",
      "drift": 20.28589471112894,
      "frequency_hz": 100.0
    },
    "linearity": {
      "mean": 0.9852842860836399,
      "max": 2.7039611032069533,
      "min": 0.2536408767995879,
      "count": 14,
      "unit": "%",
      "method": "mean(1 - R^2) across frequency points"
    },
    "natural_frequency_drift_origin": {
      "min": 34.24511188160566,
      "max": 93.39109038646993,
      "median": 58.89345106524416,
      "count": 25,
      "unit": "Hz",
      "method": "max(|max-median|, |median-min|) from fn_origin",
      "drift": 34.49763932122577
    },
    "sensitivity_drift_origin": {
      "min": 60.001934754356135,
      "max": 203.37127543336493,
      "median": 144.5628340451216,
      "count": 25,
      "unit": "%",
      "method": "max(|max-median|, |median-min|) from interpolated origin sensitivity",
      "drift": 84.56089929076546,
      "frequency_hz": 100.0
    },
    "linearity_origin": {
      "mean": 2.5499568401843997,
      "max": 6.418887454843169,
      "min": 0.359242046082775,
      "count": 14,
      "unit": "%",
      "method": "mean(1 - R^2) across frequency points"
    }
  },
  "compute_details": {
    "total_params": 741,
    "additions": 728,
    "multiplications": 728,
    "maps": 12,
    "total_ops": 1468,
    "weighted_total": 1528.0,
    "weighted_additions": 728.0,
    "weighted_multiplications": 728.0,
    "weighted_maps": 72.0
  },
  "compute_cost_status": "complete",
  "compute_has_unsupported_layers": false,
  "compute_unsupported_layer_count": 0,
  "compute_unsupported_layers": [],
  "compute_unsupported_layer_details": [],
  "compute_cost_warning": null,
  "loss_function": "MAE",
  "loss_function_key": "mae",
  "loss_function_source": "config.use_power_loss",
  "display_metrics": {
    "Loss Function": "MAE",
    "TRAIN_MAE": 0.01098418328911066,
    "TRAIN_AFMAE": 0.09080898761749268,
    "VAL_MAE": 0.010959461331367493,
    "VAL_AFMAE": 0.09090647846460342,
    "Freq Drift (Hz)": 8.235459269539884,
    "Sens Drift (%)": 20.28589471112894,
    "Linearity (%)": 0.9852842860836399,
    "Compute Cost": 1528.0,
    "Total Params": 741,
    "Epochs": 1000,
    "LR": 0.002,
    "Cosine Annealing": false
  }
}