{
  "completed_epoch": 1000,
  "min_loss": 0.011500827036798,
  "min_val_loss": 0.010959461331367493,
  "current_epoch": 1000,
  "model_name": "1DCNN",
  "training_alive": false,
  "timestamp": "20260413174050.4",
  "best_weights_file": "projects/05_1DCNN/1DCNNc4u8k20l8_e1k_lr2e3_nopd_true/data\\1DCNNc4u8k20l8_e1k_lr2e3_nopd_true_best_weights.h5",
  "best_val_weights_file": "projects/05_1DCNN/1DCNNc4u8k20l8_e1k_lr2e3_nopd_true/data\\1DCNNc4u8k20l8_e1k_lr2e3_nopd_true_best_val_weights.h5",
  "loss": 0.011567152105271816,
  "val_loss": 0.010961644351482391,
  "mae": 0.0,
  "afmae": 0.8514508008956909,
  "val_mae": 0.0,
  "val_afmae": 0.8513453006744385,
  "val_power_log_loss": 0.0,
  "power_log_loss": 0.0,
  "lr": 0.004000000189989805,
  "elapsed_time": 92.48000884056091,
  "remaining_time": 0.0,
  "expected_finish_time": "2026-04-13 17:40:41",
  "smoothed_speed": 61496.07649366567
}