{
  "completed_epoch": 2,
  "min_loss": 1.8052564859390259,
  "min_val_loss": 1.8516584634780884,
  "current_epoch": 2,
  "model_name": "FRIKAN",
  "training_alive": false,
  "timestamp": "20260420213857.8",
  "best_weights_file": "projects/08_IIR_AB/FRIKANh8u6l6_e1k_lr2e4_sysiir_trainable_trueiir_mb62_simoiirprobe_20260420/data\\FRIKANh8u6l6_e1k_lr2e4_sysiir_trainable_trueiir_mb62_simoiirprobe_20260420_best_weights.h5",
  "best_val_weights_file": "projects/08_IIR_AB/FRIKANh8u6l6_e1k_lr2e4_sysiir_trainable_trueiir_mb62_simoiirprobe_20260420/data\\FRIKANh8u6l6_e1k_lr2e4_sysiir_trainable_trueiir_mb62_simoiirprobe_20260420_best_val_weights.h5",
  "loss": 1.765292763710022,
  "val_loss": 1.8065112829208374,
  "mae": 0.0,
  "afmae": 1.9849300384521484,
  "val_mae": 0.0,
  "val_afmae": 1.9744725227355957,
  "val_power_log_loss": 1.9247642755508423,
  "power_log_loss": 1.9389721155166626,
  "lr": 3.9999998989515007e-05,
  "elapsed_time": 459.5413737297058,
  "remaining_time": 235763.8895391038,
  "expected_finish_time": "2026-04-23 15:08:21",
  "smoothed_speed": 15.238974921153469
}