{
  "project_name": "RNNu20_e1k_puremae_r15",
  "generated_at": "2026-04-16T06:01:08.486701+08:00",
  "status": "complete",
  "calculation_standard": "ablation-study-v1",
  "sources": {
    "training_info": true,
    "compute_analysis": true,
    "model_info": true,
    "linear_response": true,
    "linearity_by_frequency": true,
    "config": true
  },
  "missing_sources": [],
  "missing_sections": [],
  "epochs": 1000,
  "min_loss": 0.01155,
  "min_val_loss": 0.011387,
  "train_loss": 0.011296084150671959,
  "val_loss": 0.011387361213564873,
  "train_mae": 0.011296084150671959,
  "train_afmae": 0.11318204551935196,
  "val_mae": 0.011387361213564873,
  "val_afmae": 0.11354942619800568,
  "weights_source": "best_val",
  "freq_drift_hz": 9.499128284617118,
  "sens_drift_percent": 27.52218174614432,
  "linearity_percent": 1.8251942490331068,
  "compute_cost": 1920.0,
  "total_params": 881,
  "lr": 0.0015,
  "use_cosine_annealing": false,
  "metric_details": {
    "natural_frequency_drift": {
      "min": 25.077173870575596,
      "max": 36.85617843746281,
      "median": 34.576302155192714,
      "count": 25,
      "unit": "Hz",
      "method": "max(|max-median|, |median-min|) from fn_comped",
      "drift": 9.499128284617118
    },
    "sensitivity_drift": {
      "min": 37.239998583785244,
      "max": 72.06800731361933,
      "median": 64.76218032992956,
      "count": 25,
      "unit": "%",
      "method": "max(|max-median|, |median-min|) from interpolated sensitivity",
      "drift": 27.52218174614432,
      "frequency_hz": 100.0
    },
    "linearity": {
      "mean": 1.8251942490331068,
      "max": 8.221259251646417,
      "min": 0.3265514086372101,
      "count": 14,
      "unit": "%",
      "method": "mean(1 - R^2) across frequency points"
    },
    "natural_frequency_drift_origin": {
      "min": 34.24511188160566,
      "max": 93.39109038646993,
      "median": 58.89345106524416,
      "count": 25,
      "unit": "Hz",
      "method": "max(|max-median|, |median-min|) from fn_origin",
      "drift": 34.49763932122577
    },
    "sensitivity_drift_origin": {
      "min": 60.001934754356135,
      "max": 203.37127543336493,
      "median": 144.5628340451216,
      "count": 25,
      "unit": "%",
      "method": "max(|max-median|, |median-min|) from interpolated origin sensitivity",
      "drift": 84.56089929076546,
      "frequency_hz": 100.0
    },
    "linearity_origin": {
      "mean": 2.5499568401843997,
      "max": 6.418887454843169,
      "min": 0.359242046082775,
      "count": 14,
      "unit": "%",
      "method": "mean(1 - R^2) across frequency points"
    }
  },
  "compute_details": {
    "total_params": 881,
    "additions": 840,
    "multiplications": 840,
    "maps": 40,
    "total_ops": 1720,
    "weighted_total": 1920.0,
    "weighted_additions": 840.0,
    "weighted_multiplications": 840.0,
    "weighted_maps": 240.0
  },
  "compute_cost_status": "complete",
  "compute_has_unsupported_layers": false,
  "compute_unsupported_layer_count": 0,
  "compute_unsupported_layers": [],
  "compute_unsupported_layer_details": [],
  "compute_cost_warning": null,
  "loss_function": "MAE",
  "loss_function_key": "mae",
  "loss_function_source": "config.use_power_loss",
  "display_metrics": {
    "Loss Function": "MAE",
    "TRAIN_MAE": 0.011296084150671959,
    "TRAIN_AFMAE": 0.11318204551935196,
    "VAL_MAE": 0.011387361213564873,
    "VAL_AFMAE": 0.11354942619800568,
    "Freq Drift (Hz)": 9.499128284617118,
    "Sens Drift (%)": 27.52218174614432,
    "Linearity (%)": 1.8251942490331068,
    "Compute Cost": 1920.0,
    "Total Params": 881,
    "Epochs": 1000,
    "LR": 0.0015,
    "Cosine Annealing": false
  }
}