{
  "completed_epoch": 1000,
  "min_loss": 0.011550483293831348,
  "min_val_loss": 0.011387362144887447,
  "current_epoch": 1000,
  "model_name": "RNN",
  "training_alive": false,
  "timestamp": "20260416060043.0",
  "best_weights_file": "projects/07_RNN/RNNu20_e1k_puremae_r15/data\\RNNu20_e1k_puremae_r15_best_weights.h5",
  "best_val_weights_file": "projects/07_RNN/RNNu20_e1k_puremae_r15/data\\RNNu20_e1k_puremae_r15_best_val_weights.h5",
  "loss": 0.015841521322727203,
  "val_loss": 0.016144370660185814,
  "mae": 0.0,
  "afmae": 0.5223913788795471,
  "val_mae": 0.0,
  "val_afmae": 0.5236898064613342,
  "val_power_log_loss": 0.0,
  "power_log_loss": 0.0,
  "lr": 0.003000000026077032,
  "elapsed_time": 11561.902834415436,
  "remaining_time": 0.0,
  "expected_finish_time": "2026-04-16 06:00:20",
  "smoothed_speed": 312.49086481468055
}