{
  "project_name": "FRIKANh8u6l6_e1k_lr7e4_nosym_r5",
  "generated_at": "2026-04-10T00:36:25.984672+08:00",
  "status": "complete",
  "calculation_standard": "ablation-study-v1",
  "sources": {
    "training_info": true,
    "compute_analysis": true,
    "model_info": true,
    "linear_response": true,
    "linearity_by_frequency": true
  },
  "missing_sources": [],
  "missing_sections": [],
  "epochs": 1000,
  "min_loss": 0.063247,
  "min_val_loss": 0.066048,
  "train_loss": 0.06335882097482681,
  "val_loss": 0.06604789942502975,
  "train_mae": 0.14810490608215332,
  "train_afmae": 0.03819612041115761,
  "val_mae": 0.14828214049339294,
  "val_afmae": 0.050500333309173584,
  "weights_source": null,
  "freq_drift_hz": 10.912781133652594,
  "sens_drift_percent": 10.613472403874454,
  "linearity_percent": 2.199637131948052,
  "compute_cost": 1710.0,
  "total_params": 2569,
  "metric_details": {
    "natural_frequency_drift": {
      "min": 30.78837638646289,
      "max": 47.99852934094665,
      "median": 37.08574820729405,
      "count": 25,
      "unit": "Hz",
      "method": "max(|max-median|, |median-min|) from fn_comped",
      "drift": 10.912781133652594
    },
    "sensitivity_drift": {
      "min": 43.64365026660502,
      "max": 63.508839017118,
      "median": 54.257122670479475,
      "count": 25,
      "unit": "%",
      "method": "max(|max-median|, |median-min|) from interpolated sensitivity",
      "drift": 10.613472403874454,
      "frequency_hz": 100.0
    },
    "linearity": {
      "mean": 2.199637131948052,
      "max": 4.4166318518121255,
      "min": 0.6419620624860567,
      "count": 14,
      "unit": "%",
      "method": "mean(1 - R^2) across frequency points"
    },
    "natural_frequency_drift_origin": {
      "min": 34.24511188160566,
      "max": 93.39109038646993,
      "median": 58.89345106524416,
      "count": 25,
      "unit": "Hz",
      "method": "max(|max-median|, |median-min|) from fn_origin",
      "drift": 34.49763932122577
    },
    "sensitivity_drift_origin": {
      "min": 60.001934754356135,
      "max": 203.37127543336493,
      "median": 144.5628340451216,
      "count": 25,
      "unit": "%",
      "method": "max(|max-median|, |median-min|) from interpolated origin sensitivity",
      "drift": 84.56089929076546,
      "frequency_hz": 100.0
    },
    "linearity_origin": {
      "mean": 2.5499568401843997,
      "max": 6.418887454843169,
      "min": 0.359242046082775,
      "count": 14,
      "unit": "%",
      "method": "mean(1 - R^2) across frequency points"
    }
  },
  "compute_details": {
    "total_params": 2569,
    "additions": 266,
    "multiplications": 40,
    "maps": 234,
    "total_ops": 540,
    "weighted_total": 1710.0,
    "weighted_additions": 266.0,
    "weighted_multiplications": 40.0,
    "weighted_maps": 1404.0
  },
  "display_metrics": {
    "TRAIN_MAE": 0.14810490608215332,
    "TRAIN_AFMAE": 0.03819612041115761,
    "VAL_MAE": 0.14828214049339294,
    "VAL_AFMAE": 0.050500333309173584,
    "Freq Drift (Hz)": 10.912781133652594,
    "Sens Drift (%)": 10.613472403874454,
    "Linearity (%)": 2.199637131948052,
    "Compute Cost": 1710.0,
    "Total Params": 2569,
    "Epochs": 1000
  }
}