{
  "project_name": "FRIKANh8u6l6_e1k_lr7e4_nosym_r5",
  "generated_at": "2026-04-09T23:48:48.573148+08:00",
  "status": "complete",
  "sources": {
    "training_info": true,
    "compute_analysis": true,
    "model_info": true,
    "linear_response": true
  },
  "missing_sources": [],
  "missing_sections": [],
  "epochs": 1000,
  "min_loss": 0.063247,
  "min_val_loss": 0.066048,
  "train_loss": 0.06335882097482681,
  "val_loss": 0.06604789942502975,
  "train_mae": 0.14810490608215332,
  "train_afmae": 0.03819612041115761,
  "val_mae": 0.14828214049339294,
  "val_afmae": 0.050500333309173584,
  "weights_source": null,
  "freq_drift_hz": 24.0,
  "sens_drift_percent": 50.145087613031535,
  "linearity_percent": 8.590326876030808,
  "compute_cost": 1710.0,
  "total_params": 2569,
  "display_metrics": {
    "TRAIN_MAE": 0.14810490608215332,
    "TRAIN_AFMAE": 0.03819612041115761,
    "VAL_MAE": 0.14828214049339294,
    "VAL_AFMAE": 0.050500333309173584,
    "Freq Drift (Hz)": 24.0,
    "Sens Drift (%)": 50.145087613031535,
    "Linearity (%)": 8.590326876030808,
    "Compute Cost": 1710.0,
    "Total Params": 2569,
    "Epochs": 1000
  }
}