{
  "completed_epoch": 1000,
  "min_loss": 0.0632467195391655,
  "min_val_loss": 0.06604789942502975,
  "current_epoch": 1000,
  "model_name": "FRIKAN",
  "training_alive": false,
  "timestamp": "20260404204116.0",
  "best_weights_file": "projects/01_LR_STUDY/FRIKANh8u6l6_e1k_lr7e4_nosym_r5/data\\FRIKANh8u6l6_e1k_lr7e4_nosym_r5_best_weights.h5",
  "best_val_weights_file": "projects/01_LR_STUDY/FRIKANh8u6l6_e1k_lr7e4_nosym_r5/data\\FRIKANh8u6l6_e1k_lr7e4_nosym_r5_best_val_weights.h5",
  "loss": 0.06350284814834595,
  "val_loss": 0.06607038527727127,
  "mae": 0.0,
  "afmae": 1.1701505184173584,
  "val_mae": 0.0,
  "val_afmae": 1.177198886871338,
  "val_power_log_loss": 0.053508687764406204,
  "power_log_loss": 0.039619117975234985,
  "lr": 0.00014000000373926014,
  "elapsed_time": 1998.4590847492218,
  "remaining_time": 1.956351683230915,
  "expected_finish_time": "2026-04-04 20:39:51",
  "smoothed_speed": 1840.1599420277034
}