{
  "completed_epoch": 1000,
  "min_loss": 0.0214883703738451,
  "min_val_loss": 0.022650189697742462,
  "current_epoch": 1000,
  "model_name": "FRIKAN",
  "training_alive": false,
  "timestamp": "20260424173511.8",
  "best_weights_file": "projects/09_HPARAM_SENSITIVITY/FRIKANh8u7l6g8s2_e1k_lr7e4_axisU/data\\FRIKANh8u7l6g8s2_e1k_lr7e4_axisU_best_weights.h5",
  "best_val_weights_file": "projects/09_HPARAM_SENSITIVITY/FRIKANh8u7l6g8s2_e1k_lr7e4_axisU/data\\FRIKANh8u7l6g8s2_e1k_lr7e4_axisU_best_val_weights.h5",
  "loss": 0.023286767303943634,
  "val_loss": 0.023463118821382523,
  "mae": 0.0,
  "afmae": 2.0802314281463623,
  "val_mae": 0.0,
  "val_afmae": 2.073129415512085,
  "val_power_log_loss": 0.04092608019709587,
  "power_log_loss": 0.041482821106910706,
  "lr": 0.00014000000373926014,
  "elapsed_time": 1191.6057133674622,
  "remaining_time": 0.0,
  "expected_finish_time": "2026-04-24 17:35:11",
  "smoothed_speed": 3106.065833379565
}