{
  "completed_epoch": 0,
  "min_loss": 2.492061138153076,
  "min_val_loss": 2.577946662902832,
  "current_epoch": 0,
  "model_name": "FRIKAN",
  "training_alive": false,
  "timestamp": "20260424073722.0",
  "best_weights_file": "projects/09_HPARAM_SENSITIVITY/FRIKANh8u7l6g8s2_e1k_lr7e4_axisU/data\\FRIKANh8u7l6g8s2_e1k_lr7e4_axisU_best_weights.h5",
  "best_val_weights_file": "projects/09_HPARAM_SENSITIVITY/FRIKANh8u7l6g8s2_e1k_lr7e4_axisU/data\\FRIKANh8u7l6g8s2_e1k_lr7e4_axisU_best_val_weights.h5",
  "loss": 2.492061138153076,
  "val_loss": 2.577946662902832,
  "mae": 0.5938624739646912,
  "afmae": 2.3556571006774902,
  "val_mae": 0.592624843120575,
  "val_afmae": 2.349287509918213
}