{
    "total_epochs": 30000,
    "min_loss": 0.012741,
    "params@min_loss": {
        "epoch": 29901,
        "val_loss": 0.015557,
        "power_log_loss": 0.01303,
        "val_power_log_loss": 0.026876
    },
    "min_val_loss": 0.015461,
    "params@min_val_loss": {
        "epoch": 28030,
        "val_loss": 0.015461,
        "power_log_loss": 0.016101,
        "val_power_log_loss": 0.026689
    },
    "min_power_log_loss": 0.01302,
    "params@min_power_log_loss": {
        "epoch": 29998,
        "val_loss": 0.015557,
        "power_log_loss": 0.01302,
        "val_power_log_loss": 0.026866
    },
    "min_val_power_log_loss": 0.02623,
    "params@min_val_power_log_loss": {
        "epoch": 24240,
        "val_loss": 0.015882,
        "power_log_loss": 0.014534,
        "val_power_log_loss": 0.02623
    },
    "learning_rate_max": 0.002,
    "learning_rate_min": 1.1453e-07,
    "learning_rate_mean": 0.000200958921228,
    "evaluation_metrics": {
        "train_loss": 0.013481301255524158,
        "val_loss": 0.01545498427003622,
        "train_mae": 0.014417663216590881,
        "train_afmae": 0.01687479391694069,
        "val_mae": 0.014785232953727245,
        "val_afmae": 0.026430362835526466
    }
}