{
  "project_name": "1DCNNc4u8k20l8_e1k_lr18e4_pd8l2_d001_cvsoftsign_true",
  "generated_at": "2026-04-13T18:56:43.615774+08:00",
  "status": "complete",
  "calculation_standard": "ablation-study-v1",
  "sources": {
    "training_info": true,
    "compute_analysis": true,
    "model_info": true,
    "linear_response": true,
    "linearity_by_frequency": true,
    "config": true
  },
  "missing_sources": [],
  "missing_sections": [],
  "epochs": 1000,
  "min_loss": 0.013764,
  "min_val_loss": 0.012479,
  "train_loss": 0.012570792809128761,
  "val_loss": 0.012479235418140888,
  "train_mae": 0.012570792809128761,
  "train_afmae": 0.12500755488872528,
  "val_mae": 0.012479235418140888,
  "val_afmae": 0.12710200250148773,
  "weights_source": "best_val",
  "freq_drift_hz": 5.3124097941085004,
  "sens_drift_percent": 20.02519627202186,
  "linearity_percent": 1.2861592528657992,
  "compute_cost": 1880.0,
  "total_params": 885,
  "lr": 0.0018,
  "use_cosine_annealing": false,
  "metric_details": {
    "natural_frequency_drift": {
      "min": 29.790991490528572,
      "max": 37.40569773429695,
      "median": 35.10340128463707,
      "count": 25,
      "unit": "Hz",
      "method": "max(|max-median|, |median-min|) from fn_comped",
      "drift": 5.3124097941085004
    },
    "sensitivity_drift": {
      "min": 43.751805375131255,
      "max": 65.52430813300387,
      "median": 63.777001647153114,
      "count": 25,
      "unit": "%",
      "method": "max(|max-median|, |median-min|) from interpolated sensitivity",
      "drift": 20.02519627202186,
      "frequency_hz": 100.0
    },
    "linearity": {
      "mean": 1.2861592528657992,
      "max": 4.680142558270273,
      "min": 0.22753425346739853,
      "count": 14,
      "unit": "%",
      "method": "mean(1 - R^2) across frequency points"
    },
    "natural_frequency_drift_origin": {
      "min": 34.24511188160566,
      "max": 93.39109038646993,
      "median": 58.89345106524416,
      "count": 25,
      "unit": "Hz",
      "method": "max(|max-median|, |median-min|) from fn_origin",
      "drift": 34.49763932122577
    },
    "sensitivity_drift_origin": {
      "min": 60.001934754356135,
      "max": 203.37127543336493,
      "median": 144.5628340451216,
      "count": 25,
      "unit": "%",
      "method": "max(|max-median|, |median-min|) from interpolated origin sensitivity",
      "drift": 84.56089929076546,
      "frequency_hz": 100.0
    },
    "linearity_origin": {
      "mean": 2.5499568401843997,
      "max": 6.418887454843169,
      "min": 0.359242046082775,
      "count": 14,
      "unit": "%",
      "method": "mean(1 - R^2) across frequency points"
    }
  },
  "compute_details": {
    "total_params": 885,
    "additions": 856,
    "multiplications": 856,
    "maps": 28,
    "total_ops": 1740,
    "weighted_total": 1880.0,
    "weighted_additions": 856.0,
    "weighted_multiplications": 856.0,
    "weighted_maps": 168.0
  },
  "compute_cost_status": "complete",
  "compute_has_unsupported_layers": false,
  "compute_unsupported_layer_count": 0,
  "compute_unsupported_layers": [],
  "compute_unsupported_layer_details": [],
  "compute_cost_warning": null,
  "loss_function": "MAE",
  "loss_function_key": "mae",
  "loss_function_source": "config.use_power_loss",
  "display_metrics": {
    "Loss Function": "MAE",
    "TRAIN_MAE": 0.012570792809128761,
    "TRAIN_AFMAE": 0.12500755488872528,
    "VAL_MAE": 0.012479235418140888,
    "VAL_AFMAE": 0.12710200250148773,
    "Freq Drift (Hz)": 5.3124097941085004,
    "Sens Drift (%)": 20.02519627202186,
    "Linearity (%)": 1.2861592528657992,
    "Compute Cost": 1880.0,
    "Total Params": 885,
    "Epochs": 1000,
    "LR": 0.0018,
    "Cosine Annealing": false
  }
}