{
  "completed_epoch": 1000,
  "min_loss": 0.01376420259475708,
  "min_val_loss": 0.012479234486818314,
  "current_epoch": 1000,
  "model_name": "1DCNN",
  "training_alive": false,
  "timestamp": "20260413185636.6",
  "best_weights_file": "projects/05_1DCNN/1DCNNc4u8k20l8_e1k_lr18e4_pd8l2_d001_cvsoftsign_true/data\\1DCNNc4u8k20l8_e1k_lr18e4_pd8l2_d001_cvsoftsign_true_best_weights.h5",
  "best_val_weights_file": "projects/05_1DCNN/1DCNNc4u8k20l8_e1k_lr18e4_pd8l2_d001_cvsoftsign_true/data\\1DCNNc4u8k20l8_e1k_lr18e4_pd8l2_d001_cvsoftsign_true_best_val_weights.h5",
  "loss": 0.01383906789124012,
  "val_loss": 0.01276988722383976,
  "mae": 0.0,
  "afmae": 1.6292678117752075,
  "val_mae": 0.0,
  "val_afmae": 1.6299203634262085,
  "val_power_log_loss": 0.0,
  "power_log_loss": 0.0,
  "lr": 0.003599999938160181,
  "elapsed_time": 112.13783478736877,
  "remaining_time": 0.0,
  "expected_finish_time": "2026-04-13 18:56:26",
  "smoothed_speed": 45027.65817198401
}