{
  "project_name": "WNET5q0.5h2u6l3nrelu",
  "timestamp": "2025-07-07 20:14:26",
  "layer_analysis": [
    {
      "layer_index": 1,
      "mean_error": -0.00018873714725486934,
      "std_error": 0.009764059446752071,
      "rms_error": 0.009765882976353168,
      "max_error": 0.03193110227584839,
      "num_samples": 1000,
      "error_shape": [
        1000
      ]
    }
  ]
}