{
  "project_name": "FRIKANh8u6l6_pureafmae",
  "generated_at": "2026-04-13T10:12:08.065558+08:00",
  "status": "complete",
  "calculation_standard": "ablation-study-v1",
  "sources": {
    "training_info": true,
    "compute_analysis": true,
    "model_info": true,
    "linear_response": true,
    "linearity_by_frequency": true,
    "config": true
  },
  "missing_sources": [],
  "missing_sections": [],
  "epochs": 1000,
  "min_loss": 0.33358,
  "min_val_loss": 0.30694,
  "train_loss": 0.30331236124038696,
  "val_loss": 0.30693650245666504,
  "train_mae": 0.09208640456199646,
  "train_afmae": 0.3033123314380646,
  "val_mae": 0.0935792550444603,
  "val_afmae": 0.30693650245666504,
  "weights_source": "best_val",
  "freq_drift_hz": 866922.9491290023,
  "sens_drift_percent": 243.3416523966957,
  "linearity_percent": 25.1809468363614,
  "compute_cost": 1710.0,
  "total_params": 2569,
  "lr": 0.01,
  "use_cosine_annealing": true,
  "metric_details": {
    "natural_frequency_drift": {
      "min": 21.210000618594467,
      "max": 866954.4842753242,
      "median": 31.535146321866048,
      "count": 25,
      "unit": "Hz",
      "method": "max(|max-median|, |median-min|) from fn_comped",
      "drift": 866922.9491290023
    },
    "sensitivity_drift": {
      "min": 30.768538382966184,
      "max": 288.5783673150697,
      "median": 45.23671491837403,
      "count": 25,
      "unit": "%",
      "method": "max(|max-median|, |median-min|) from interpolated sensitivity",
      "drift": 243.3416523966957,
      "frequency_hz": 100.0
    },
    "linearity": {
      "mean": 25.1809468363614,
      "max": 95.54127521529954,
      "min": 6.264609007480182,
      "count": 14,
      "unit": "%",
      "method": "mean(1 - R^2) across frequency points"
    },
    "natural_frequency_drift_origin": {
      "min": 34.24511188160566,
      "max": 93.39109038646993,
      "median": 58.89345106524416,
      "count": 25,
      "unit": "Hz",
      "method": "max(|max-median|, |median-min|) from fn_origin",
      "drift": 34.49763932122577
    },
    "sensitivity_drift_origin": {
      "min": 60.001934754356135,
      "max": 203.37127543336493,
      "median": 144.5628340451216,
      "count": 25,
      "unit": "%",
      "method": "max(|max-median|, |median-min|) from interpolated origin sensitivity",
      "drift": 84.56089929076546,
      "frequency_hz": 100.0
    },
    "linearity_origin": {
      "mean": 2.5499568401843997,
      "max": 6.418887454843169,
      "min": 0.359242046082775,
      "count": 14,
      "unit": "%",
      "method": "mean(1 - R^2) across frequency points"
    }
  },
  "compute_details": {
    "total_params": 2569,
    "additions": 266,
    "multiplications": 40,
    "maps": 234,
    "total_ops": 540,
    "weighted_total": 1710.0,
    "weighted_additions": 266.0,
    "weighted_multiplications": 40.0,
    "weighted_maps": 1404.0
  },
  "compute_cost_status": "complete",
  "compute_has_unsupported_layers": false,
  "compute_unsupported_layer_count": 0,
  "compute_unsupported_layers": [],
  "compute_unsupported_layer_details": [],
  "compute_cost_warning": null,
  "loss_function": "AFMAE",
  "loss_function_key": "pure_power_log_mae",
  "loss_function_source": "config.use_pure_power_loss",
  "display_metrics": {
    "Loss Function": "AFMAE",
    "TRAIN_MAE": 0.09208640456199646,
    "TRAIN_AFMAE": 0.3033123314380646,
    "VAL_MAE": 0.0935792550444603,
    "VAL_AFMAE": 0.30693650245666504,
    "Freq Drift (Hz)": 866922.9491290023,
    "Sens Drift (%)": 243.3416523966957,
    "Linearity (%)": 25.1809468363614,
    "Compute Cost": 1710.0,
    "Total Params": 2569,
    "Epochs": 1000,
    "LR": 0.01,
    "Cosine Annealing": true
  }
}