{
  "project_name": "FRIKANh8u6l6_pureafmae",
  "generated_at": "2026-04-09T23:48:48.278340+08:00",
  "status": "complete",
  "sources": {
    "training_info": true,
    "compute_analysis": true,
    "model_info": true,
    "linear_response": true
  },
  "missing_sources": [],
  "missing_sections": [],
  "epochs": 1000,
  "min_loss": 0.33358,
  "min_val_loss": 0.30694,
  "train_loss": 0.30331236124038696,
  "val_loss": 0.30693650245666504,
  "train_mae": 0.30331236124038696,
  "train_afmae": 0.30331236124038696,
  "val_mae": 0.3069365322589874,
  "val_afmae": 0.3069365322589874,
  "weights_source": null,
  "freq_drift_hz": 24.0,
  "sens_drift_percent": 33.15521988422767,
  "linearity_percent": 1.9655413439795488,
  "compute_cost": 1710.0,
  "total_params": 2569,
  "display_metrics": {
    "TRAIN_MAE": 0.30331236124038696,
    "TRAIN_AFMAE": 0.30331236124038696,
    "VAL_MAE": 0.3069365322589874,
    "VAL_AFMAE": 0.3069365322589874,
    "Freq Drift (Hz)": 24.0,
    "Sens Drift (%)": 33.15521988422767,
    "Linearity (%)": 1.9655413439795488,
    "Compute Cost": 1710.0,
    "Total Params": 2569,
    "Epochs": 1000
  }
}