{
    "total_epochs": 1000,
    "min_loss": 0.33358,
    "params@min_loss": {
        "epoch": 12,
        "val_loss": 0.3585,
        "power_log_loss": 0.33358,
        "val_power_log_loss": 0.3585
    },
    "min_val_loss": 0.30694,
    "params@min_val_loss": {
        "epoch": 18,
        "val_loss": 0.30694,
        "power_log_loss": 0.46851,
        "val_power_log_loss": 0.30694
    },
    "min_power_log_loss": 0.33358,
    "params@min_power_log_loss": {
        "epoch": 12,
        "val_loss": 0.3585,
        "power_log_loss": 0.33358,
        "val_power_log_loss": 0.3585
    },
    "min_val_power_log_loss": 0.30694,
    "params@min_val_power_log_loss": {
        "epoch": 18,
        "val_loss": 0.30694,
        "power_log_loss": 0.46851,
        "val_power_log_loss": 0.30694
    },
    "learning_rate_max": 0.02,
    "learning_rate_min": 0.000162,
    "learning_rate_mean": 0.010535457310000001,
    "evaluation_metrics": {
        "train_loss": 0.30331236124038696,
        "val_loss": 0.30693650245666504,
        "train_mae": 0.30331236124038696,
        "train_afmae": 0.30331236124038696,
        "val_mae": 0.3069365322589874,
        "val_afmae": 0.3069365322589874
    }
}