{
  "completed_epoch": 1000,
  "min_loss": 0.012744240462779999,
  "min_val_loss": 0.012402649968862534,
  "current_epoch": 1000,
  "model_name": "1DCNN",
  "training_alive": false,
  "timestamp": "20260413185330.7",
  "best_weights_file": "projects/05_1DCNN/1DCNNc4u8k20l8_e1k_lr17e4_pd8l2_d001_cvtanh_true/data\\1DCNNc4u8k20l8_e1k_lr17e4_pd8l2_d001_cvtanh_true_best_weights.h5",
  "best_val_weights_file": "projects/05_1DCNN/1DCNNc4u8k20l8_e1k_lr17e4_pd8l2_d001_cvtanh_true/data\\1DCNNc4u8k20l8_e1k_lr17e4_pd8l2_d001_cvtanh_true_best_val_weights.h5",
  "loss": 0.012887533754110336,
  "val_loss": 0.012845363467931747,
  "mae": 0.0,
  "afmae": 1.0638861656188965,
  "val_mae": 0.0,
  "val_afmae": 1.0634902715682983,
  "val_power_log_loss": 0.0,
  "power_log_loss": 0.0,
  "lr": 0.0034000000450760126,
  "elapsed_time": 108.1395013332367,
  "remaining_time": 0.0,
  "expected_finish_time": "2026-04-13 18:53:21",
  "smoothed_speed": 48615.212096251234
}