{
  "project_name": "1DCNNc4u6k20l8_e1k_lr18e4_pd6l2_d0012_cvtanh_true",
  "generated_at": "2026-04-13T19:18:50.936512+08:00",
  "status": "complete",
  "calculation_standard": "ablation-study-v1",
  "sources": {
    "training_info": true,
    "compute_analysis": true,
    "model_info": true,
    "linear_response": true,
    "linearity_by_frequency": true,
    "config": true
  },
  "missing_sources": [],
  "missing_sections": [],
  "epochs": 1000,
  "min_loss": 0.014207,
  "min_val_loss": 0.01293,
  "train_loss": 0.012961350381374359,
  "val_loss": 0.012929648160934448,
  "train_mae": 0.012961350381374359,
  "train_afmae": 0.10915440320968628,
  "val_mae": 0.012929648160934448,
  "val_afmae": 0.10971132665872574,
  "weights_source": "best_val",
  "freq_drift_hz": 7.613142946524501,
  "sens_drift_percent": 27.773131363705772,
  "linearity_percent": 1.0796593535578023,
  "compute_cost": 1764.0,
  "total_params": 835,
  "lr": 0.0018,
  "use_cosine_annealing": false,
  "metric_details": {
    "natural_frequency_drift": {
      "min": 27.103248372377546,
      "max": 38.395477974580004,
      "median": 34.71639131890205,
      "count": 25,
      "unit": "Hz",
      "method": "max(|max-median|, |median-min|) from fn_comped",
      "drift": 7.613142946524501
    },
    "sensitivity_drift": {
      "min": 40.38548768197664,
      "max": 71.01193275467347,
      "median": 68.15861904568241,
      "count": 25,
      "unit": "%",
      "method": "max(|max-median|, |median-min|) from interpolated sensitivity",
      "drift": 27.773131363705772,
      "frequency_hz": 100.0
    },
    "linearity": {
      "mean": 1.0796593535578023,
      "max": 2.402246791157925,
      "min": 0.20867845703769206,
      "count": 14,
      "unit": "%",
      "method": "mean(1 - R^2) across frequency points"
    },
    "natural_frequency_drift_origin": {
      "min": 34.24511188160566,
      "max": 93.39109038646993,
      "median": 58.89345106524416,
      "count": 25,
      "unit": "Hz",
      "method": "max(|max-median|, |median-min|) from fn_origin",
      "drift": 34.49763932122577
    },
    "sensitivity_drift_origin": {
      "min": 60.001934754356135,
      "max": 203.37127543336493,
      "median": 144.5628340451216,
      "count": 25,
      "unit": "%",
      "method": "max(|max-median|, |median-min|) from interpolated origin sensitivity",
      "drift": 84.56089929076546,
      "frequency_hz": 100.0
    },
    "linearity_origin": {
      "mean": 2.5499568401843997,
      "max": 6.418887454843169,
      "min": 0.359242046082775,
      "count": 14,
      "unit": "%",
      "method": "mean(1 - R^2) across frequency points"
    }
  },
  "compute_details": {
    "total_params": 835,
    "additions": 810,
    "multiplications": 810,
    "maps": 24,
    "total_ops": 1644,
    "weighted_total": 1764.0,
    "weighted_additions": 810.0,
    "weighted_multiplications": 810.0,
    "weighted_maps": 144.0
  },
  "compute_cost_status": "complete",
  "compute_has_unsupported_layers": false,
  "compute_unsupported_layer_count": 0,
  "compute_unsupported_layers": [],
  "compute_unsupported_layer_details": [],
  "compute_cost_warning": null,
  "loss_function": "MAE",
  "loss_function_key": "mae",
  "loss_function_source": "config.use_power_loss",
  "display_metrics": {
    "Loss Function": "MAE",
    "TRAIN_MAE": 0.012961350381374359,
    "TRAIN_AFMAE": 0.10915440320968628,
    "VAL_MAE": 0.012929648160934448,
    "VAL_AFMAE": 0.10971132665872574,
    "Freq Drift (Hz)": 7.613142946524501,
    "Sens Drift (%)": 27.773131363705772,
    "Linearity (%)": 1.0796593535578023,
    "Compute Cost": 1764.0,
    "Total Params": 835,
    "Epochs": 1000,
    "LR": 0.0018,
    "Cosine Annealing": false
  }
}