{
    "inference_config": {
        "bias_compensation": {
            "enabled": true,
            "layer_bias_adjustments": {
                "1": [0.005323, 0.002278, 0.005201, 0.014258, 0.003152, 0.003255],
                "2": [0.002181, 0.001301, 0.000932, 0.007533, 0.000669, 0.001903],
                "3": [0.007174, 0.000358, -0.001310, -0.003717, 0.000912, 0.000241],
                "4": [0.0]
            }
        }
    }
}