{
    "layer_bias_adjustments": {
        "1": [0.005323, 0.002278, 0.005201, 0.014258, 0.003152, 0.003255],
        "2": [0.009475, 0.000095, -0.001626, 0.000278, 0.001181, 0.003178],
        "3": [0.0, 0.0, 0.0, 0.0, 0.0, 0.0],
        "4": [0.0]
    }
}