{
  "project_name": "TCNc4d1248k3_nopd_true_e1k_lr2e3_acttanh",
  "generated_at": "2026-04-13T18:38:28.652456+08:00",
  "status": "complete",
  "calculation_standard": "ablation-study-v1",
  "sources": {
    "training_info": true,
    "compute_analysis": true,
    "model_info": true,
    "linear_response": true,
    "linearity_by_frequency": true,
    "config": true
  },
  "missing_sources": [],
  "missing_sections": [],
  "epochs": 1000,
  "min_loss": 0.0093068,
  "min_val_loss": 0.0089705,
  "train_loss": 0.008968586102128029,
  "val_loss": 0.008970453403890133,
  "train_mae": 0.008968586102128029,
  "train_afmae": 0.09443946927785873,
  "val_mae": 0.008970453403890133,
  "val_afmae": 0.09423425793647766,
  "weights_source": "best_val",
  "freq_drift_hz": 7.881601994907527,
  "sens_drift_percent": 26.785191666233814,
  "linearity_percent": 0.8513367197240416,
  "compute_cost": 3904.0,
  "total_params": 1697,
  "lr": 0.002,
  "use_cosine_annealing": false,
  "metric_details": {
    "natural_frequency_drift": {
      "min": 27.029791578173523,
      "max": 36.40369571398024,
      "median": 34.91139357308105,
      "count": 25,
      "unit": "Hz",
      "method": "max(|max-median|, |median-min|) from fn_comped",
      "drift": 7.881601994907527
    },
    "sensitivity_drift": {
      "min": 38.634589845359585,
      "max": 68.51181486771293,
      "median": 65.4197815115934,
      "count": 25,
      "unit": "%",
      "method": "max(|max-median|, |median-min|) from interpolated sensitivity",
      "drift": 26.785191666233814,
      "frequency_hz": 100.0
    },
    "linearity": {
      "mean": 0.8513367197240416,
      "max": 3.2803762580420726,
      "min": 0.2066069592299491,
      "count": 14,
      "unit": "%",
      "method": "mean(1 - R^2) across frequency points"
    },
    "natural_frequency_drift_origin": {
      "min": 34.24511188160566,
      "max": 93.39109038646993,
      "median": 58.89345106524416,
      "count": 25,
      "unit": "Hz",
      "method": "max(|max-median|, |median-min|) from fn_origin",
      "drift": 34.49763932122577
    },
    "sensitivity_drift_origin": {
      "min": 60.001934754356135,
      "max": 203.37127543336493,
      "median": 144.5628340451216,
      "count": 25,
      "unit": "%",
      "method": "max(|max-median|, |median-min|) from interpolated origin sensitivity",
      "drift": 84.56089929076546,
      "frequency_hz": 100.0
    },
    "linearity_origin": {
      "mean": 2.5499568401843997,
      "max": 6.418887454843169,
      "min": 0.359242046082775,
      "count": 14,
      "unit": "%",
      "method": "mean(1 - R^2) across frequency points"
    }
  },
  "compute_details": {
    "total_params": 1697,
    "additions": 1616,
    "multiplications": 1616,
    "maps": 112,
    "total_ops": 3344,
    "weighted_total": 3904.0,
    "weighted_additions": 1616.0,
    "weighted_multiplications": 1616.0,
    "weighted_maps": 672.0
  },
  "compute_cost_status": "complete",
  "compute_has_unsupported_layers": false,
  "compute_unsupported_layer_count": 0,
  "compute_unsupported_layers": [],
  "compute_unsupported_layer_details": [],
  "compute_cost_warning": null,
  "loss_function": "MAE",
  "loss_function_key": "mae",
  "loss_function_source": "config.use_power_loss",
  "display_metrics": {
    "Loss Function": "MAE",
    "TRAIN_MAE": 0.008968586102128029,
    "TRAIN_AFMAE": 0.09443946927785873,
    "VAL_MAE": 0.008970453403890133,
    "VAL_AFMAE": 0.09423425793647766,
    "Freq Drift (Hz)": 7.881601994907527,
    "Sens Drift (%)": 26.785191666233814,
    "Linearity (%)": 0.8513367197240416,
    "Compute Cost": 3904.0,
    "Total Params": 1697,
    "Epochs": 1000,
    "LR": 0.002,
    "Cosine Annealing": false
  }
}