{
  "completed_epoch": 1000,
  "min_loss": 0.009306792169809341,
  "min_val_loss": 0.008970452472567558,
  "current_epoch": 1000,
  "model_name": "TCN",
  "training_alive": false,
  "timestamp": "20260413183822.2",
  "best_weights_file": "projects/06_TCN/TCNc4d1248k3_nopd_true_e1k_lr2e3_acttanh/data\\TCNc4d1248k3_nopd_true_e1k_lr2e3_acttanh_best_weights.h5",
  "best_val_weights_file": "projects/06_TCN/TCNc4d1248k3_nopd_true_e1k_lr2e3_acttanh/data\\TCNc4d1248k3_nopd_true_e1k_lr2e3_acttanh_best_val_weights.h5",
  "loss": 0.010466371662914753,
  "val_loss": 0.01213599368929863,
  "mae": 0.0,
  "afmae": 1.7428020238876343,
  "val_mae": 0.0,
  "val_afmae": 1.7436710596084595,
  "val_power_log_loss": 0.0,
  "power_log_loss": 0.0,
  "lr": 0.004000000189989805,
  "elapsed_time": 204.22920989990234,
  "remaining_time": 0.0,
  "expected_finish_time": "2026-04-13 18:38:13",
  "smoothed_speed": 20936.55044987169
}