{
    "total_epochs": 30000,
    "min_loss": 0.0021066,
    "params@min_loss": {
        "epoch": 29953,
        "val_loss": 0.0023533,
        "power_log_loss": 0.0012555,
        "val_power_log_loss": 0.0022777
    },
    "min_val_loss": 0.0023292,
    "params@min_val_loss": {
        "epoch": 29098,
        "val_loss": 0.0023292,
        "power_log_loss": 0.0016869,
        "val_power_log_loss": 0.0021919
    },
    "min_power_log_loss": 0.0012551,
    "params@min_power_log_loss": {
        "epoch": 29966,
        "val_loss": 0.0023531,
        "power_log_loss": 0.0012551,
        "val_power_log_loss": 0.002277
    },
    "min_val_power_log_loss": 0.0021899,
    "params@min_val_power_log_loss": {
        "epoch": 29124,
        "val_loss": 0.0023303,
        "power_log_loss": 0.001521,
        "val_power_log_loss": 0.0021899
    },
    "learning_rate_max": 0.02,
    "learning_rate_min": 8.4782e-06,
    "learning_rate_mean": 0.0035399541795733333
}