{
  "completed_epoch": 1000,
  "min_loss": 0.031480882316827774,
  "min_val_loss": 0.03221263736486435,
  "current_epoch": 1000,
  "model_name": "FRIKAN",
  "training_alive": false,
  "timestamp": "20260424104554.4",
  "best_weights_file": "projects/09_HPARAM_SENSITIVITY/FRIKANh8u6l6g4s2_e1k_lr7e4_axisG/data\\FRIKANh8u6l6g4s2_e1k_lr7e4_axisG_best_weights.h5",
  "best_val_weights_file": "projects/09_HPARAM_SENSITIVITY/FRIKANh8u6l6g4s2_e1k_lr7e4_axisG/data\\FRIKANh8u6l6g4s2_e1k_lr7e4_axisG_best_val_weights.h5",
  "loss": 0.03151334077119827,
  "val_loss": 0.032438069581985474,
  "mae": 0.0,
  "afmae": 2.102181911468506,
  "val_mae": 0.0,
  "val_afmae": 2.0956356525421143,
  "val_power_log_loss": 0.07128597795963287,
  "power_log_loss": 0.06676765531301498,
  "lr": 0.00014000000373926014,
  "elapsed_time": 2075.1825020313263,
  "remaining_time": 0.0,
  "expected_finish_time": "2026-04-24 10:45:54",
  "smoothed_speed": 1998.9493017514042
}