{
    "total_epochs": 1000,
    "min_loss": 0.031481,
    "params@min_loss": {
        "epoch": 999,
        "val_loss": 0.032213,
        "mae": 0.0,
        "val_mae": 0.0,
        "power_log_loss": 0.066654,
        "val_power_log_loss": 0.070099
    },
    "min_val_loss": 0.032213,
    "params@min_val_loss": {
        "epoch": 999,
        "val_loss": 0.032213,
        "mae": 0.0,
        "val_mae": 0.0,
        "power_log_loss": 0.066654,
        "val_power_log_loss": 0.070099
    },
    "min_mae": 0.0,
    "params@min_mae": {
        "epoch": 1,
        "val_loss": 1.9925,
        "mae": 0.0,
        "val_mae": 0.0,
        "power_log_loss": 2.0943,
        "val_power_log_loss": 2.0755
    },
    "min_val_mae": 0.0,
    "params@min_val_mae": {
        "epoch": 1,
        "val_loss": 1.9925,
        "mae": 0.0,
        "val_mae": 0.0,
        "power_log_loss": 2.0943,
        "val_power_log_loss": 2.0755
    },
    "min_power_log_loss": 0.066579,
    "params@min_power_log_loss": {
        "epoch": 969,
        "val_loss": 0.032467,
        "mae": 0.0,
        "val_mae": 0.0,
        "power_log_loss": 0.066579,
        "val_power_log_loss": 0.07111
    },
    "min_val_power_log_loss": 0.069519,
    "params@min_val_power_log_loss": {
        "epoch": 913,
        "val_loss": 0.032324,
        "mae": 0.0,
        "val_mae": 0.0,
        "power_log_loss": 0.068076,
        "val_power_log_loss": 0.069519
    },
    "learning_rate_max": 0.00014,
    "learning_rate_min": 0.00014,
    "learning_rate_mean": 0.00013999999999999996,
    "evaluation_metrics": {
        "weights_source": "best_val",
        "train_loss": 0.03164942190051079,
        "val_loss": 0.03221263736486435,
        "train_mae": 0.01889256201684475,
        "train_afmae": 0.06828226149082184,
        "val_mae": 0.019304290413856506,
        "val_afmae": 0.07009928673505783
    }
}