{
  "project_name": "GRNu16_e1k_lr7e5_puremae_r24",
  "generated_at": "2026-04-27T22:37:28.340136+08:00",
  "status": "complete",
  "calculation_standard": "ablation-study-v4-bounded-fit-freq-inband-linearity",
  "sources": {
    "training_info": true,
    "compute_analysis": true,
    "model_info": true,
    "linear_response": true,
    "linearity_by_frequency": true,
    "config": true,
    "board_inference_config": true,
    "board_inference_qemu": true,
    "board_inference_keil": true
  },
  "missing_sources": [],
  "missing_sections": [],
  "epochs": 1000,
  "min_loss": 0.014177,
  "min_val_loss": 0.01438,
  "train_loss": 0.014160232618451118,
  "val_loss": 0.014380468986928463,
  "train_mae": 0.014160232618451118,
  "train_afmae": 0.19844120740890503,
  "val_mae": 0.014380468986928463,
  "val_afmae": 0.19808195531368256,
  "weights_source": "best_val",
  "freq_drift_hz": 7.844612344851107,
  "freq_drift_band_min_hz": 10.0,
  "freq_drift_band_max_hz": 128.0,
  "freq_drift_source_frequency_points_hz": [
    10.0,
    13.0,
    16.0,
    20.0,
    25.0,
    32.0,
    40.0,
    50.0,
    64.0,
    80.0,
    100.0,
    128.0
  ],
  "freq_drift_interpolation_points": null,
  "sens_drift_percent": 32.12622259413408,
  "linearity_percent": 1.267908100590782,
  "linearity_band_max_hz": 128.0,
  "linearity_frequency_count": 12,
  "linearity_frequency_points_hz": [
    10.0,
    13.0,
    16.0,
    20.0,
    25.0,
    32.0,
    40.0,
    50.0,
    64.0,
    80.0,
    100.0,
    128.0
  ],
  "compute_cost": 5856.0,
  "total_params": 1201,
  "lr": 7e-05,
  "use_cosine_annealing": false,
  "metric_details": {
    "natural_frequency_drift": {
      "min": 25.62678220960069,
      "max": 38.690203570922215,
      "median": 33.4713945544518,
      "count": 25,
      "unit": "Hz",
      "method": "max(|max-median|, |median-min|) from band-limited fitted center frequency (comped)",
      "drift": 7.844612344851107,
      "band_min_hz": 10.0,
      "band_max_hz": 128.0,
      "source_frequency_points_hz": [
        10.0,
        13.0,
        16.0,
        20.0,
        25.0,
        32.0,
        40.0,
        50.0,
        64.0,
        80.0,
        100.0,
        128.0
      ],
      "fit_param_key": "fit_params_comped"
    },
    "sensitivity_drift": {
      "min": 22.844749227665726,
      "max": 73.54473351771165,
      "median": 54.9709718217998,
      "count": 25,
      "unit": "%",
      "method": "max(|max-median|, |median-min|) from interpolated sensitivity",
      "drift": 32.12622259413408,
      "frequency_hz": 100.0
    },
    "linearity": {
      "mean": 1.267908100590782,
      "max": 4.32354568956046,
      "min": 0.5286645518434052,
      "count": 12,
      "unit": "%",
      "method": "mean(1 - R^2) across in-band frequency points",
      "band_max_hz": 128.0,
      "frequencies_hz": [
        10.0,
        13.0,
        16.0,
        20.0,
        25.0,
        32.0,
        40.0,
        50.0,
        64.0,
        80.0,
        100.0,
        128.0
      ]
    },
    "natural_frequency_drift_origin": {
      "min": 34.24511188160566,
      "max": 93.39109038646993,
      "median": 58.89345106524416,
      "count": 25,
      "unit": "Hz",
      "method": "max(|max-median|, |median-min|) from band-limited fitted center frequency (origin)",
      "drift": 34.49763932122577,
      "band_min_hz": 10.0,
      "band_max_hz": 128.0,
      "source_frequency_points_hz": [
        10.0,
        13.0,
        16.0,
        20.0,
        25.0,
        32.0,
        40.0,
        50.0,
        64.0,
        80.0,
        100.0,
        128.0
      ],
      "fit_param_key": "fit_params_origin"
    },
    "sensitivity_drift_origin": {
      "min": 60.001934754356135,
      "max": 203.37127543336493,
      "median": 144.5628340451216,
      "count": 25,
      "unit": "%",
      "method": "max(|max-median|, |median-min|) from interpolated origin sensitivity",
      "drift": 84.56089929076546,
      "frequency_hz": 100.0
    },
    "linearity_origin": {
      "mean": 2.0043849708252406,
      "max": 4.375669781001812,
      "min": 0.359242046082775,
      "count": 12,
      "unit": "%",
      "method": "mean(1 - R^2) across in-band frequency points",
      "band_max_hz": 128.0,
      "frequencies_hz": [
        10.0,
        13.0,
        16.0,
        20.0,
        25.0,
        32.0,
        40.0,
        50.0,
        64.0,
        80.0,
        100.0,
        128.0
      ]
    }
  },
  "compute_details": {
    "total_params": 1201,
    "additions": 1168,
    "multiplications": 1136,
    "maps": 64,
    "total_ops": 2368,
    "weighted_total": 5856.0,
    "weighted_additions": 1168.0,
    "weighted_multiplications": 3408.0,
    "weighted_maps": 1280.0
  },
  "compute_cost_status": "complete",
  "compute_has_unsupported_layers": false,
  "compute_unsupported_layer_count": 0,
  "compute_unsupported_layers": [],
  "compute_unsupported_layer_details": [],
  "compute_cost_warning": null,
  "loss_function": "MAE",
  "loss_function_key": "mae",
  "loss_function_source": "config.use_power_loss",
  "board_inference_ep_path": "ex_projects/inference/qemu-c-inference/grnu16_e1k_puremae",
  "board_qemu_mae": 0.002450907266641147,
  "board_keil_mae": 0.002450907266641147,
  "board_keil_speed": 0.60238,
  "board_keil_fps": 1660.08167601846,
  "board_inference": {
    "configured": true,
    "ep_path": "ex_projects/inference/qemu-c-inference/grnu16_e1k_puremae",
    "project_dir": "ex_projects/inference/qemu-c-inference/grnu16_e1k_puremae",
    "qemu_summary_path": "ex_projects/inference/qemu-c-inference/grnu16_e1k_puremae/data/benchmark_summary.json",
    "keil_summary_path": "ex_projects/inference/qemu-c-inference/grnu16_e1k_puremae/data/keil_benchmark_summary.json",
    "qemu_summary_exists": true,
    "keil_summary_exists": true,
    "qemu_mae": 0.002450907266641147,
    "keil_mae": 0.002450907266641147,
    "keil_wall_time_per_iter_ms": 240.952,
    "keil_point_count_per_iter": 400,
    "keil_speed_ms_per_point": 0.60238,
    "keil_speed_unit": "ms/point",
    "keil_speed_points_per_second": 1660.08167601846,
    "keil_speed_display_unit": "points/s",
    "published_optimization_profile": null,
    "keil_optimization_profiles": [],
    "missing_sources": [],
    "missing_sections": []
  },
  "display_metrics": {
    "Loss Function": "MAE",
    "TRAIN_MAE": 0.014160232618451118,
    "TRAIN_AFMAE": 0.19844120740890503,
    "VAL_MAE": 0.014380468986928463,
    "VAL_AFMAE": 0.19808195531368256,
    "Freq Drift (Hz)": 7.844612344851107,
    "Sens Drift (%)": 32.12622259413408,
    "Linearity (%)": 1.267908100590782,
    "Compute Cost": 5856.0,
    "Total Params": 1201,
    "Epochs": 1000,
    "LR": 7e-05,
    "Cosine Annealing": false,
    "QEMU-MAE": 0.002450907266641147,
    "KEIL-MAE": 0.002450907266641147,
    "KEIL-SPEED": 0.60238,
    "KEIL-FPS": 1660.08167601846
  }
}