{
  "completed_epoch": 1000,
  "min_loss": 0.014180897735059261,
  "min_val_loss": 0.014384417794644833,
  "current_epoch": 1000,
  "model_name": "GRN",
  "training_alive": false,
  "timestamp": "20260427223659.9",
  "best_weights_file": "projects/01_LR_STUDY/GRNu16_e1k_lr7e5_puremae_r24/data\\GRNu16_e1k_lr7e5_puremae_r24_best_weights.h5",
  "best_val_weights_file": "projects/01_LR_STUDY/GRNu16_e1k_lr7e5_puremae_r24/data\\GRNu16_e1k_lr7e5_puremae_r24_best_val_weights.h5",
  "loss": 0.014177416451275349,
  "val_loss": 0.014380467124283314,
  "mae": 0.0,
  "afmae": 3.690722703933716,
  "val_mae": 0.0,
  "val_afmae": 3.690920114517212,
  "val_power_log_loss": 0.0,
  "power_log_loss": 0.0,
  "lr": 0.00014000000373926014,
  "elapsed_time": 2099.7292857170105,
  "remaining_time": 0.0,
  "expected_finish_time": "2026-04-27 22:36:59",
  "smoothed_speed": 1712.6689687498936
}