{
  "completed_epoch": 5,
  "min_loss": 6.953272819519043,
  "min_val_loss": 6.525473594665527,
  "current_epoch": 5,
  "model_name": "FRIMLP",
  "training_alive": true,
  "timestamp": "20260410230416.4",
  "best_weights_file": "projects/04_FRIMLP/FRIMLPh8u6l6_e1k_lr5e4_mlp20l6_tanh_resln/data\\FRIMLPh8u6l6_e1k_lr5e4_mlp20l6_tanh_resln_best_weights.h5",
  "best_val_weights_file": "projects/04_FRIMLP/FRIMLPh8u6l6_e1k_lr5e4_mlp20l6_tanh_resln/data\\FRIMLPh8u6l6_e1k_lr5e4_mlp20l6_tanh_resln_best_val_weights.h5",
  "loss": 6.1111836433410645,
  "val_loss": 5.734663009643555,
  "mae": 0.0,
  "afmae": 4.161792755126953,
  "val_mae": 0.0,
  "val_afmae": 4.15734338760376,
  "val_power_log_loss": 3.7944998741149902,
  "power_log_loss": 3.8470821380615234,
  "lr": 9.999999747378752e-05,
  "elapsed_time": 39.80957317352295,
  "remaining_time": 9314.127935057233,
  "expected_finish_time": "2026-04-11 01:39:30",
  "smoothed_speed": 384.9635763004975
}