{
  "timestamp": "2025-12-28T00:15:18.279687",
  "plot_name": "e96_table_heatmap",
  "plot_type": "e96_table_heatmap",
  "data": {
    "weight_matrix": [
      [
        0.3167097568511963
      ],
      [
        0.4265853464603424
      ],
      [
        0.4221673905849457
      ],
      [
        -0.6959402561187744
      ],
      [
        -0.4163073003292084
      ],
      [
        0.36841481924057007
      ]
    ],
    "weight_e96_matrix": [
      [
        0.31645569620253167
      ],
      [
        0.43103448275862066
      ],
      [
        0.4219409282700422
      ],
      [
        -0.6993006993006993
      ],
      [
        -0.411522633744856
      ],
      [
        0.36496350364963503
      ]
    ],
    "error_matrix": [
      [
        1.25
      ],
      [
        1.066098081023435
      ],
      [
        1.2500000000000187
      ],
      [
        1.3793103448275863
      ],
      [
        1.2195121951219512
      ],
      [
        1.083032490974729
      ]
    ],
    "resistor_raw_matrix": [
      [
        3200.0,
        0.0,
        0.0,
        0.0,
        0.0,
        0.0
      ],
      [
        2344.9999999999995,
        0.0,
        0.0,
        0.0,
        0.0,
        0.0
      ],
      [
        2400.0000000000005,
        0.0,
        0.0,
        0.0,
        0.0,
        0.0
      ],
      [
        -1450.0,
        0.0,
        0.0,
        0.0,
        0.0,
        0.0
      ],
      [
        -2460.0,
        0.0,
        0.0,
        0.0,
        0.0,
        0.0
      ],
      [
        2770.0,
        0.0,
        0.0,
        0.0,
        0.0,
        0.0
      ]
    ],
    "resistor_e96_matrix": [
      [
        3160.0,
        0.0,
        0.0,
        0.0,
        0.0,
        0.0
      ],
      [
        2320.0,
        0.0,
        0.0,
        0.0,
        0.0,
        0.0
      ],
      [
        2370.0,
        0.0,
        0.0,
        0.0,
        0.0,
        0.0
      ],
      [
        -1430.0,
        0.0,
        0.0,
        0.0,
        0.0,
        0.0
      ],
      [
        -2430.0,
        0.0,
        0.0,
        0.0,
        0.0,
        0.0
      ],
      [
        2740.0,
        0.0,
        0.0,
        0.0,
        0.0,
        0.0
      ]
    ],
    "statistics": {
      "mean_relative_error": 1.1996436848532328,
      "max_relative_error": 1.3793103448275863,
      "min_relative_error": 1.066098081023435,
      "within_1pct": 0.0,
      "within_5pct": 100.0,
      "total_count": 11
    }
  }
}