{
  "completed_epoch": 13903,
  "min_loss": 0.03853784129023552,
  "min_val_loss": 0.039429645985364914,
  "current_epoch": 13903,
  "model_name": "FRIKAN",
  "training_alive": true,
  "timestamp": "20260331142947.9",
  "best_weights_file": "projects\\FRIKANh8u6l6_puremae/data\\projects\\FRIKANh8u6l6_puremae_best_weights.h5",
  "best_val_weights_file": "projects\\FRIKANh8u6l6_puremae/data\\projects\\FRIKANh8u6l6_puremae_best_val_weights.h5",
  "loss": 0.13918064534664154,
  "val_loss": 0.1397218257188797,
  "val_power_log_loss": 4.888175964355469,
  "power_log_loss": 4.878385066986084,
  "lr": 0.00010083835513796657,
  "elapsed_time": 13222.082419157028,
  "remaining_time": 14858.982794567979,
  "expected_finish_time": "2026-03-31 18:37:26",
  "smoothed_speed": 3900.1862241327785
}