{
  "completed_epoch": 14606,
  "min_loss": 0.03853784129023552,
  "min_val_loss": 0.039429645985364914,
  "current_epoch": 14606,
  "model_name": "FRIKAN",
  "training_alive": true,
  "timestamp": "20260331144131.2",
  "best_weights_file": "projects\\FRIKANh8u6l6_puremae/data\\projects\\FRIKANh8u6l6_puremae_best_weights.h5",
  "best_val_weights_file": "projects\\FRIKANh8u6l6_puremae/data\\projects\\FRIKANh8u6l6_puremae_best_val_weights.h5",
  "loss": 0.13920076191425323,
  "val_loss": 0.139731302857399,
  "val_power_log_loss": 4.926172733306885,
  "power_log_loss": 4.907293796539307,
  "lr": 9.489031799603254e-05,
  "elapsed_time": 13925.358981370926,
  "remaining_time": 15048.91940822541,
  "expected_finish_time": "2026-03-31 18:52:20",
  "smoothed_speed": 3682.7893416525003
}