{
  "completed_epoch": 3523,
  "min_loss": 0.03853784129023552,
  "min_val_loss": 0.039429645985364914,
  "current_epoch": 3523,
  "model_name": "FRIKAN",
  "training_alive": true,
  "timestamp": "20260331114601.1",
  "best_weights_file": "projects\\FRIKANh8u6l6_puremae/data\\projects\\FRIKANh8u6l6_puremae_best_weights.h5",
  "best_val_weights_file": "projects\\FRIKANh8u6l6_puremae/data\\projects\\FRIKANh8u6l6_puremae_best_val_weights.h5",
  "loss": 0.08833914995193481,
  "val_loss": 0.08883686363697052,
  "val_power_log_loss": 0.6873193979263306,
  "power_log_loss": 0.6667205691337585,
  "lr": 0.0004989128210581839,
  "elapsed_time": 3395.2816812992096,
  "remaining_time": 25815.276537855938,
  "expected_finish_time": "2026-03-31 18:56:16",
  "smoothed_speed": 3692.41831906081
}