{
  "completed_epoch": 5320,
  "min_loss": 0.03853784129023552,
  "min_val_loss": 0.039429645985364914,
  "current_epoch": 5320,
  "model_name": "FRIKAN",
  "training_alive": true,
  "timestamp": "20260331121630.5",
  "best_weights_file": "projects\\FRIKANh8u6l6_puremae/data\\projects\\FRIKANh8u6l6_puremae_best_weights.h5",
  "best_val_weights_file": "projects\\FRIKANh8u6l6_puremae/data\\projects\\FRIKANh8u6l6_puremae_best_val_weights.h5",
  "loss": 0.13925166428089142,
  "val_loss": 0.13979016244411469,
  "val_power_log_loss": 5.0150370597839355,
  "power_log_loss": 5.193770885467529,
  "lr": 0.014579999260604382,
  "elapsed_time": 5224.7588794231415,
  "remaining_time": 23932.87569988738,
  "expected_finish_time": "2026-03-31 18:55:23",
  "smoothed_speed": 3712.533383542292
}