{
  "completed_epoch": 5661,
  "min_loss": 0.03853784129023552,
  "min_val_loss": 0.039429645985364914,
  "current_epoch": 5661,
  "model_name": "FRIKAN",
  "training_alive": true,
  "timestamp": "20260331122205.9",
  "best_weights_file": "projects\\FRIKANh8u6l6_puremae/data\\projects\\FRIKANh8u6l6_puremae_best_weights.h5",
  "best_val_weights_file": "projects\\FRIKANh8u6l6_puremae/data\\projects\\FRIKANh8u6l6_puremae_best_val_weights.h5",
  "loss": 0.13924922049045563,
  "val_loss": 0.13979105651378632,
  "val_power_log_loss": 4.785778045654297,
  "power_log_loss": 5.293915271759033,
  "lr": 0.005160996690392494,
  "elapsed_time": 5560.102361917496,
  "remaining_time": 23071.983011957385,
  "expected_finish_time": "2026-03-31 18:46:37",
  "smoothed_speed": 3797.853004424787
}