{
  "project_name": "FRIKANh8u6l6_e1k_lr14e5_randfrirnn",
  "generated_at": "2026-04-13T10:12:08.260903+08:00",
  "status": "complete",
  "calculation_standard": "ablation-study-v1",
  "sources": {
    "training_info": true,
    "compute_analysis": true,
    "model_info": true,
    "linear_response": true,
    "linearity_by_frequency": true,
    "config": true
  },
  "missing_sources": [],
  "missing_sections": [],
  "epochs": 8,
  "min_loss": 1.3941,
  "min_val_loss": 1.4184,
  "train_loss": 1.3798041343688965,
  "val_loss": 1.4183920621871948,
  "train_mae": 0.4671784043312073,
  "train_afmae": 1.6957368850708008,
  "val_mae": 0.4669416546821594,
  "val_afmae": 1.6794631481170654,
  "weights_source": "best_val",
  "freq_drift_hz": 828831.0703652458,
  "sens_drift_percent": 4530.128317340455,
  "linearity_percent": 72.52253327236087,
  "compute_cost": 1710.0,
  "total_params": 2569,
  "lr": 0.00014,
  "use_cosine_annealing": false,
  "metric_details": {
    "natural_frequency_drift": {
      "min": 145.61052725812314,
      "max": 829206.8703088937,
      "median": 375.7999436479201,
      "count": 25,
      "unit": "Hz",
      "method": "max(|max-median|, |median-min|) from fn_comped",
      "drift": 828831.0703652458
    },
    "sensitivity_drift": {
      "min": 96.68056900491375,
      "max": 4932.717171249963,
      "median": 402.5888539095077,
      "count": 25,
      "unit": "%",
      "method": "max(|max-median|, |median-min|) from interpolated sensitivity",
      "drift": 4530.128317340455,
      "frequency_hz": 100.0
    },
    "linearity": {
      "mean": 72.52253327236087,
      "max": 99.80582330436086,
      "min": 30.49258193588501,
      "count": 14,
      "unit": "%",
      "method": "mean(1 - R^2) across frequency points"
    },
    "natural_frequency_drift_origin": {
      "min": 34.24511188160566,
      "max": 93.39109038646993,
      "median": 58.89345106524416,
      "count": 25,
      "unit": "Hz",
      "method": "max(|max-median|, |median-min|) from fn_origin",
      "drift": 34.49763932122577
    },
    "sensitivity_drift_origin": {
      "min": 60.001934754356135,
      "max": 203.37127543336493,
      "median": 144.5628340451216,
      "count": 25,
      "unit": "%",
      "method": "max(|max-median|, |median-min|) from interpolated origin sensitivity",
      "drift": 84.56089929076546,
      "frequency_hz": 100.0
    },
    "linearity_origin": {
      "mean": 2.5499568401843997,
      "max": 6.418887454843169,
      "min": 0.359242046082775,
      "count": 14,
      "unit": "%",
      "method": "mean(1 - R^2) across frequency points"
    }
  },
  "compute_details": {
    "total_params": 2569,
    "additions": 266,
    "multiplications": 40,
    "maps": 234,
    "total_ops": 540,
    "weighted_total": 1710.0,
    "weighted_additions": 266.0,
    "weighted_multiplications": 40.0,
    "weighted_maps": 1404.0
  },
  "compute_cost_status": "complete",
  "compute_has_unsupported_layers": false,
  "compute_unsupported_layer_count": 0,
  "compute_unsupported_layers": [],
  "compute_unsupported_layer_details": [],
  "compute_cost_warning": null,
  "loss_function": "MAE+AFMAE",
  "loss_function_key": "power_log_mae",
  "loss_function_source": "config.use_power_loss",
  "display_metrics": {
    "Loss Function": "MAE+AFMAE",
    "TRAIN_MAE": 0.4671784043312073,
    "TRAIN_AFMAE": 1.6957368850708008,
    "VAL_MAE": 0.4669416546821594,
    "VAL_AFMAE": 1.6794631481170654,
    "Freq Drift (Hz)": 828831.0703652458,
    "Sens Drift (%)": 4530.128317340455,
    "Linearity (%)": 72.52253327236087,
    "Compute Cost": 1710.0,
    "Total Params": 2569,
    "Epochs": 8,
    "LR": 0.00014,
    "Cosine Annealing": false
  }
}