{
  "completed_epoch": 8,
  "min_loss": 1.4088958501815796,
  "min_val_loss": 1.4491606950759888,
  "current_epoch": 8,
  "model_name": "FRIKAN",
  "training_alive": false,
  "timestamp": "20260413101208.2",
  "best_weights_file": "projects/01_LR_STUDY/FRIKANh8u6l6_e1k_lr14e5_randfrirnn/data\\FRIKANh8u6l6_e1k_lr14e5_randfrirnn_best_weights.h5",
  "best_val_weights_file": "projects/01_LR_STUDY/FRIKANh8u6l6_e1k_lr14e5_randfrirnn/data\\FRIKANh8u6l6_e1k_lr14e5_randfrirnn_best_val_weights.h5",
  "loss": 1.4088958501815796,
  "val_loss": 1.4491606950759888,
  "mae": 0.47677603363990784,
  "afmae": 1.687143087387085,
  "val_mae": 0.47707852721214294,
  "val_afmae": 1.670859932899475,
  "val_power_log_loss": 1.6794630289077759,
  "power_log_loss": 1.7044986486434937,
  "lr": 2.8000000384054147e-05,
  "elapsed_time": 22.092214822769165,
  "remaining_time": 3060.3603287418264,
  "expected_finish_time": "2026-04-05 16:53:59",
  "smoothed_speed": 1168.0977453624455
}