{
  "project_name": "LSTMTransformeru6_e1k_puremae",
  "generated_at": "2026-04-10T01:58:16.123043+08:00",
  "status": "complete",
  "calculation_standard": "ablation-study-v1",
  "sources": {
    "training_info": true,
    "compute_analysis": true,
    "model_info": true,
    "linear_response": true,
    "linearity_by_frequency": true
  },
  "missing_sources": [],
  "missing_sections": [],
  "epochs": 1000,
  "min_loss": 0.0078392,
  "min_val_loss": 0.0068848,
  "train_loss": 0.0066804056987166405,
  "val_loss": 0.006884773727506399,
  "train_mae": 0.006680404767394066,
  "train_afmae": 0.07374436408281326,
  "val_mae": 0.006884773261845112,
  "val_afmae": 0.07560783624649048,
  "weights_source": "best_val",
  "freq_drift_hz": 4.720569366171951,
  "sens_drift_percent": 18.38493861051414,
  "linearity_percent": 1.6165622962925914,
  "compute_cost": 2100.0,
  "total_params": 1261,
  "metric_details": {
    "natural_frequency_drift": {
      "min": 30.76431819567103,
      "max": 35.94250023475634,
      "median": 35.48488756184298,
      "count": 25,
      "unit": "Hz",
      "method": "max(|max-median|, |median-min|) from fn_comped",
      "drift": 4.720569366171951
    },
    "sensitivity_drift": {
      "min": 48.99017917623917,
      "max": 71.88216161636605,
      "median": 67.37511778675331,
      "count": 25,
      "unit": "%",
      "method": "max(|max-median|, |median-min|) from interpolated sensitivity",
      "drift": 18.38493861051414,
      "frequency_hz": 100.0
    },
    "linearity": {
      "mean": 1.6165622962925914,
      "max": 10.75782298942125,
      "min": 0.14023601034355293,
      "count": 14,
      "unit": "%",
      "method": "mean(1 - R^2) across frequency points"
    },
    "natural_frequency_drift_origin": {
      "min": 34.24511188160566,
      "max": 93.39109038646993,
      "median": 58.89345106524416,
      "count": 25,
      "unit": "Hz",
      "method": "max(|max-median|, |median-min|) from fn_origin",
      "drift": 34.49763932122577
    },
    "sensitivity_drift_origin": {
      "min": 60.001934754356135,
      "max": 203.37127543336493,
      "median": 144.5628340451216,
      "count": 25,
      "unit": "%",
      "method": "max(|max-median|, |median-min|) from interpolated origin sensitivity",
      "drift": 84.56089929076546,
      "frequency_hz": 100.0
    },
    "linearity_origin": {
      "mean": 2.5499568401843997,
      "max": 6.418887454843169,
      "min": 0.359242046082775,
      "count": 14,
      "unit": "%",
      "method": "mean(1 - R^2) across frequency points"
    }
  },
  "compute_details": {
    "total_params": 1261,
    "additions": 792,
    "multiplications": 804,
    "maps": 84,
    "total_ops": 1680,
    "weighted_total": 2100.0,
    "weighted_additions": 792.0,
    "weighted_multiplications": 804.0,
    "weighted_maps": 504.0
  },
  "display_metrics": {
    "TRAIN_MAE": 0.006680404767394066,
    "TRAIN_AFMAE": 0.07374436408281326,
    "VAL_MAE": 0.006884773261845112,
    "VAL_AFMAE": 0.07560783624649048,
    "Freq Drift (Hz)": 4.720569366171951,
    "Sens Drift (%)": 18.38493861051414,
    "Linearity (%)": 1.6165622962925914,
    "Compute Cost": 2100.0,
    "Total Params": 1261,
    "Epochs": 1000
  }
}