{
  "project_name": "LSTMTransformeru6_e1k_puremae",
  "generated_at": "2026-04-09T23:48:48.726856+08:00",
  "status": "complete",
  "sources": {
    "training_info": true,
    "compute_analysis": true,
    "model_info": true,
    "linear_response": true
  },
  "missing_sources": [],
  "missing_sections": [],
  "epochs": 1000,
  "min_loss": 0.0078392,
  "min_val_loss": 0.0068848,
  "train_loss": 0.006680404767394066,
  "val_loss": 0.006884773727506399,
  "train_mae": 0.006680405233055353,
  "train_afmae": 0.006680405233055353,
  "val_mae": 0.006884773261845112,
  "val_afmae": 0.006884773261845112,
  "weights_source": null,
  "freq_drift_hz": 32.0,
  "sens_drift_percent": 28.20305194321503,
  "linearity_percent": 24.999079983305894,
  "compute_cost": 2100.0,
  "total_params": 1261,
  "display_metrics": {
    "TRAIN_MAE": 0.006680405233055353,
    "TRAIN_AFMAE": 0.006680405233055353,
    "VAL_MAE": 0.006884773261845112,
    "VAL_AFMAE": 0.006884773261845112,
    "Freq Drift (Hz)": 32.0,
    "Sens Drift (%)": 28.20305194321503,
    "Linearity (%)": 24.999079983305894,
    "Compute Cost": 2100.0,
    "Total Params": 1261,
    "Epochs": 1000
  }
}