{
  "project_name": "LSTMTransformeru6_e1k_puremae",
  "generated_at": "2026-04-21T22:39:44.739956+08:00",
  "status": "complete",
  "calculation_standard": "ablation-study-v1",
  "sources": {
    "training_info": true,
    "compute_analysis": true,
    "model_info": true,
    "linear_response": true,
    "linearity_by_frequency": true,
    "config": true,
    "board_inference_config": true,
    "board_inference_qemu": true,
    "board_inference_keil": true
  },
  "missing_sources": [],
  "missing_sections": [],
  "epochs": 1000,
  "min_loss": 0.0078392,
  "min_val_loss": 0.0068848,
  "train_loss": 0.006680404767394066,
  "val_loss": 0.006884773261845112,
  "train_mae": 0.006680404767394066,
  "train_afmae": 0.07374436408281326,
  "val_mae": 0.006884773261845112,
  "val_afmae": 0.07560783624649048,
  "weights_source": "best_val",
  "freq_drift_hz": 4.720569366171951,
  "sens_drift_percent": 18.38493861051414,
  "linearity_percent": 1.6165622962925914,
  "compute_cost": 4488.0,
  "total_params": 1261,
  "lr": 0.01,
  "use_cosine_annealing": false,
  "metric_details": {
    "natural_frequency_drift": {
      "min": 30.76431819567103,
      "max": 35.94250023475634,
      "median": 35.48488756184298,
      "count": 25,
      "unit": "Hz",
      "method": "max(|max-median|, |median-min|) from fn_comped",
      "drift": 4.720569366171951
    },
    "sensitivity_drift": {
      "min": 48.99017917623917,
      "max": 71.88216161636605,
      "median": 67.37511778675331,
      "count": 25,
      "unit": "%",
      "method": "max(|max-median|, |median-min|) from interpolated sensitivity",
      "drift": 18.38493861051414,
      "frequency_hz": 100.0
    },
    "linearity": {
      "mean": 1.6165622962925914,
      "max": 10.75782298942125,
      "min": 0.14023601034355293,
      "count": 14,
      "unit": "%",
      "method": "mean(1 - R^2) across frequency points"
    },
    "natural_frequency_drift_origin": {
      "min": 34.24511188160566,
      "max": 93.39109038646993,
      "median": 58.89345106524416,
      "count": 25,
      "unit": "Hz",
      "method": "max(|max-median|, |median-min|) from fn_origin",
      "drift": 34.49763932122577
    },
    "sensitivity_drift_origin": {
      "min": 60.001934754356135,
      "max": 203.37127543336493,
      "median": 144.5628340451216,
      "count": 25,
      "unit": "%",
      "method": "max(|max-median|, |median-min|) from interpolated origin sensitivity",
      "drift": 84.56089929076546,
      "frequency_hz": 100.0
    },
    "linearity_origin": {
      "mean": 2.5499568401843997,
      "max": 6.418887454843169,
      "min": 0.359242046082775,
      "count": 14,
      "unit": "%",
      "method": "mean(1 - R^2) across frequency points"
    }
  },
  "compute_details": {
    "total_params": 1261,
    "additions": 2728,
    "multiplications": 1208,
    "maps": 92,
    "total_ops": 4028,
    "weighted_total": 4488.0,
    "weighted_additions": 2728.0,
    "weighted_multiplications": 1208.0,
    "weighted_maps": 552.0
  },
  "compute_cost_status": "complete",
  "compute_has_unsupported_layers": false,
  "compute_unsupported_layer_count": 0,
  "compute_unsupported_layers": [],
  "compute_unsupported_layer_details": [],
  "compute_cost_warning": null,
  "loss_function": "MAE",
  "loss_function_key": "mae",
  "loss_function_source": "config.use_power_loss",
  "board_inference_ep_path": "ex_projects/inference/qemu-c-inference/lstm_transformeru6_e1k_puremae",
  "board_qemu_mae": 0.005048724868074981,
  "board_keil_mae": 0.005048724868074981,
  "board_keil_speed": 0.6842225000000001,
  "board_inference": {
    "configured": true,
    "ep_path": "ex_projects/inference/qemu-c-inference/lstm_transformeru6_e1k_puremae",
    "project_dir": "ex_projects/inference/qemu-c-inference/lstm_transformeru6_e1k_puremae",
    "qemu_summary_path": "ex_projects/inference/qemu-c-inference/lstm_transformeru6_e1k_puremae/data/benchmark_summary.json",
    "keil_summary_path": "ex_projects/inference/qemu-c-inference/lstm_transformeru6_e1k_puremae/data/keil_benchmark_summary.json",
    "qemu_summary_exists": true,
    "keil_summary_exists": true,
    "qemu_mae": 0.005048724868074981,
    "keil_mae": 0.005048724868074981,
    "keil_wall_time_per_iter_ms": 273.689,
    "keil_point_count_per_iter": 400,
    "keil_speed_ms_per_point": 0.6842225000000001,
    "keil_speed_unit": "ms/point",
    "missing_sources": [],
    "missing_sections": []
  },
  "display_metrics": {
    "Loss Function": "MAE",
    "TRAIN_MAE": 0.006680404767394066,
    "TRAIN_AFMAE": 0.07374436408281326,
    "VAL_MAE": 0.006884773261845112,
    "VAL_AFMAE": 0.07560783624649048,
    "Freq Drift (Hz)": 4.720569366171951,
    "Sens Drift (%)": 18.38493861051414,
    "Linearity (%)": 1.6165622962925914,
    "Compute Cost": 4488.0,
    "Total Params": 1261,
    "Epochs": 1000,
    "LR": 0.01,
    "Cosine Annealing": false,
    "QEMU-MAE": 0.005048724868074981,
    "KEIL-MAE": 0.005048724868074981,
    "KEIL-SPEED": 0.6842225000000001
  }
}