{
  "completed_epoch": 1000,
  "min_loss": 0.007866116240620613,
  "min_val_loss": 0.006884773261845112,
  "current_epoch": 1000,
  "model_name": "LSTMTransformer",
  "training_alive": false,
  "timestamp": "20260405004333.4",
  "best_weights_file": "projects\\01_LR_STUDY\\LSTMTransformeru6_e1k_puremae/data\\projects\\01_LR_STUDY\\LSTMTransformeru6_e1k_puremae_best_weights.h5",
  "best_val_weights_file": "projects\\01_LR_STUDY\\LSTMTransformeru6_e1k_puremae/data\\projects\\01_LR_STUDY\\LSTMTransformeru6_e1k_puremae_best_val_weights.h5",
  "loss": 0.007839193567633629,
  "val_loss": 0.00693059666082263,
  "mae": 0.0,
  "afmae": 0.8836671113967896,
  "val_mae": 0.0,
  "val_afmae": 0.8768588304519653,
  "val_power_log_loss": 0.0,
  "power_log_loss": 0.0,
  "lr": 0.019999999552965164,
  "elapsed_time": 1308.6517851352692,
  "remaining_time": 1.3083103784753092,
  "expected_finish_time": "2026-04-05 00:39:18",
  "smoothed_speed": 2751.6406345376554
}