{
  "completed_epoch": 168,
  "min_loss": 0.014378447085618973,
  "min_val_loss": 0.011421138420701027,
  "current_epoch": 168,
  "model_name": "LSTMTransformer",
  "training_alive": true,
  "timestamp": "20260405002116.7",
  "best_weights_file": "projects\\01_LR_STUDY\\LSTMTransformeru6_e1k_puremae/data\\projects\\01_LR_STUDY\\LSTMTransformeru6_e1k_puremae_best_weights.h5",
  "best_val_weights_file": "projects\\01_LR_STUDY\\LSTMTransformeru6_e1k_puremae/data\\projects\\01_LR_STUDY\\LSTMTransformeru6_e1k_puremae_best_val_weights.h5",
  "loss": 0.014912234619259834,
  "val_loss": 0.01303583662956953,
  "mae": 0.0,
  "afmae": 0.8836671113967896,
  "val_mae": 0.0,
  "val_afmae": 0.8768588304519653,
  "val_power_log_loss": 0.0,
  "power_log_loss": 0.0,
  "lr": 0.019999999552965164,
  "elapsed_time": 228.04800605773926,
  "remaining_time": 1106.0260536990809,
  "expected_finish_time": "2026-04-05 00:39:42",
  "smoothed_speed": 2711.3285351376453
}