{"gains_origin": [[77.76164469391294, 69.84829910659019, 65.17829759978443, 59.40834511773537], [86.6456049398082, 78.0274336103492, 73.45999755954644, 59.85238284534686], [101.88594994277824, 89.99682866301669, 77.9343725105666, 63.191166902219024], [112.34924905136451, 102.10272488049755, 87.19392820826799, 72.62271539673418], [125.35326636548211, 113.06901218514334, 98.47674424262259, 83.32066577914638], [124.9908209694585, 113.96635676357137, 98.34942959981034, 82.08482236769791], [135.72846178305682, 126.37295558357798, 108.8951262176239, 90.85937572025507], [161.8987657316758, 150.13222005659887, 130.22795141861977, 109.142072557969], [161.85216209398993, 156.8808372812973, 138.5238288997726, 115.32515995422376], [167.00896920491752, 166.57908797632516, 150.5436810124636, 125.06889081054474], [161.50737445239722, 166.22004620979095, 152.6745874211171, 128.00838054945197], [162.9754875315315, 170.76781288507038, 158.58963532479817, 135.33501263091017], [163.23050457401723, 174.6997138774149, 164.29596446339542, 143.39798130965855], [156.56136406072815, 172.06469143118326, 166.36113039551574, 148.32707427393566], [148.44470578444864, 166.9789058319825, 165.19242039469725, 147.87253259447425], [152.33118755611244, 172.10780361391843, 175.2765402386634, 159.22266726499635], [152.2950921596587, 174.45235823998598, 181.61359141392816, 167.60940234807754], [152.43578714299116, 174.1143362838252, 185.59155329206962, 173.17976502803978], [153.96348774668152, 173.9812203734665, 187.0529661346195, 179.54587860500578], [153.05938629839653, 174.23657785316374, 188.2825329300555, 183.2447956901419], [153.50707971203602, 173.67176686629918, 191.0322684665218, 189.53073246450188], [152.55650244945292, 172.4786725177076, 189.27147311873773, 191.5389791694587], [151.4941209457868, 173.00417386272028, 188.32029673837468, 196.52045245906658], [150.7575831795819, 172.19280280409947, 189.75286976574597, 199.1770136607185], [150.9215610358729, 173.81849762766498, 191.60097336498075, 203.37127543371568]], "gains_comped": [[100.34562815760762, 83.44964178085118, 74.4490193348319, 65.00420862447598], [94.45579945112179, 82.04708030873017, 81.66518213731605, 64.9820317248617], [100.02173941806393, 85.63259211054223, 76.25421551158192, 64.56106349083403], [97.82439832986759, 86.45099690830116, 75.35855205092699, 62.70578707028279], [101.61573945032826, 86.58152614126823, 78.0255906464452, 62.86142717327752], [98.91238043091901, 82.33394870304747, 72.11425008855674, 61.15155583786917], [103.71513318393559, 86.02711202047367, 71.22155453056281, 60.039158305490545], [111.8550679926423, 97.18189917417479, 75.25221902390076, 64.02512627130582], [105.00736118827315, 99.57085869845662, 74.94153404814821, 63.278397809842645], [102.46437935052059, 102.82149962982388, 77.49950844753923, 63.76407752075343], [98.87505332889883, 99.48496496717402, 76.91100295138963, 63.1179801956859], [99.77507983738394, 98.06187005320785, 77.5193373325465, 62.8466050923747], [100.24565499922203, 96.09066281069134, 78.4811113185555, 63.64213359819138], [96.51726062729114, 92.03067796526669, 78.11427784640223, 63.14913505303858], [91.71998414308956, 88.5837255173394, 77.24764808348678, 62.31703560306724], [94.68281076045301, 88.66636212673988, 79.99984101124214, 62.868861967707744], [95.49762285354275, 88.88042062281879, 81.21872495954709, 63.3911503715693], [96.41543571662623, 88.52279283435736, 81.30028227651233, 63.15076992373618], [98.34944221316617, 88.54187123659806, 80.67485069947423, 63.1011860593148], [98.48017914872399, 88.53546431034718, 79.4201711221976, 63.799233164785775], [99.60441238314792, 88.0692960515339, 78.60852773646604, 63.051260748148536], [99.68002398120107, 87.78315018733664, 76.90044711184466, 63.18994796590053], [99.44558933561392, 88.2345807405427, 75.37242333822365, 62.76345789156706], [99.82498201839823, 88.31743523589088, 74.7349622677001, 61.467149487528886], [100.62682920012165, 89.4009228012146, 73.82323021341756, 62.164481300829486]], "magnitudes": [0.24, 0.48, 0.72, 0.96, 1.2, 1.44, 1.68, 1.92, 2.16, 2.4, 2.64, 2.88, 3.12, 3.36, 3.5999999999999996, 3.84, 4.08, 4.32, 4.56, 4.8, 5.04, 5.28, 5.52, 5.76, 6.0], "frequencies": [50.0, 64.0, 80.0, 100.0], "fit_params_origin": [[27864.679925211356, 70.53877910455331, 72.1039664621996], [45334.421031750135, 59111.899606776875, 509.87826032456644], [35959.53965002127, 5.423914404927694e-12, 97.30975987778247], [47138.69768646712, 79919.2740316554, 415.18100610309995], [57782.4074677064, 60107.066467542034, 444.2794962598606], [54213.59835413135, 79080.78952764042, 429.19706460584626], [58514.4682624054, 92436.1470019737, 430.52079392177905], [71786.61059826482, 87922.61560834217, 441.99653258436047], [73615.18882965468, 112421.73446117464, 452.7703735452004], [79537.28277407262, 126742.35804056906, 468.1773763012303], [80747.24803013835, 140853.13958149275, 481.970714342443], [86398.9863068452, 149509.01608230983, 504.9067480260463], [93149.10747999503, 160979.84999087703, 534.5467253377491], [98731.47884713272, 180513.50521905246, 573.5331497785811], [97095.54755238962, 195867.444481257, 575.9364611796418], [109208.867439761, 212399.3784997586, 619.9944729466581], [117085.13248612473, 230554.98903385008, 646.0466057266242], [126570.44240277057, 246823.94083659165, 688.2969190375632], [149801.7790595757, 271819.75513341196, 807.4879586180793], [157935.4915447893, 288251.6493057538, 842.2174510295595], [186469.5032471618, 330368.47821887647, 974.4006174646041], [219659.4282397453, 376906.42158780474, 1143.21123351719], [297551.2889687499, 495331.2334651622, 1505.3480229986408], [334494.00761515566, 564599.411183276, 1655.79164671729], [380835.4286081416, 645259.2541380848, 1829.2713939116366]], "fit_params_comped": [[44303.698127232456, 0.0014297414596382632, 319.4414568656716], [53004.836210076544, 0.019398228125301367, 471.89148341207397], [39991.08412092562, 4.336789936815517e-11, 228.65013329129837], [43475.70201341325, 48597.48433007508, 415.0783384181483], [44956.39854243227, 0.007944445757118557, 314.0460558931928], [41285.060543604835, 0.0035551581903192912, 280.4241763240037], [38576.12157151786, 7.017851625521697e-11, 196.88406099327244], [42215.9271021132, 10595.60783014269, 246.68460491497387], [274334.5327906911, 306.08737849286035, 3081.473945579104], [31887.97095361121, 123603.46020024049, 299.75829485057966], [32393.67567430098, 124217.26271724756, 316.2352038586071], [33503.57581751194, 119561.06359396635, 328.384224025489], [36006.21970425527, 112265.25891274445, 356.11609268923166], [37677.028074473536, 109723.90787604699, 388.7263544416926], [38012.46980955785, 114577.78543596933, 411.62178008232024], [39873.81682553855, 106272.64978209446, 421.21062542687616], [41511.80655393045, 103136.42434974987, 436.0327060948347], [42063.87544540501, 96788.92025903551, 437.93905787958545], [42755.64865504524, 83737.8682426921, 433.5688364736486], [43557.95151813151, 75832.0358129334, 437.23283404828044], [46757.80997887884, 2.319680549307666, 346.4800275310916], [45781.02607787488, 152.94157705493288, 333.85442742184193], [41755.13773026982, 62053.18567080515, 403.3297783338646], [39734.935806077745, 69410.96171618575, 386.9757172090099], [39375.03534633411, 70200.29022044802, 380.2192321175894]]}