{
  "completed_epoch": 1000,
  "min_loss": 0.021366463974118233,
  "min_val_loss": 0.022864943370223045,
  "current_epoch": 1000,
  "model_name": "FRIKAN",
  "training_alive": false,
  "timestamp": "20260424175745.6",
  "best_weights_file": "projects/09_HPARAM_SENSITIVITY/FRIKANh8u8l6g8s2_e1k_lr7e4_axisU/data\\FRIKANh8u8l6g8s2_e1k_lr7e4_axisU_best_weights.h5",
  "best_val_weights_file": "projects/09_HPARAM_SENSITIVITY/FRIKANh8u8l6g8s2_e1k_lr7e4_axisU/data\\FRIKANh8u8l6g8s2_e1k_lr7e4_axisU_best_val_weights.h5",
  "loss": 0.022119393572211266,
  "val_loss": 0.024324124678969383,
  "mae": 0.0,
  "afmae": 1.8947560787200928,
  "val_mae": 0.0,
  "val_afmae": 1.8840583562850952,
  "val_power_log_loss": 0.042156800627708435,
  "power_log_loss": 0.03375766798853874,
  "lr": 0.00014000000373926014,
  "elapsed_time": 1317.3649916648865,
  "remaining_time": 0.0,
  "expected_finish_time": "2026-04-24 17:57:45",
  "smoothed_speed": 2786.681646848719
}