{
  "project_name": "FRIKANh8u6l6_2",
  "generated_at": "2026-04-09T23:46:48.783820+08:00",
  "status": "complete",
  "sources": {
    "training_info": true,
    "compute_analysis": true,
    "model_info": true,
    "linear_response": true
  },
  "missing_sources": [],
  "missing_sections": [],
  "epochs": 30000,
  "min_loss": 0.011622,
  "min_val_loss": 0.015173,
  "train_loss": 0.012416856363415718,
  "val_loss": 0.015273630619049072,
  "train_mae": 0.01443573646247387,
  "train_afmae": 0.012046593241393566,
  "val_mae": 0.01488722674548626,
  "val_afmae": 0.025953317061066628,
  "weights_source": null,
  "freq_drift_hz": 32.0,
  "sens_drift_percent": 26.985860386046127,
  "linearity_percent": 27.11723436708352,
  "compute_cost": 1710.0,
  "total_params": 2569,
  "display_metrics": {
    "TRAIN_MAE": 0.01443573646247387,
    "TRAIN_AFMAE": 0.012046593241393566,
    "VAL_MAE": 0.01488722674548626,
    "VAL_AFMAE": 0.025953317061066628,
    "Freq Drift (Hz)": 32.0,
    "Sens Drift (%)": 26.985860386046127,
    "Linearity (%)": 27.11723436708352,
    "Compute Cost": 1710.0,
    "Total Params": 2569,
    "Epochs": 30000
  }
}