{
  "project_name": "FRIKANh8u6l6_2",
  "generated_at": "2026-04-10T12:56:22.558905+08:00",
  "status": "complete",
  "calculation_standard": "ablation-study-v1",
  "sources": {
    "training_info": true,
    "compute_analysis": true,
    "model_info": true,
    "linear_response": true,
    "linearity_by_frequency": true,
    "config": true
  },
  "missing_sources": [],
  "missing_sections": [],
  "epochs": 30000,
  "min_loss": 0.011622,
  "min_val_loss": 0.015173,
  "train_loss": 0.012416856363415718,
  "val_loss": 0.015273630619049072,
  "train_mae": 0.01443573646247387,
  "train_afmae": 0.012046593241393566,
  "val_mae": 0.01488722674548626,
  "val_afmae": 0.025953317061066628,
  "weights_source": null,
  "freq_drift_hz": 1.5738497060614165,
  "sens_drift_percent": 6.251104167266092,
  "linearity_percent": 0.5458749822479141,
  "compute_cost": 1710.0,
  "total_params": 2569,
  "lr": 0.01,
  "use_cosine_annealing": true,
  "metric_details": {
    "natural_frequency_drift": {
      "min": 33.04955544401674,
      "max": 35.56441811281117,
      "median": 33.99056840674975,
      "count": 25,
      "unit": "Hz",
      "method": "max(|max-median|, |median-min|) from fn_comped",
      "drift": 1.5738497060614165
    },
    "sensitivity_drift": {
      "min": 57.85059135008877,
      "max": 69.66927646107877,
      "median": 63.418172293812674,
      "count": 25,
      "unit": "%",
      "method": "max(|max-median|, |median-min|) from interpolated sensitivity",
      "drift": 6.251104167266092,
      "frequency_hz": 100.0
    },
    "linearity": {
      "mean": 0.5458749822479141,
      "max": 1.4532696527154387,
      "min": 0.08759025770099793,
      "count": 14,
      "unit": "%",
      "method": "mean(1 - R^2) across frequency points"
    },
    "natural_frequency_drift_origin": {
      "min": 34.24511189190977,
      "max": 93.39109037552112,
      "median": 58.893451232916746,
      "count": 25,
      "unit": "Hz",
      "method": "max(|max-median|, |median-min|) from fn_origin",
      "drift": 34.49763914260437
    },
    "sensitivity_drift_origin": {
      "min": 60.00193475436049,
      "max": 203.37127543371568,
      "median": 144.56283404568921,
      "count": 25,
      "unit": "%",
      "method": "max(|max-median|, |median-min|) from interpolated origin sensitivity",
      "drift": 84.56089929132872,
      "frequency_hz": 100.0
    },
    "linearity_origin": {
      "mean": 2.549956840185786,
      "max": 6.418887454845679,
      "min": 0.3592420460827306,
      "count": 14,
      "unit": "%",
      "method": "mean(1 - R^2) across frequency points"
    }
  },
  "compute_details": {
    "total_params": 2569,
    "additions": 266,
    "multiplications": 40,
    "maps": 234,
    "total_ops": 540,
    "weighted_total": 1710.0,
    "weighted_additions": 266.0,
    "weighted_multiplications": 40.0,
    "weighted_maps": 1404.0
  },
  "display_metrics": {
    "TRAIN_MAE": 0.01443573646247387,
    "TRAIN_AFMAE": 0.012046593241393566,
    "VAL_MAE": 0.01488722674548626,
    "VAL_AFMAE": 0.025953317061066628,
    "Freq Drift (Hz)": 1.5738497060614165,
    "Sens Drift (%)": 6.251104167266092,
    "Linearity (%)": 0.5458749822479141,
    "Compute Cost": 1710.0,
    "Total Params": 2569,
    "Epochs": 30000,
    "LR": 0.01,
    "Cosine Annealing": true
  }
}