{
    "total_epochs": 30000,
    "min_loss": 0.011622,
    "params@min_loss": {
        "epoch": 24995,
        "val_loss": 0.015229,
        "power_log_loss": 0.0083733,
        "val_power_log_loss": 0.025959
    },
    "min_val_loss": 0.015173,
    "params@min_val_loss": {
        "epoch": 23544,
        "val_loss": 0.015173,
        "power_log_loss": 0.010364,
        "val_power_log_loss": 0.025804
    },
    "min_power_log_loss": 0.0083682,
    "params@min_power_log_loss": {
        "epoch": 25000,
        "val_loss": 0.015228,
        "power_log_loss": 0.0083682,
        "val_power_log_loss": 0.025954
    },
    "min_val_power_log_loss": 0.025768,
    "params@min_val_power_log_loss": {
        "epoch": 24337,
        "val_loss": 0.015177,
        "power_log_loss": 0.009423,
        "val_power_log_loss": 0.025768
    },
    "learning_rate_max": 0.002,
    "learning_rate_min": 1.1453e-07,
    "learning_rate_mean": 0.000200958921228,
    "evaluation_metrics": {
        "train_loss": 0.012416856363415718,
        "val_loss": 0.015273630619049072,
        "train_mae": 0.01443573646247387,
        "train_afmae": 0.012046593241393566,
        "val_mae": 0.01488722674548626,
        "val_afmae": 0.025953317061066628
    }
}