{
    "total_epochs": 30000,
    "min_loss": 0.0020656,
    "params@min_loss": {
        "epoch": 29994,
        "val_loss": 0.002383,
        "power_log_loss": 0.0010219,
        "val_power_log_loss": 0.0023801
    },
    "min_val_loss": 0.0023375,
    "params@min_val_loss": {
        "epoch": 26175,
        "val_loss": 0.0023375,
        "power_log_loss": 0.0018888,
        "val_power_log_loss": 0.0022203
    },
    "min_power_log_loss": 0.0010219,
    "params@min_power_log_loss": {
        "epoch": 29994,
        "val_loss": 0.002383,
        "power_log_loss": 0.0010219,
        "val_power_log_loss": 0.0023801
    },
    "min_val_power_log_loss": 0.0022203,
    "params@min_val_power_log_loss": {
        "epoch": 26175,
        "val_loss": 0.0023375,
        "power_log_loss": 0.0018888,
        "val_power_log_loss": 0.0022203
    },
    "learning_rate_max": 0.02,
    "learning_rate_min": 8.4782e-06,
    "learning_rate_mean": 0.0035399541795733333
}