{
  "completed_epoch": 30000,
  "min_loss": 0.08203387260437012,
  "min_val_loss": 0.08351261168718338,
  "current_epoch": 0,
  "model_name": "WaveNet5",
  "training_alive": false,
  "timestamp": "20250707201457.0",
  "best_weights_file": "projects/WNET5q0.5h2u8l8nb/data\\WNET5q0.5h2u8l8nb_best_weights.h5",
  "best_val_weights_file": "projects/WNET5q0.5h2u8l8nb/data\\WNET5q0.5h2u8l8nb_best_val_weights.h5",
  "loss": 0.08203387260437012,
  "val_loss": 0.08351261168718338,
  "val_power_log_loss": 0.06428859382867813,
  "power_log_loss": 0.0567103810608387,
  "lr": 8.478225936414674e-06,
  "elapsed_time": 4176.659181833267,
  "remaining_time": 0.0724955040144666,
  "expected_finish_time": "2025-04-15 21:08:31",
  "smoothed_speed": 49658.25190044357
}