{
  "completed_epoch": 1000,
  "min_loss": 0.005617072805762291,
  "min_val_loss": 0.005604546517133713,
  "current_epoch": 1000,
  "model_name": "LSTM",
  "training_alive": false,
  "timestamp": "20260401190907.4",
  "best_weights_file": "projects\\00_MAE_VS_AFMAE\\LSTMu16_base_puremae/data\\projects\\00_MAE_VS_AFMAE\\LSTMu16_base_puremae_best_weights.h5",
  "best_val_weights_file": "projects\\00_MAE_VS_AFMAE\\LSTMu16_base_puremae/data\\projects\\00_MAE_VS_AFMAE\\LSTMu16_base_puremae_best_val_weights.h5",
  "loss": 0.005616925191134214,
  "val_loss": 0.005604414269328117,
  "val_power_log_loss": 0.03929918259382248,
  "power_log_loss": 0.03674513101577759,
  "lr": 0.0001619999820832163,
  "elapsed_time": 2004.5029425621033,
  "remaining_time": 2.14229106660718,
  "expected_finish_time": "2026-04-01 19:09:09",
  "smoothed_speed": 1680.4439210501139
}