{
    "total_epochs": 30000,
    "min_loss": 0.002298,
    "params@min_loss": {
        "epoch": 29975,
        "val_loss": 0.0025411,
        "power_log_loss": 0.0019035,
        "val_power_log_loss": 0.0029676
    },
    "min_val_loss": 0.0025308,
    "params@min_val_loss": {
        "epoch": 29303,
        "val_loss": 0.0025308,
        "power_log_loss": 0.0023392,
        "val_power_log_loss": 0.0029672
    },
    "min_power_log_loss": 0.001903,
    "params@min_power_log_loss": {
        "epoch": 29995,
        "val_loss": 0.0025412,
        "power_log_loss": 0.001903,
        "val_power_log_loss": 0.0029677
    },
    "min_val_power_log_loss": 0.0029501,
    "params@min_val_power_log_loss": {
        "epoch": 29608,
        "val_loss": 0.0025359,
        "power_log_loss": 0.0020484,
        "val_power_log_loss": 0.0029501
    },
    "learning_rate_max": 0.02,
    "learning_rate_min": 8.4782e-06,
    "learning_rate_mean": 0.0035399541795733333
}