{
    "total_epochs": 30000,
    "min_loss": 0.0019081,
    "params@min_loss": {
        "epoch": 29994,
        "val_loss": 0.0020743,
        "power_log_loss": 0.0013398,
        "val_power_log_loss": 0.0019501
    },
    "min_val_loss": 0.0020719,
    "params@min_val_loss": {
        "epoch": 29725,
        "val_loss": 0.0020719,
        "power_log_loss": 0.0013806,
        "val_power_log_loss": 0.0019387
    },
    "min_power_log_loss": 0.0013397,
    "params@min_power_log_loss": {
        "epoch": 29998,
        "val_loss": 0.0020743,
        "power_log_loss": 0.0013397,
        "val_power_log_loss": 0.0019502
    },
    "min_val_power_log_loss": 0.0019376,
    "params@min_val_power_log_loss": {
        "epoch": 29550,
        "val_loss": 0.0020728,
        "power_log_loss": 0.0014119,
        "val_power_log_loss": 0.0019376
    },
    "learning_rate_max": 0.02,
    "learning_rate_min": 8.4782e-06,
    "learning_rate_mean": 0.0035399541795733333
}