{
  "completed_epoch": 30000,
  "min_loss": 0.0019081205828115344,
  "min_val_loss": 0.002071858150884509,
  "current_epoch": 0,
  "model_name": "WaveNet5",
  "training_alive": false,
  "timestamp": "20250706031733.6",
  "best_weights_file": "projects/WNET5_RealAlias_E08/data\\WNET5_RealAlias_E08_best_weights.h5",
  "best_val_weights_file": "projects/WNET5_RealAlias_E08/data\\WNET5_RealAlias_E08_best_val_weights.h5",
  "loss": 0.0019081342034041882,
  "val_loss": 0.0020743573550134897,
  "val_power_log_loss": 0.0019504674710333347,
  "power_log_loss": 0.0013398166047409177,
  "lr": 8.478225936414674e-06,
  "elapsed_time": 8282.889161586761,
  "remaining_time": 0.4901189078698487,
  "expected_finish_time": "2025-07-06 03:17:33",
  "smoothed_speed": 7345.1563328709235
}