{
  "completed_epoch": 1,
  "min_loss": 0.8400096297264099,
  "min_val_loss": 0.8400142192840576,
  "current_epoch": 1,
  "model_name": "FRIMLP",
  "training_alive": true,
  "timestamp": "20260410225538.4",
  "best_weights_file": "projects/04_FRIMLP/FRIMLPh8u6l6_e1k_lr5e4_mlp32l6_silu_d00/data\\FRIMLPh8u6l6_e1k_lr5e4_mlp32l6_silu_d00_best_weights.h5",
  "best_val_weights_file": "projects/04_FRIMLP/FRIMLPh8u6l6_e1k_lr5e4_mlp32l6_silu_d00/data\\FRIMLPh8u6l6_e1k_lr5e4_mlp32l6_silu_d00_best_val_weights.h5",
  "loss": 0.7319257259368896,
  "val_loss": 0.6255994439125061,
  "mae": 0.0,
  "afmae": 3.8571972846984863,
  "val_mae": 0.0,
  "val_afmae": 3.857219934463501,
  "val_power_log_loss": 2.7719953060150146,
  "power_log_loss": 3.3129684925079346,
  "lr": 9.999999747378752e-05,
  "elapsed_time": 8.813971519470215,
  "remaining_time": 8773.011445999146,
  "expected_finish_time": "2026-04-11 01:21:51",
  "smoothed_speed": 410.3494019310494
}