{
  "completed_epoch": 1000,
  "min_loss": 0.007587295491248369,
  "min_val_loss": 0.007468197029083967,
  "current_epoch": 1000,
  "model_name": "TCN",
  "training_alive": false,
  "timestamp": "20260413173808.1",
  "best_weights_file": "projects/06_TCN/TCNc4d1248k3_nopd_true_e1k_lr2e3_res/data\\TCNc4d1248k3_nopd_true_e1k_lr2e3_res_best_weights.h5",
  "best_val_weights_file": "projects/06_TCN/TCNc4d1248k3_nopd_true_e1k_lr2e3_res/data\\TCNc4d1248k3_nopd_true_e1k_lr2e3_res_best_val_weights.h5",
  "loss": 0.007883356884121895,
  "val_loss": 0.00785665400326252,
  "mae": 0.0,
  "afmae": 0.5075240731239319,
  "val_mae": 0.0,
  "val_afmae": 0.5074228048324585,
  "val_power_log_loss": 0.0,
  "power_log_loss": 0.0,
  "lr": 0.004000000189989805,
  "elapsed_time": 214.63374733924866,
  "remaining_time": 0.0,
  "expected_finish_time": "2026-04-13 17:37:59",
  "smoothed_speed": 19829.59833795181
}