{
    "total_epochs": 1000,
    "min_loss": 0.022197,
    "params@min_loss": {
        "epoch": 913,
        "val_loss": 0.023449,
        "mae": 0.0,
        "val_mae": 0.0,
        "power_log_loss": 0.037631,
        "val_power_log_loss": 0.043465
    },
    "min_val_loss": 0.023127,
    "params@min_val_loss": {
        "epoch": 985,
        "val_loss": 0.023127,
        "mae": 0.0,
        "val_mae": 0.0,
        "power_log_loss": 0.039103,
        "val_power_log_loss": 0.042848
    },
    "min_mae": 0.0,
    "params@min_mae": {
        "epoch": 1,
        "val_loss": 1.3674,
        "mae": 0.0,
        "val_mae": 0.0,
        "power_log_loss": 1.7471,
        "val_power_log_loss": 1.7051
    },
    "min_val_mae": 0.0,
    "params@min_val_mae": {
        "epoch": 1,
        "val_loss": 1.3674,
        "mae": 0.0,
        "val_mae": 0.0,
        "power_log_loss": 1.7471,
        "val_power_log_loss": 1.7051
    },
    "min_power_log_loss": 0.037631,
    "params@min_power_log_loss": {
        "epoch": 913,
        "val_loss": 0.023449,
        "mae": 0.0,
        "val_mae": 0.0,
        "power_log_loss": 0.037631,
        "val_power_log_loss": 0.043465
    },
    "min_val_power_log_loss": 0.04271,
    "params@min_val_power_log_loss": {
        "epoch": 906,
        "val_loss": 0.023403,
        "mae": 0.0,
        "val_mae": 0.0,
        "power_log_loss": 0.037959,
        "val_power_log_loss": 0.04271
    },
    "learning_rate_max": 0.00014,
    "learning_rate_min": 0.00014,
    "learning_rate_mean": 0.00013999999999999996,
    "evaluation_metrics": {
        "weights_source": "best_val",
        "train_loss": 0.021827327087521553,
        "val_loss": 0.023126743733882904,
        "train_mae": 0.018808767199516296,
        "train_afmae": 0.03700416162610054,
        "val_mae": 0.019114334136247635,
        "val_afmae": 0.04284828528761864
    }
}