{
  "completed_epoch": 889,
  "min_loss": 0.022735072299838066,
  "min_val_loss": 0.023597145453095436,
  "current_epoch": 889,
  "model_name": "FRIKAN",
  "training_alive": true,
  "timestamp": "20260424092429.8",
  "best_weights_file": "projects/09_HPARAM_SENSITIVITY/FRIKANh8u6l5g8s2_e1k_lr7e4_axisL/data\\FRIKANh8u6l5g8s2_e1k_lr7e4_axisL_best_weights.h5",
  "best_val_weights_file": "projects/09_HPARAM_SENSITIVITY/FRIKANh8u6l5g8s2_e1k_lr7e4_axisL/data\\FRIKANh8u6l5g8s2_e1k_lr7e4_axisL_best_val_weights.h5",
  "loss": 0.022713106125593185,
  "val_loss": 0.02361113950610161,
  "mae": 0.0,
  "afmae": 0.04044072702527046,
  "val_mae": 0.0,
  "val_afmae": 0.04579264670610428,
  "val_power_log_loss": 0.043585747480392456,
  "power_log_loss": 0.040052417665719986,
  "lr": 0.00014000000373926014,
  "elapsed_time": 437.7051033973694,
  "remaining_time": 265.70252281566775,
  "expected_finish_time": "2026-04-24 09:28:55",
  "smoothed_speed": 1503.9375455129727
