{
  "completed_epoch": 1000,
  "min_loss": 0.022073330357670784,
  "min_val_loss": 0.023126743733882904,
  "current_epoch": 1000,
  "model_name": "FRIKAN",
  "training_alive": false,
  "timestamp": "20260424093222.6",
  "best_weights_file": "projects/09_HPARAM_SENSITIVITY/FRIKANh8u6l5g8s2_e1k_lr7e4_axisL/data\\FRIKANh8u6l5g8s2_e1k_lr7e4_axisL_best_weights.h5",
  "best_val_weights_file": "projects/09_HPARAM_SENSITIVITY/FRIKANh8u6l5g8s2_e1k_lr7e4_axisL/data\\FRIKANh8u6l5g8s2_e1k_lr7e4_axisL_best_val_weights.h5",
  "loss": 0.02414482645690441,
  "val_loss": 0.02421271800994873,
  "mae": 0.0,
  "afmae": 0.03673334792256355,
  "val_mae": 0.0,
  "val_afmae": 0.04270968586206436,
  "val_power_log_loss": 0.048317521810531616,
  "power_log_loss": 0.04701046273112297,
  "lr": 0.00014000000373926014,
  "elapsed_time": 283.49733662605286,
  "remaining_time": 0.0,
  "expected_finish_time": "2026-04-24 09:32:22",
  "smoothed_speed": 1138.9205162405501
}