{
  "project_name": "FRIMLPh8u6l6_e1k_lr2e3_mlp26l5_tanh_d00",
  "generated_at": "2026-04-11T13:13:09.956449+08:00",
  "status": "complete",
  "calculation_standard": "ablation-study-v1",
  "sources": {
    "training_info": true,
    "compute_analysis": true,
    "model_info": true,
    "linear_response": true,
    "linearity_by_frequency": true,
    "config": true
  },
  "missing_sources": [],
  "missing_sections": [],
  "epochs": 1000,
  "min_loss": 0.030087,
  "min_val_loss": 0.029619,
  "train_loss": 0.0291634202003479,
  "val_loss": 0.029618941247463226,
  "train_mae": 0.02019445225596428,
  "train_afmae": 0.0675942599773407,
  "val_mae": 0.020526720210909843,
  "val_afmae": 0.06907151639461517,
  "weights_source": "best_val",
  "freq_drift_hz": 4.661594544703632,
  "sens_drift_percent": 9.646211732147549,
  "linearity_percent": 1.0434589361846778,
  "compute_cost": 6728.0,
  "total_params": 3261,
  "lr": 0.002,
  "use_cosine_annealing": false,
  "metric_details": {
    "natural_frequency_drift": {
      "min": 31.178402888469286,
      "max": 38.03843772354721,
      "median": 33.37684317884358,
      "count": 25,
      "unit": "Hz",
      "method": "max(|max-median|, |median-min|) from fn_comped",
      "drift": 4.661594544703632
    },
    "sensitivity_drift": {
      "min": 53.16317305804429,
      "max": 72.22167504179214,
      "median": 62.80938479019184,
      "count": 25,
      "unit": "%",
      "method": "max(|max-median|, |median-min|) from interpolated sensitivity",
      "drift": 9.646211732147549,
      "frequency_hz": 100.0
    },
    "linearity": {
      "mean": 1.0434589361846778,
      "max": 2.3190801150609897,
      "min": 0.18944554832700522,
      "count": 14,
      "unit": "%",
      "method": "mean(1 - R^2) across frequency points"
    },
    "natural_frequency_drift_origin": {
      "min": 34.24511188160566,
      "max": 93.39109038646993,
      "median": 58.89345106524416,
      "count": 25,
      "unit": "Hz",
      "method": "max(|max-median|, |median-min|) from fn_origin",
      "drift": 34.49763932122577
    },
    "sensitivity_drift_origin": {
      "min": 60.001934754356135,
      "max": 203.37127543336493,
      "median": 144.5628340451216,
      "count": 25,
      "unit": "%",
      "method": "max(|max-median|, |median-min|) from interpolated origin sensitivity",
      "drift": 84.56089929076546,
      "frequency_hz": 100.0
    },
    "linearity_origin": {
      "mean": 2.5499568401843997,
      "max": 6.418887454843169,
      "min": 0.359242046082775,
      "count": 14,
      "unit": "%",
      "method": "mean(1 - R^2) across frequency points"
    }
  },
  "compute_details": {
    "total_params": 3261,
    "additions": 2970,
    "multiplications": 2978,
    "maps": 130,
    "total_ops": 6078,
    "weighted_total": 6728.0,
    "weighted_additions": 2970.0,
    "weighted_multiplications": 2978.0,
    "weighted_maps": 780.0
  },
  "compute_cost_status": "complete",
  "compute_has_unsupported_layers": false,
  "compute_unsupported_layer_count": 0,
  "compute_unsupported_layers": [],
  "compute_unsupported_layer_details": [],
  "compute_cost_warning": null,
  "display_metrics": {
    "TRAIN_MAE": 0.02019445225596428,
    "TRAIN_AFMAE": 0.0675942599773407,
    "VAL_MAE": 0.020526720210909843,
    "VAL_AFMAE": 0.06907151639461517,
    "Freq Drift (Hz)": 4.661594544703632,
    "Sens Drift (%)": 9.646211732147549,
    "Linearity (%)": 1.0434589361846778,
    "Compute Cost": 6728.0,
    "Total Params": 3261,
    "Epochs": 1000,
    "LR": 0.002,
    "Cosine Annealing": false
  }
}