{
  "completed_epoch": 1000,
  "min_loss": 0.030086969956755638,
  "min_val_loss": 0.029618944972753525,
  "current_epoch": 1000,
  "model_name": "FRIMLP",
  "training_alive": false,
  "timestamp": "20260411131247.2",
  "best_weights_file": "projects/04_FRIMLP/FRIMLPh8u6l6_e1k_lr2e3_mlp26l5_tanh_d00/data\\FRIMLPh8u6l6_e1k_lr2e3_mlp26l5_tanh_d00_best_weights.h5",
  "best_val_weights_file": "projects/04_FRIMLP/FRIMLPh8u6l6_e1k_lr2e3_mlp26l5_tanh_d00/data\\FRIMLPh8u6l6_e1k_lr2e3_mlp26l5_tanh_d00_best_val_weights.h5",
  "loss": 0.030211370438337326,
  "val_loss": 0.029636237770318985,
  "mae": 0.0,
  "afmae": 0.44593027234077454,
  "val_mae": 0.0,
  "val_afmae": 0.44586512446403503,
  "val_power_log_loss": 0.06894274801015854,
  "power_log_loss": 0.0716497153043747,
  "lr": 0.00039999998989515007,
  "elapsed_time": 151.77128767967224,
  "remaining_time": 0.0,
  "expected_finish_time": "2026-04-11 13:12:10",
  "smoothed_speed": 33434.79382759189
}