{
  "completed_epoch": 7,
  "min_loss": 0.2961236238479614,
  "min_val_loss": 0.2848255932331085,
  "current_epoch": 7,
  "model_name": "FRIMLP",
  "training_alive": true,
  "timestamp": "20260410225929.3",
  "best_weights_file": "projects/04_FRIMLP/FRIMLPh8u6l6_e1k_lr5e4_mlp32l6_tanh_d00/data\\FRIMLPh8u6l6_e1k_lr5e4_mlp32l6_tanh_d00_best_weights.h5",
  "best_val_weights_file": "projects/04_FRIMLP/FRIMLPh8u6l6_e1k_lr5e4_mlp32l6_tanh_d00/data\\FRIMLPh8u6l6_e1k_lr5e4_mlp32l6_tanh_d00_best_val_weights.h5",
  "loss": 0.27298641204833984,
  "val_loss": 0.2638692259788513,
  "mae": 0.0,
  "afmae": 3.4809749126434326,
  "val_mae": 0.0,
  "val_afmae": 3.4811031818389893,
  "val_power_log_loss": 0.7876899242401123,
  "power_log_loss": 0.8127511739730835,
  "lr": 9.999999747378752e-05,
  "elapsed_time": 51.53065323829651,
  "remaining_time": 8103.25118872964,
  "expected_finish_time": "2026-04-11 01:14:32",
  "smoothed_speed": 441.6005275730558
}