{
  "project_name": "FRIKANh8u6l6_e1k_lr14e5_randfrirnn_r2",
  "generated_at": "2026-04-10T00:36:25.808611+08:00",
  "status": "complete",
  "calculation_standard": "ablation-study-v1",
  "sources": {
    "training_info": true,
    "compute_analysis": true,
    "model_info": true,
    "linear_response": true,
    "linearity_by_frequency": true
  },
  "missing_sources": [],
  "missing_sections": [],
  "epochs": 1000,
  "min_loss": 0.14186,
  "min_val_loss": 0.14345,
  "train_loss": 0.14180034399032593,
  "val_loss": 0.14344924688339233,
  "train_mae": 0.2601030468940735,
  "train_afmae": 0.05903357267379761,
  "val_mae": 0.26097145676612854,
  "val_afmae": 0.06571896374225616,
  "weights_source": "best_val",
  "freq_drift_hz": 5.341044524861665,
  "sens_drift_percent": 21.382576860698208,
  "linearity_percent": 3.4183676189873413,
  "compute_cost": 1710.0,
  "total_params": 2569,
  "metric_details": {
    "natural_frequency_drift": {
      "min": 28.43174601015065,
      "max": 36.164661454055256,
      "median": 30.82361692919359,
      "count": 25,
      "unit": "Hz",
      "method": "max(|max-median|, |median-min|) from fn_comped",
      "drift": 5.341044524861665
    },
    "sensitivity_drift": {
      "min": 30.42782802273078,
      "max": 64.04613823666372,
      "median": 51.81040488342899,
      "count": 25,
      "unit": "%",
      "method": "max(|max-median|, |median-min|) from interpolated sensitivity",
      "drift": 21.382576860698208,
      "frequency_hz": 100.0
    },
    "linearity": {
      "mean": 3.4183676189873413,
      "max": 6.916977889304188,
      "min": 0.4473302031187343,
      "count": 14,
      "unit": "%",
      "method": "mean(1 - R^2) across frequency points"
    },
    "natural_frequency_drift_origin": {
      "min": 34.24511188160566,
      "max": 93.39109038646993,
      "median": 58.89345106524416,
      "count": 25,
      "unit": "Hz",
      "method": "max(|max-median|, |median-min|) from fn_origin",
      "drift": 34.49763932122577
    },
    "sensitivity_drift_origin": {
      "min": 60.001934754356135,
      "max": 203.37127543336493,
      "median": 144.5628340451216,
      "count": 25,
      "unit": "%",
      "method": "max(|max-median|, |median-min|) from interpolated origin sensitivity",
      "drift": 84.56089929076546,
      "frequency_hz": 100.0
    },
    "linearity_origin": {
      "mean": 2.5499568401843997,
      "max": 6.418887454843169,
      "min": 0.359242046082775,
      "count": 14,
      "unit": "%",
      "method": "mean(1 - R^2) across frequency points"
    }
  },
  "compute_details": {
    "total_params": 2569,
    "additions": 266,
    "multiplications": 40,
    "maps": 234,
    "total_ops": 540,
    "weighted_total": 1710.0,
    "weighted_additions": 266.0,
    "weighted_multiplications": 40.0,
    "weighted_maps": 1404.0
  },
  "display_metrics": {
    "TRAIN_MAE": 0.2601030468940735,
    "TRAIN_AFMAE": 0.05903357267379761,
    "VAL_MAE": 0.26097145676612854,
    "VAL_AFMAE": 0.06571896374225616,
    "Freq Drift (Hz)": 5.341044524861665,
    "Sens Drift (%)": 21.382576860698208,
    "Linearity (%)": 3.4183676189873413,
    "Compute Cost": 1710.0,
    "Total Params": 2569,
    "Epochs": 1000
  }
}