{
  "completed_epoch": 1000,
  "min_loss": 0.14185665547847748,
  "min_val_loss": 0.14344924688339233,
  "current_epoch": 1000,
  "model_name": "FRIKAN",
  "training_alive": false,
  "timestamp": "20260405164855.9",
  "best_weights_file": "projects/01_LR_STUDY/FRIKANh8u6l6_e1k_lr14e5_randfrirnn_r2/data\\FRIKANh8u6l6_e1k_lr14e5_randfrirnn_r2_best_weights.h5",
  "best_val_weights_file": "projects/01_LR_STUDY/FRIKANh8u6l6_e1k_lr14e5_randfrirnn_r2/data\\FRIKANh8u6l6_e1k_lr14e5_randfrirnn_r2_best_val_weights.h5",
  "loss": 0.14189040660858154,
  "val_loss": 0.14345790445804596,
  "mae": 0.0,
  "afmae": 2.2654008865356445,
  "val_mae": 0.0,
  "val_afmae": 2.2603132724761963,
  "val_power_log_loss": 0.06569402664899826,
  "power_log_loss": 0.05884139612317085,
  "lr": 2.8000000384054147e-05,
  "elapsed_time": 2218.5126445293427,
  "remaining_time": 1.9935043317955272,
  "expected_finish_time": "2026-04-05 16:48:57",
  "smoothed_speed": 1805.865150419573
}