{
    "total_epochs": 30000,
    "min_loss": 0.0011322,
    "params@min_loss": {
        "epoch": 12067,
        "val_loss": 0.001135,
        "power_log_loss": 0.0015297,
        "val_power_log_loss": 0.0015755
    },
    "min_val_loss": 0.0011349,
    "params@min_val_loss": {
        "epoch": 12728,
        "val_loss": 0.0011349,
        "power_log_loss": 0.0015296,
        "val_power_log_loss": 0.0015754
    },
    "min_power_log_loss": 0.0015295,
    "params@min_power_log_loss": {
        "epoch": 12648,
        "val_loss": 0.001135,
        "power_log_loss": 0.0015295,
        "val_power_log_loss": 0.0015754
    },
    "min_val_power_log_loss": 0.0015753,
    "params@min_val_power_log_loss": {
        "epoch": 12938,
        "val_loss": 0.0011349,
        "power_log_loss": 0.0015295,
        "val_power_log_loss": 0.0015753
    },
    "learning_rate_max": 0.02,
    "learning_rate_min": 4.1643e-18,
    "learning_rate_mean": 0.0003696667194638141
}