{
  "completed_epoch": 1000,
  "min_loss": 0.03183251619338989,
  "min_val_loss": 0.031438909471035004,
  "current_epoch": 1000,
  "model_name": "FRIMLP",
  "training_alive": false,
  "timestamp": "20260411130819.0",
  "best_weights_file": "projects/04_FRIMLP/FRIMLPh8u6l6_e1k_lr2e3_mlp32l5_tanh_d00/data\\FRIMLPh8u6l6_e1k_lr2e3_mlp32l5_tanh_d00_best_weights.h5",
  "best_val_weights_file": "projects/04_FRIMLP/FRIMLPh8u6l6_e1k_lr2e3_mlp32l5_tanh_d00/data\\FRIMLPh8u6l6_e1k_lr2e3_mlp32l5_tanh_d00_best_val_weights.h5",
  "loss": 0.032697033137083054,
  "val_loss": 0.031482499092817307,
  "mae": 0.0,
  "afmae": 0.4392249882221222,
  "val_mae": 0.0,
  "val_afmae": 0.43892255425453186,
  "val_power_log_loss": 0.07561715692281723,
  "power_log_loss": 0.08156021684408188,
  "lr": 0.00039999998989515007,
  "elapsed_time": 168.54767036437988,
  "remaining_time": 0.0,
  "expected_finish_time": "2026-04-11 13:07:41",
  "smoothed_speed": 30209.8691242529
}