{
  "completed_epoch": 1000,
  "min_loss": 0.07882776856422424,
  "min_val_loss": 0.07824516296386719,
  "current_epoch": 1000,
  "model_name": "FRIMLP",
  "training_alive": false,
  "timestamp": "20260411152846.4",
  "best_weights_file": "projects/04_FRIMLP/FRIMLPh8u6l6_e1k_lr2e3_mlp18l4_tanh_d00/data\\FRIMLPh8u6l6_e1k_lr2e3_mlp18l4_tanh_d00_best_weights.h5",
  "best_val_weights_file": "projects/04_FRIMLP/FRIMLPh8u6l6_e1k_lr2e3_mlp18l4_tanh_d00/data\\FRIMLPh8u6l6_e1k_lr2e3_mlp18l4_tanh_d00_best_val_weights.h5",
  "loss": 0.08556884527206421,
  "val_loss": 0.08162002265453339,
  "mae": 0.0,
  "afmae": 0.671522319316864,
  "val_mae": 0.0,
  "val_afmae": 0.671533465385437,
  "val_power_log_loss": 0.10998748242855072,
  "power_log_loss": 0.12263226509094238,
  "lr": 0.00039999998989515007,
  "elapsed_time": 131.68694472312927,
  "remaining_time": 0.0,
  "expected_finish_time": "2026-04-11 15:28:00",
  "smoothed_speed": 43806.53442121987
}