{
  "completed_epoch": 1000,
  "min_loss": 0.023752281442284584,
  "min_val_loss": 0.024941831827163696,
  "current_epoch": 1000,
  "model_name": "FRIKAN",
  "training_alive": false,
  "timestamp": "20260423234046.6",
  "best_weights_file": "projects/09_HPARAM_SENSITIVITY/FRIKANh8u6l3g8s2_e1k_lr7e4_axisL/data\\FRIKANh8u6l3g8s2_e1k_lr7e4_axisL_best_weights.h5",
  "best_val_weights_file": "projects/09_HPARAM_SENSITIVITY/FRIKANh8u6l3g8s2_e1k_lr7e4_axisL/data\\FRIKANh8u6l3g8s2_e1k_lr7e4_axisL_best_val_weights.h5",
  "loss": 0.023860707879066467,
  "val_loss": 0.025344647467136383,
  "mae": 0.0,
  "afmae": 1.9797059297561646,
  "val_mae": 0.0,
  "val_afmae": 1.9708775281906128,
  "val_power_log_loss": 0.046317219734191895,
  "power_log_loss": 0.04009678214788437,
  "lr": 0.00014000000373926014,
  "elapsed_time": 1199.5912005901337,
  "remaining_time": 0.0,
  "expected_finish_time": "2026-04-23 23:40:46",
  "smoothed_speed": 3159.8470455922434
}