{
  "project_name": "CNNKANh8u6l6_e1k_lr28e5_c8k5d05",
  "generated_at": "2026-04-10T21:59:18.268633+08:00",
  "status": "complete",
  "calculation_standard": "ablation-study-v1",
  "sources": {
    "training_info": true,
    "compute_analysis": true,
    "model_info": true,
    "linear_response": true,
    "linearity_by_frequency": true,
    "config": true
  },
  "missing_sources": [],
  "missing_sections": [],
  "epochs": 1000,
  "min_loss": 0.031675,
  "min_val_loss": 0.028127,
  "train_loss": 0.027760609984397888,
  "val_loss": 0.028126554563641548,
  "train_mae": 0.04182855039834976,
  "train_afmae": 0.043353430926799774,
  "val_mae": 0.04207340255379677,
  "val_afmae": 0.04469769075512886,
  "weights_source": "best_val",
  "freq_drift_hz": 2.4307339655957065,
  "sens_drift_percent": 9.223698963799492,
  "linearity_percent": 0.9501903861474703,
  "compute_cost": 1718.0,
  "total_params": 2425,
  "lr": 0.00028,
  "use_cosine_annealing": false,
  "metric_details": {
    "natural_frequency_drift": {
      "min": 32.46211817540865,
      "max": 36.09905748037039,
      "median": 33.668323514774684,
      "count": 25,
      "unit": "Hz",
      "method": "max(|max-median|, |median-min|) from fn_comped",
      "drift": 2.4307339655957065
    },
    "sensitivity_drift": {
      "min": 55.16442469641714,
      "max": 72.00399410739824,
      "median": 64.38812366021664,
      "count": 25,
      "unit": "%",
      "method": "max(|max-median|, |median-min|) from interpolated sensitivity",
      "drift": 9.223698963799492,
      "frequency_hz": 100.0
    },
    "linearity": {
      "mean": 0.9501903861474703,
      "max": 2.2112321248652145,
      "min": 0.21267049993165532,
      "count": 14,
      "unit": "%",
      "method": "mean(1 - R^2) across frequency points"
    },
    "natural_frequency_drift_origin": {
      "min": 34.24511188160566,
      "max": 93.39109038646993,
      "median": 58.89345106524416,
      "count": 25,
      "unit": "Hz",
      "method": "max(|max-median|, |median-min|) from fn_origin",
      "drift": 34.49763932122577
    },
    "sensitivity_drift_origin": {
      "min": 60.001934754356135,
      "max": 203.37127543336493,
      "median": 144.5628340451216,
      "count": 25,
      "unit": "%",
      "method": "max(|max-median|, |median-min|) from interpolated origin sensitivity",
      "drift": 84.56089929076546,
      "frequency_hz": 100.0
    },
    "linearity_origin": {
      "mean": 2.5499568401843997,
      "max": 6.418887454843169,
      "min": 0.359242046082775,
      "count": 14,
      "unit": "%",
      "method": "mean(1 - R^2) across frequency points"
    }
  },
  "compute_details": {
    "total_params": 2425,
    "additions": 274,
    "multiplications": 40,
    "maps": 234,
    "total_ops": 548,
    "weighted_total": 1718.0,
    "weighted_additions": 274.0,
    "weighted_multiplications": 40.0,
    "weighted_maps": 1404.0
  },
  "compute_cost_status": "complete",
  "compute_has_unsupported_layers": false,
  "compute_unsupported_layer_count": 0,
  "compute_unsupported_layers": [],
  "compute_unsupported_layer_details": [],
  "compute_cost_warning": null,
  "display_metrics": {
    "TRAIN_MAE": 0.04182855039834976,
    "TRAIN_AFMAE": 0.043353430926799774,
    "VAL_MAE": 0.04207340255379677,
    "VAL_AFMAE": 0.04469769075512886,
    "Freq Drift (Hz)": 2.4307339655957065,
    "Sens Drift (%)": 9.223698963799492,
    "Linearity (%)": 0.9501903861474703,
    "Compute Cost": 1718.0,
    "Total Params": 2425,
    "Epochs": 1000,
    "LR": 0.00028,
    "Cosine Annealing": false
  }
}