{
  "project_name": "CNNKANh8u6l6_e1k_lr28e5_c8k5d05",
  "generated_at": "2026-04-09T23:48:48.333163+08:00",
  "status": "complete",
  "sources": {
    "training_info": true,
    "compute_analysis": true,
    "model_info": true,
    "linear_response": true
  },
  "missing_sources": [],
  "missing_sections": [],
  "epochs": 1000,
  "min_loss": 0.031675,
  "min_val_loss": 0.028127,
  "train_loss": 0.027760609984397888,
  "val_loss": 0.028126556426286697,
  "train_mae": 0.0416509248316288,
  "train_afmae": 0.04386865347623825,
  "val_mae": 0.041881054639816284,
  "val_afmae": 0.04474889487028122,
  "weights_source": "best_val",
  "freq_drift_hz": 64.0,
  "sens_drift_percent": 96.79641609436007,
  "linearity_percent": 67.90510348337058,
  "compute_cost": 1638.0,
  "total_params": 2425,
  "display_metrics": {
    "TRAIN_MAE": 0.0416509248316288,
    "TRAIN_AFMAE": 0.04386865347623825,
    "VAL_MAE": 0.041881054639816284,
    "VAL_AFMAE": 0.04474889487028122,
    "Freq Drift (Hz)": 64.0,
    "Sens Drift (%)": 96.79641609436007,
    "Linearity (%)": 67.90510348337058,
    "Compute Cost": 1638.0,
    "Total Params": 2425,
    "Epochs": 1000
  }
}