{
  "completed_epoch": 1000,
  "min_loss": 0.03167488053441048,
  "min_val_loss": 0.0281265527009964,
  "current_epoch": 1000,
  "model_name": "CNNKAN",
  "training_alive": false,
  "timestamp": "20260410190712.6",
  "best_weights_file": "projects/01_LR_STUDY/CNNKANh8u6l6_e1k_lr28e5_c8k5d05/data\\CNNKANh8u6l6_e1k_lr28e5_c8k5d05_best_weights.h5",
  "best_val_weights_file": "projects/01_LR_STUDY/CNNKANh8u6l6_e1k_lr28e5_c8k5d05/data\\CNNKANh8u6l6_e1k_lr28e5_c8k5d05_best_val_weights.h5",
  "loss": 0.0327177569270134,
  "val_loss": 0.030782146379351616,
  "mae": 0.0,
  "afmae": 2.1917834281921387,
  "val_mae": 0.0,
  "val_afmae": 2.1883528232574463,
  "val_power_log_loss": 0.059209760278463364,
  "power_log_loss": 0.042824357748031616,
  "lr": 5.6000000768108293e-05,
  "elapsed_time": 9283.11405992508,
  "remaining_time": 3.4708928332805145,
  "expected_finish_time": "2026-04-07 03:06:46",
  "smoothed_speed": 1037.1971054483581
}