{
  "project_name": "FRIKANh8u6l6_e1k_lr7e4_nopositive",
  "generated_at": "2026-04-09T23:48:48.542421+08:00",
  "status": "complete",
  "sources": {
    "training_info": true,
    "compute_analysis": true,
    "model_info": true,
    "linear_response": true
  },
  "missing_sources": [],
  "missing_sections": [],
  "epochs": 1000,
  "min_loss": 0.17082,
  "min_val_loss": 0.17414,
  "train_loss": 0.16997870802879333,
  "val_loss": 0.17413607239723206,
  "train_mae": 0.14686281979084015,
  "train_afmae": 0.4545312821865082,
  "val_mae": 0.14730460941791534,
  "val_afmae": 0.47462719678878784,
  "weights_source": "best_val",
  "freq_drift_hz": 64.0,
  "sens_drift_percent": 77.06794277853885,
  "linearity_percent": 75.83829274216384,
  "compute_cost": 1710.0,
  "total_params": 2569,
  "display_metrics": {
    "TRAIN_MAE": 0.14686281979084015,
    "TRAIN_AFMAE": 0.4545312821865082,
    "VAL_MAE": 0.14730460941791534,
    "VAL_AFMAE": 0.47462719678878784,
    "Freq Drift (Hz)": 64.0,
    "Sens Drift (%)": 77.06794277853885,
    "Linearity (%)": 75.83829274216384,
    "Compute Cost": 1710.0,
    "Total Params": 2569,
    "Epochs": 1000
  }
}