{
  "completed_epoch": 1000,
  "min_loss": 0.17081788182258606,
  "min_val_loss": 0.17413607239723206,
  "current_epoch": 1000,
  "model_name": "FRIKAN",
  "training_alive": false,
  "timestamp": "20260409202938.3",
  "best_weights_file": "projects/01_LR_STUDY/FRIKANh8u6l6_e1k_lr7e4_nopositive/data\\FRIKANh8u6l6_e1k_lr7e4_nopositive_best_weights.h5",
  "best_val_weights_file": "projects/01_LR_STUDY/FRIKANh8u6l6_e1k_lr7e4_nopositive/data\\FRIKANh8u6l6_e1k_lr7e4_nopositive_best_val_weights.h5",
  "loss": 0.1709083616733551,
  "val_loss": 0.174456387758255,
  "mae": 0.0,
  "afmae": 1.0623756647109985,
  "val_mae": 0.0,
  "val_afmae": 1.0689915418624878,
  "val_power_log_loss": 0.4688326418399811,
  "power_log_loss": 0.45268574357032776,
  "lr": 0.00014000000373926014,
  "elapsed_time": 1911.2515268325806,
  "remaining_time": 1.9730638286618574,
  "expected_finish_time": "2026-04-05 11:48:12",
  "smoothed_speed": 1824.5735123741736
}