{"gains_origin": [[0.33334583333333334, 0.3333458333333333], [0.3337956615299181, 0.33379566152991796], [0.3348910644870193, 0.3348910644870193], [0.336632042204637, 0.33663204220463694], [0.33901859468277107, 0.33901859468277107], [0.3420507219214216, 0.34205072192142166], [0.3457284239205887, 0.34572842392058856], [0.35005170068027214, 0.350051700680272], [0.355020552200472, 0.355020552200472], [0.36063497848118836, 0.3606349784811884], [0.3668949795224212, 0.3668949795224212], [0.3738005553241704, 0.3738005553241705], [0.38135170588643613, 0.3813517058864362], [0.3895484312092183, 0.38954843120921845], [0.3983907312925169, 0.39839073129251706], [0.40787860613633203, 0.40787860613633214], [0.4180120557406636, 0.41801205574066347], [0.4287910801055117, 0.4287910801055116], [0.4402156792308759, 0.44021567923087596], [0.45228585311675695, 0.45228585311675695], [0.46500160176315425, 0.46500160176315425], [0.478362925170068, 0.478362925170068], [0.4923698233374983, 0.49236982333749824], [0.507022296265445, 0.5070222962654448], [0.522320343953908, 0.522320343953908], [0.5382639664028878, 0.5382639664028877], [0.5548531636123837, 0.5548531636123837], [0.5720879355823962, 0.572087935582396], [0.5899682823129252, 0.5899682823129251], [0.6084942038039707, 0.6084942038039705], [0.6276657000555322, 0.6276657000555323], [0.6474827710676108, 0.6474827710676107], [0.6679454168402055, 0.6679454168402054], [0.6890536373733165, 0.6890536373733167], [0.7108074326669443, 0.7108074326669445], [0.7332068027210883, 0.7332068027210885], [0.7562517475357489, 0.756251747535749], [0.7799422671109258, 0.779942267110926], [0.8042783614466196, 0.8042783614466193], [0.8292600305428294, 0.8292600305428293], [0.8548872743995556, 0.8548872743995556], [0.8811600930167983, 0.8811600930167984], [0.9080784863945576, 0.9080784863945577], [0.9356424545328336, 0.9356424545328332], [0.9638519974316255, 0.9638519974316253], [0.9927071150909345, 0.992707115090934], [1.022207807510759, 1.022207807510759], [1.0523540746911006, 1.0523540746911006], [1.0831459166319586, 1.0831459166319586], [1.1145833333333335, 1.114583333333333]], "gains_comped": [[1.3378025088447287e-25, 1.2542716196167235e-25], [1.2526462895850643, 1.252645994777793], [1.1254397780292833, 1.125438881136661], [0.9410900497868726, 0.9410927552744843], [0.9399368788429969, 0.9399384962854517], [0.9874857433353199, 0.9874908779131417], [1.0243619072909491, 1.0243568863780386], [1.0432248733821414, 1.0432158061343106], [1.0468593192961781, 1.046857836044096], [1.0381434906062847, 1.0381341432646225], [1.019142747594754, 1.019132202232825], [0.99142139362587, 0.9914064929503796], [0.9565882176263694, 0.9565744870450702], [0.9162229962537162, 0.9162213197791835], [0.8719148885283119, 0.87192342082829], [0.8253892183601648, 0.8254058858952912], [0.7786310697789929, 0.7786508867714875], [0.7340168262072561, 0.7340368578364062], [0.6943876981827067, 0.6944104339942595], [0.6619415184327865, 0.6619684749575967], [0.6373462737693077, 0.6373764368850267], [0.6205798935046375, 0.620612248419743], [0.6112369672154214, 0.6112712431251174], [0.6086211212617384, 0.6086573517168109], [0.6115250353003497, 0.6115617496179991], [0.6176799301298141, 0.6177169693035044], [0.6238677476630883, 0.6239033281986026], [0.6259786647138322, 0.6260103661710504], [0.6200663772230793, 0.6200944216770796], [0.6049495661609828, 0.6049724604772797], [0.5814854897355424, 0.5815024971839574], [0.5519467412262797, 0.5519604845780101], [0.519877065460449, 0.5198871186616123], [0.4900830004686927, 0.49009055674502144], [0.4674370597323909, 0.4674409455901345], [0.4527533266930642, 0.452757304016897], [0.44345083966135346, 0.443446906466999], [0.43557346399481883, 0.43557488484198], [0.42470834529474777, 0.4247055414865939], [0.4080675112314373, 0.4080635167939285], [0.38758622919845326, 0.3875790118693863], [0.3684890446260186, 0.36847279494996343], [0.3581855493066624, 0.35817720391344865], [0.3567782109299776, 0.35676583051597266], [0.351589863563364, 0.35158783584137515], [0.34086058387059753, 0.34084546546997685], [0.33265388113654865, 0.33264895766143665], [0.3231488987087487, 0.32308289425297965], [0.307703797587671, 0.30766128047436925], [0.28894154400291383, 0.2889323262763052]], "magnitudes": [0.01, 0.06081632653061225, 0.1116326530612245, 0.16244897959183677, 0.213265306122449, 0.2640816326530613, 0.3148979591836735, 0.36571428571428577, 0.416530612244898, 0.46734693877551026, 0.5181632653061226, 0.5689795918367347, 0.619795918367347, 0.6706122448979592, 0.7214285714285715, 0.7722448979591837, 0.823061224489796, 0.8738775510204083, 0.9246938775510205, 0.9755102040816328, 1.026326530612245, 1.0771428571428572, 1.1279591836734695, 1.1787755102040818, 1.229591836734694, 1.2804081632653064, 1.3312244897959185, 1.3820408163265308, 1.432857142857143, 1.4836734693877554, 1.5344897959183674, 1.5853061224489797, 1.636122448979592, 1.6869387755102043, 1.7377551020408166, 1.7885714285714287, 1.839387755102041, 1.8902040816326533, 1.9410204081632656, 1.9918367346938777, 2.04265306122449, 2.093469387755102, 2.144285714285714, 2.1951020408163266, 2.2459183673469387, 2.2967346938775512, 2.3475510204081633, 2.3983673469387754, 2.449183673469388, 2.5], "frequencies": [10, 20],