{
  "project_name": "RNNr24d4_e1k_puremae_r15",
  "generated_at": "2026-04-18T08:38:44.805559+08:00",
  "status": "complete",
  "calculation_standard": "ablation-study-v1",
  "sources": {
    "training_info": true,
    "compute_analysis": true,
    "model_info": true,
    "linear_response": true,
    "linearity_by_frequency": true,
    "config": true
  },
  "missing_sources": [],
  "missing_sections": [],
  "epochs": 1000,
  "min_loss": 0.012471,
  "min_val_loss": 0.011981,
  "train_loss": 0.011967583559453487,
  "val_loss": 0.011980605311691761,
  "train_mae": 0.011967583559453487,
  "train_afmae": 0.13189950585365295,
  "val_mae": 0.011980605311691761,
  "val_afmae": 0.12993846833705902,
  "weights_source": "best_val",
  "freq_drift_hz": 10.845013009245779,
  "sens_drift_percent": 32.948965600333075,
  "linearity_percent": 1.3820762410926422,
  "compute_cost": 1568.0,
  "total_params": 729,
  "lr": 0.0015,
  "use_cosine_annealing": false,
  "metric_details": {
    "natural_frequency_drift": {
      "min": 25.209484471889628,
      "max": 36.980766183457774,
      "median": 36.05449748113541,
      "count": 25,
      "unit": "Hz",
      "method": "max(|max-median|, |median-min|) from fn_comped",
      "drift": 10.845013009245779
    },
    "sensitivity_drift": {
      "min": 33.23862538646669,
      "max": 74.07247856013433,
      "median": 66.18759098679976,
      "count": 25,
      "unit": "%",
      "method": "max(|max-median|, |median-min|) from interpolated sensitivity",
      "drift": 32.948965600333075,
      "frequency_hz": 100.0
    },
    "linearity": {
      "mean": 1.3820762410926422,
      "max": 3.3836326454806276,
      "min": 0.3211889239187804,
      "count": 14,
      "unit": "%",
      "method": "mean(1 - R^2) across frequency points"
    },
    "natural_frequency_drift_origin": {
      "min": 34.24511188160566,
      "max": 93.39109038646993,
      "median": 58.89345106524416,
      "count": 25,
      "unit": "Hz",
      "method": "max(|max-median|, |median-min|) from fn_origin",
      "drift": 34.49763932122577
    },
    "sensitivity_drift_origin": {
      "min": 60.001934754356135,
      "max": 203.37127543336493,
      "median": 144.5628340451216,
      "count": 25,
      "unit": "%",
      "method": "max(|max-median|, |median-min|) from interpolated origin sensitivity",
      "drift": 84.56089929076546,
      "frequency_hz": 100.0
    },
    "linearity_origin": {
      "mean": 2.5499568401843997,
      "max": 6.418887454843169,
      "min": 0.359242046082775,
      "count": 14,
      "unit": "%",
      "method": "mean(1 - R^2) across frequency points"
    }
  },
  "compute_details": {
    "total_params": 729,
    "additions": 700,
    "multiplications": 700,
    "maps": 28,
    "total_ops": 1428,
    "weighted_total": 1568.0,
    "weighted_additions": 700.0,
    "weighted_multiplications": 700.0,
    "weighted_maps": 168.0
  },
  "compute_cost_status": "complete",
  "compute_has_unsupported_layers": false,
  "compute_unsupported_layer_count": 0,
  "compute_unsupported_layers": [],
  "compute_unsupported_layer_details": [],
  "compute_cost_warning": null,
  "loss_function": "MAE",
  "loss_function_key": "mae",
  "loss_function_source": "config.use_power_loss",
  "display_metrics": {
    "Loss Function": "MAE",
    "TRAIN_MAE": 0.011967583559453487,
    "TRAIN_AFMAE": 0.13189950585365295,
    "VAL_MAE": 0.011980605311691761,
    "VAL_AFMAE": 0.12993846833705902,
    "Freq Drift (Hz)": 10.845013009245779,
    "Sens Drift (%)": 32.948965600333075,
    "Linearity (%)": 1.3820762410926422,
    "Compute Cost": 1568.0,
    "Total Params": 729,
    "Epochs": 1000,
    "LR": 0.0015,
    "Cosine Annealing": false
  }
}