{
  "completed_epoch": 1000,
  "min_loss": 0.012471227906644344,
  "min_val_loss": 0.01198060717433691,
  "current_epoch": 1000,
  "model_name": "RNN",
  "training_alive": false,
  "timestamp": "20260418083819.3",
  "best_weights_file": "projects/07_RNN/RNNr24d4_e1k_puremae_r15/data\\RNNr24d4_e1k_puremae_r15_best_weights.h5",
  "best_val_weights_file": "projects/07_RNN/RNNr24d4_e1k_puremae_r15/data\\RNNr24d4_e1k_puremae_r15_best_val_weights.h5",
  "loss": 0.013336234726011753,
  "val_loss": 0.013335260562598705,
  "mae": 0.0,
  "afmae": 0.32124820351600647,
  "val_mae": 0.0,
  "val_afmae": 0.31558847427368164,
  "val_power_log_loss": 0.0,
  "power_log_loss": 0.0,
  "lr": 0.003000000026077032,
  "elapsed_time": 11924.276810646057,
  "remaining_time": 0.0,
  "expected_finish_time": "2026-04-18 08:37:55",
  "smoothed_speed": 308.30102765756305
}