{
  "project_name": "FRIKANh8u6l6_e3k_lr7e4",
  "generated_at": "2026-04-10T00:36:26.107756+08:00",
  "status": "complete",
  "calculation_standard": "ablation-study-v1",
  "sources": {
    "training_info": true,
    "compute_analysis": true,
    "model_info": true,
    "linear_response": true,
    "linearity_by_frequency": true
  },
  "missing_sources": [],
  "missing_sections": [],
  "epochs": 3000,
  "min_loss": 0.019477,
  "min_val_loss": 0.021024,
  "train_loss": 0.019418230280280113,
  "val_loss": 0.021024050191044807,
  "train_mae": 0.019604092463850975,
  "train_afmae": 0.02665271796286106,
  "val_mae": 0.020093312487006187,
  "val_afmae": 0.03417056053876877,
  "weights_source": null,
  "freq_drift_hz": 2.3078448094374515,
  "sens_drift_percent": 11.47152883057857,
  "linearity_percent": 0.666975402577039,
  "compute_cost": 1710.0,
  "total_params": 2569,
  "metric_details": {
    "natural_frequency_drift": {
      "min": 31.320491987870977,
      "max": 35.484321631410275,
      "median": 33.62833679730843,
      "count": 25,
      "unit": "Hz",
      "method": "max(|max-median|, |median-min|) from fn_comped",
      "drift": 2.3078448094374515
    },
    "sensitivity_drift": {
      "min": 51.398201895706976,
      "max": 70.08117612918419,
      "median": 62.869730726285546,
      "count": 25,
      "unit": "%",
      "method": "max(|max-median|, |median-min|) from interpolated sensitivity",
      "drift": 11.47152883057857,
      "frequency_hz": 100.0
    },
    "linearity": {
      "mean": 0.666975402577039,
      "max": 1.9608061774550434,
      "min": 0.12110571617450772,
      "count": 14,
      "unit": "%",
      "method": "mean(1 - R^2) across frequency points"
    },
    "natural_frequency_drift_origin": {
      "min": 34.24511188160566,
      "max": 93.39109038646993,
      "median": 58.89345106524416,
      "count": 25,
      "unit": "Hz",
      "method": "max(|max-median|, |median-min|) from fn_origin",
      "drift": 34.49763932122577
    },
    "sensitivity_drift_origin": {
      "min": 60.001934754356135,
      "max": 203.37127543336493,
      "median": 144.5628340451216,
      "count": 25,
      "unit": "%",
      "method": "max(|max-median|, |median-min|) from interpolated origin sensitivity",
      "drift": 84.56089929076546,
      "frequency_hz": 100.0
    },
    "linearity_origin": {
      "mean": 2.5499568401843997,
      "max": 6.418887454843169,
      "min": 0.359242046082775,
      "count": 14,
      "unit": "%",
      "method": "mean(1 - R^2) across frequency points"
    }
  },
  "compute_details": {
    "total_params": 2569,
    "additions": 266,
    "multiplications": 40,
    "maps": 234,
    "total_ops": 540,
    "weighted_total": 1710.0,
    "weighted_additions": 266.0,
    "weighted_multiplications": 40.0,
    "weighted_maps": 1404.0
  },
  "display_metrics": {
    "TRAIN_MAE": 0.019604092463850975,
    "TRAIN_AFMAE": 0.02665271796286106,
    "VAL_MAE": 0.020093312487006187,
    "VAL_AFMAE": 0.03417056053876877,
    "Freq Drift (Hz)": 2.3078448094374515,
    "Sens Drift (%)": 11.47152883057857,
    "Linearity (%)": 0.666975402577039,
    "Compute Cost": 1710.0,
    "Total Params": 2569,
    "Epochs": 3000
  }
}