{
  "project_name": "FRIKANh8u6l6_e3k_lr7e4",
  "generated_at": "2026-04-09T23:48:48.663867+08:00",
  "status": "complete",
  "sources": {
    "training_info": true,
    "compute_analysis": true,
    "model_info": true,
    "linear_response": true
  },
  "missing_sources": [],
  "missing_sections": [],
  "epochs": 3000,
  "min_loss": 0.019477,
  "min_val_loss": 0.021024,
  "train_loss": 0.019418230280280113,
  "val_loss": 0.021024050191044807,
  "train_mae": 0.019604092463850975,
  "train_afmae": 0.02665271796286106,
  "val_mae": 0.020093312487006187,
  "val_afmae": 0.03417056053876877,
  "weights_source": null,
  "freq_drift_hz": 32.0,
  "sens_drift_percent": 27.93321519640471,
  "linearity_percent": 28.49059004588351,
  "compute_cost": 1710.0,
  "total_params": 2569,
  "display_metrics": {
    "TRAIN_MAE": 0.019604092463850975,
    "TRAIN_AFMAE": 0.02665271796286106,
    "VAL_MAE": 0.020093312487006187,
    "VAL_AFMAE": 0.03417056053876877,
    "Freq Drift (Hz)": 32.0,
    "Sens Drift (%)": 27.93321519640471,
    "Linearity (%)": 28.49059004588351,
    "Compute Cost": 1710.0,
    "Total Params": 2569,
    "Epochs": 3000
  }
}