{
  "completed_epoch": 3000,
  "min_loss": 0.01947702094912529,
  "min_val_loss": 0.021024050191044807,
  "current_epoch": 3000,
  "model_name": "FRIKAN",
  "training_alive": false,
  "timestamp": "20260403231918.1",
  "best_weights_file": "projects/01_EPOCH1000/FRIKANh8u6l6_e3k_lr7e4/data\\FRIKANh8u6l6_e3k_lr7e4_best_weights.h5",
  "best_val_weights_file": "projects/01_EPOCH1000/FRIKANh8u6l6_e3k_lr7e4/data\\FRIKANh8u6l6_e3k_lr7e4_best_val_weights.h5",
  "loss": 0.022925589233636856,
  "val_loss": 0.02319205179810524,
  "mae": 0.0,
  "afmae": 1.9566751718521118,
  "val_mae": 0.0,
  "val_afmae": 1.9490747451782227,
  "val_power_log_loss": 0.04210781678557396,
  "power_log_loss": 0.04083491861820221,
  "lr": 0.00014000000373926014,
  "elapsed_time": 6196.755272865295,
  "remaining_time": 2.0378563843325184,
  "expected_finish_time": "2026-04-03 21:46:26",
  "smoothed_speed": 1766.5621717396675
}