{
    "total_epochs": 3000,
    "min_loss": 0.019477,
    "params@min_loss": {
        "epoch": 2987,
        "val_loss": 0.021024,
        "mae": 0.0,
        "val_mae": 0.0,
        "power_log_loss": 0.02614,
        "val_power_log_loss": 0.034171
    },
    "min_val_loss": 0.021024,
    "params@min_val_loss": {
        "epoch": 2987,
        "val_loss": 0.021024,
        "mae": 0.0,
        "val_mae": 0.0,
        "power_log_loss": 0.02614,
        "val_power_log_loss": 0.034171
    },
    "min_mae": 0.0,
    "params@min_mae": {
        "epoch": 1,
        "val_loss": 1.6636,
        "mae": 0.0,
        "val_mae": 0.0,
        "power_log_loss": 1.9384,
        "val_power_log_loss": 1.9048
    },
    "min_val_mae": 0.0,
    "params@min_val_mae": {
        "epoch": 1,
        "val_loss": 1.6636,
        "mae": 0.0,
        "val_mae": 0.0,
        "power_log_loss": 1.9384,
        "val_power_log_loss": 1.9048
    },
    "min_power_log_loss": 0.025855,
    "params@min_power_log_loss": {
        "epoch": 2895,
        "val_loss": 0.023034,
        "mae": 0.0,
        "val_mae": 0.0,
        "power_log_loss": 0.025855,
        "val_power_log_loss": 0.042524
    },
    "min_val_power_log_loss": 0.03334,
    "params@min_val_power_log_loss": {
        "epoch": 2894,
        "val_loss": 0.021324,
        "mae": 0.0,
        "val_mae": 0.0,
        "power_log_loss": 0.026587,
        "val_power_log_loss": 0.03334
    },
    "learning_rate_max": 0.00014,
    "learning_rate_min": 0.00014,
    "learning_rate_mean": 0.00013999999999999993,
    "evaluation_metrics": {
        "train_loss": 0.019418230280280113,
        "val_loss": 0.021024050191044807,
        "train_mae": 0.019604092463850975,
        "train_afmae": 0.02665271796286106,
        "val_mae": 0.020093312487006187,
        "val_afmae": 0.03417056053876877
    }
}