{
  "project_name": "RNNu18_e1k_puremae_r15",
  "generated_at": "2026-04-16T13:19:58.942285+08:00",
  "status": "complete",
  "calculation_standard": "ablation-study-v1",
  "sources": {
    "training_info": true,
    "compute_analysis": true,
    "model_info": true,
    "linear_response": true,
    "linearity_by_frequency": true,
    "config": true
  },
  "missing_sources": [],
  "missing_sections": [],
  "epochs": 1000,
  "min_loss": 0.011745,
  "min_val_loss": 0.011205,
  "train_loss": 0.011165378615260124,
  "val_loss": 0.011205276474356651,
  "train_mae": 0.011165378615260124,
  "train_afmae": 0.13999079167842865,
  "val_mae": 0.011205276474356651,
  "val_afmae": 0.1395183950662613,
  "weights_source": "best_val",
  "freq_drift_hz": 10.654598896512255,
  "sens_drift_percent": 25.89299020841976,
  "linearity_percent": 1.4324819623771348,
  "compute_cost": 1584.0,
  "total_params": 721,
  "lr": 0.0015,
  "use_cosine_annealing": false,
  "metric_details": {
    "natural_frequency_drift": {
      "min": 24.222195930315877,
      "max": 36.17636541771064,
      "median": 34.87679482682813,
      "count": 25,
      "unit": "Hz",
      "method": "max(|max-median|, |median-min|) from fn_comped",
      "drift": 10.654598896512255
    },
    "sensitivity_drift": {
      "min": 35.23899761385254,
      "max": 65.50681135023657,
      "median": 61.1319878222723,
      "count": 25,
      "unit": "%",
      "method": "max(|max-median|, |median-min|) from interpolated sensitivity",
      "drift": 25.89299020841976,
      "frequency_hz": 100.0
    },
    "linearity": {
      "mean": 1.4324819623771348,
      "max": 5.791234349012953,
      "min": 0.27532897503026454,
      "count": 14,
      "unit": "%",
      "method": "mean(1 - R^2) across frequency points"
    },
    "natural_frequency_drift_origin": {
      "min": 34.24511188160566,
      "max": 93.39109038646993,
      "median": 58.89345106524416,
      "count": 25,
      "unit": "Hz",
      "method": "max(|max-median|, |median-min|) from fn_origin",
      "drift": 34.49763932122577
    },
    "sensitivity_drift_origin": {
      "min": 60.001934754356135,
      "max": 203.37127543336493,
      "median": 144.5628340451216,
      "count": 25,
      "unit": "%",
      "method": "max(|max-median|, |median-min|) from interpolated origin sensitivity",
      "drift": 84.56089929076546,
      "frequency_hz": 100.0
    },
    "linearity_origin": {
      "mean": 2.5499568401843997,
      "max": 6.418887454843169,
      "min": 0.359242046082775,
      "count": 14,
      "unit": "%",
      "method": "mean(1 - R^2) across frequency points"
    }
  },
  "compute_details": {
    "total_params": 721,
    "additions": 684,
    "multiplications": 684,
    "maps": 36,
    "total_ops": 1404,
    "weighted_total": 1584.0,
    "weighted_additions": 684.0,
    "weighted_multiplications": 684.0,
    "weighted_maps": 216.0
  },
  "compute_cost_status": "complete",
  "compute_has_unsupported_layers": false,
  "compute_unsupported_layer_count": 0,
  "compute_unsupported_layers": [],
  "compute_unsupported_layer_details": [],
  "compute_cost_warning": null,
  "loss_function": "MAE",
  "loss_function_key": "mae",
  "loss_function_source": "config.use_power_loss",
  "display_metrics": {
    "Loss Function": "MAE",
    "TRAIN_MAE": 0.011165378615260124,
    "TRAIN_AFMAE": 0.13999079167842865,
    "VAL_MAE": 0.011205276474356651,
    "VAL_AFMAE": 0.1395183950662613,
    "Freq Drift (Hz)": 10.654598896512255,
    "Sens Drift (%)": 25.89299020841976,
    "Linearity (%)": 1.4324819623771348,
    "Compute Cost": 1584.0,
    "Total Params": 721,
    "Epochs": 1000,
    "LR": 0.0015,
    "Cosine Annealing": false
  }
}