{
  "completed_epoch": 1000,
  "min_loss": 0.011745220050215721,
  "min_val_loss": 0.011205276474356651,
  "current_epoch": 1000,
  "model_name": "RNN",
  "training_alive": false,
  "timestamp": "20260416131928.5",
  "best_weights_file": "projects/07_RNN/RNNu18_e1k_puremae_r15/data\\RNNu18_e1k_puremae_r15_best_weights.h5",
  "best_val_weights_file": "projects/07_RNN/RNNu18_e1k_puremae_r15/data\\RNNu18_e1k_puremae_r15_best_val_weights.h5",
  "loss": 0.012182694859802723,
  "val_loss": 0.011976156383752823,
  "mae": 0.0,
  "afmae": 1.9544368982315063,
  "val_mae": 0.0,
  "val_afmae": 1.9455503225326538,
  "val_power_log_loss": 0.0,
  "power_log_loss": 0.0,
  "lr": 0.003000000026077032,
  "elapsed_time": 13310.779904603958,
  "remaining_time": 0.0,
  "expected_finish_time": "2026-04-16 13:19:00",
  "smoothed_speed": 265.742727998925
}