{
  "project_name": "RNNr24d16_e1k_puremae_r15_retry1",
  "generated_at": "2026-04-15T15:02:17.990222+08:00",
  "status": "complete",
  "calculation_standard": "ablation-study-v1",
  "sources": {
    "training_info": true,
    "compute_analysis": true,
    "model_info": true,
    "linear_response": true,
    "linearity_by_frequency": true,
    "config": true
  },
  "missing_sources": [],
  "missing_sections": [],
  "epochs": 1000,
  "min_loss": 0.011357,
  "min_val_loss": 0.010973,
  "train_loss": 0.010899043641984463,
  "val_loss": 0.010973043739795685,
  "train_mae": 0.010899043641984463,
  "train_afmae": 0.09956850111484528,
  "val_mae": 0.010973043739795685,
  "val_afmae": 0.10081453621387482,
  "weights_source": "best_val",
  "freq_drift_hz": 10.135251101032484,
  "sens_drift_percent": 30.088678708043346,
  "linearity_percent": 0.8193765164012212,
  "compute_cost": 2240.0,
  "total_params": 1041,
  "lr": 0.0015,
  "use_cosine_annealing": false,
  "metric_details": {
    "natural_frequency_drift": {
      "min": 24.672463169364452,
      "max": 37.40115043914349,
      "median": 34.807714270396936,
      "count": 25,
      "unit": "Hz",
      "method": "max(|max-median|, |median-min|) from fn_comped",
      "drift": 10.135251101032484
    },
    "sensitivity_drift": {
      "min": 38.484389165127084,
      "max": 71.18615078430545,
      "median": 68.57306787317043,
      "count": 25,
      "unit": "%",
      "method": "max(|max-median|, |median-min|) from interpolated sensitivity",
      "drift": 30.088678708043346,
      "frequency_hz": 100.0
    },
    "linearity": {
      "mean": 0.8193765164012212,
      "max": 3.3937742232783563,
      "min": 0.22750970268821114,
      "count": 14,
      "unit": "%",
      "method": "mean(1 - R^2) across frequency points"
    },
    "natural_frequency_drift_origin": {
      "min": 34.24511188160566,
      "max": 93.39109038646993,
      "median": 58.89345106524416,
      "count": 25,
      "unit": "Hz",
      "method": "max(|max-median|, |median-min|) from fn_origin",
      "drift": 34.49763932122577
    },
    "sensitivity_drift_origin": {
      "min": 60.001934754356135,
      "max": 203.37127543336493,
      "median": 144.5628340451216,
      "count": 25,
      "unit": "%",
      "method": "max(|max-median|, |median-min|) from interpolated origin sensitivity",
      "drift": 84.56089929076546,
      "frequency_hz": 100.0
    },
    "linearity_origin": {
      "mean": 2.5499568401843997,
      "max": 6.418887454843169,
      "min": 0.359242046082775,
      "count": 14,
      "unit": "%",
      "method": "mean(1 - R^2) across frequency points"
    }
  },
  "compute_details": {
    "total_params": 1041,
    "additions": 1000,
    "multiplications": 1000,
    "maps": 40,
    "total_ops": 2040,
    "weighted_total": 2240.0,
    "weighted_additions": 1000.0,
    "weighted_multiplications": 1000.0,
    "weighted_maps": 240.0
  },
  "compute_cost_status": "complete",
  "compute_has_unsupported_layers": false,
  "compute_unsupported_layer_count": 0,
  "compute_unsupported_layers": [],
  "compute_unsupported_layer_details": [],
  "compute_cost_warning": null,
  "loss_function": "MAE",
  "loss_function_key": "mae",
  "loss_function_source": "config.use_power_loss",
  "display_metrics": {
    "Loss Function": "MAE",
    "TRAIN_MAE": 0.010899043641984463,
    "TRAIN_AFMAE": 0.09956850111484528,
    "VAL_MAE": 0.010973043739795685,
    "VAL_AFMAE": 0.10081453621387482,
    "Freq Drift (Hz)": 10.135251101032484,
    "Sens Drift (%)": 30.088678708043346,
    "Linearity (%)": 0.8193765164012212,
    "Compute Cost": 2240.0,
    "Total Params": 1041,
    "Epochs": 1000,
    "LR": 0.0015,
    "Cosine Annealing": false
  }
}