{
  "completed_epoch": 1000,
  "min_loss": 0.011357473209500313,
  "min_val_loss": 0.010973043739795685,
  "current_epoch": 1000,
  "model_name": "RNN",
  "training_alive": false,
  "timestamp": "20260415150149.7",
  "best_weights_file": "projects/07_RNN/RNNr24d16_e1k_puremae_r15_retry1/data\\RNNr24d16_e1k_puremae_r15_retry1_best_weights.h5",
  "best_val_weights_file": "projects/07_RNN/RNNr24d16_e1k_puremae_r15_retry1/data\\RNNr24d16_e1k_puremae_r15_retry1_best_val_weights.h5",
  "loss": 0.013140418566763401,
  "val_loss": 0.012702868320047855,
  "mae": 0.0,
  "afmae": 0.5535061359405518,
  "val_mae": 0.0,
  "val_afmae": 0.5475625395774841,
  "val_power_log_loss": 0.0,
  "power_log_loss": 0.0,
  "lr": 0.003000000026077032,
  "elapsed_time": 12637.216905593872,
  "remaining_time": 0.0,
  "expected_finish_time": "2026-04-15 15:01:22",
  "smoothed_speed": 272.89505847520337
}