{
  "completed_epoch": 1000,
  "min_loss": 0.04105803370475769,
  "min_val_loss": 0.04035526141524315,
  "current_epoch": 1000,
  "model_name": "FRIMLP",
  "training_alive": false,
  "timestamp": "20260411143854.6",
  "best_weights_file": "projects/04_FRIMLP/FRIMLPh8u6l6_e1k_lr2e3_mlp14l9_tanh_d00/data\\FRIMLPh8u6l6_e1k_lr2e3_mlp14l9_tanh_d00_best_weights.h5",
  "best_val_weights_file": "projects/04_FRIMLP/FRIMLPh8u6l6_e1k_lr2e3_mlp14l9_tanh_d00/data\\FRIMLPh8u6l6_e1k_lr2e3_mlp14l9_tanh_d00_best_val_weights.h5",
  "loss": 0.04135795682668686,
  "val_loss": 0.041161857545375824,
  "mae": 0.0,
  "afmae": 0.503271222114563,
  "val_mae": 0.0,
  "val_afmae": 0.49947255849838257,
  "val_power_log_loss": 0.10790365934371948,
  "power_log_loss": 0.09934143722057343,
  "lr": 0.00039999998989515007,
  "elapsed_time": 161.80599641799927,
  "remaining_time": 0.0,
  "expected_finish_time": "2026-04-11 14:37:57",
  "smoothed_speed": 30894.719753827874
}