{
  "project_name": "RNNu16_e1k_puremae_r15_d001",
  "generated_at": "2026-04-14T20:50:02.688217+08:00",
  "status": "complete",
  "calculation_standard": "ablation-study-v1",
  "sources": {
    "training_info": true,
    "compute_analysis": true,
    "model_info": true,
    "linear_response": true,
    "linearity_by_frequency": true,
    "config": true
  },
  "missing_sources": [],
  "missing_sections": [],
  "epochs": 660,
  "min_loss": 0.01551,
  "min_val_loss": 0.013934,
  "train_loss": 0.013868425972759724,
  "val_loss": 0.013934383168816566,
  "train_mae": 0.013868425972759724,
  "train_afmae": 0.16709479689598083,
  "val_mae": 0.013934383168816566,
  "val_afmae": 0.16633696854114532,
  "weights_source": "best_val",
  "freq_drift_hz": 11.281765618924982,
  "sens_drift_percent": 36.59847529018292,
  "linearity_percent": 1.9163601591307058,
  "compute_cost": 1280.0,
  "total_params": 577,
  "lr": 0.0015,
  "use_cosine_annealing": false,
  "metric_details": {
    "natural_frequency_drift": {
      "min": 24.697360085930615,
      "max": 38.32651053815799,
      "median": 35.9791257048556,
      "count": 25,
      "unit": "Hz",
      "method": "max(|max-median|, |median-min|) from fn_comped",
      "drift": 11.281765618924982
    },
    "sensitivity_drift": {
      "min": 28.278777581467406,
      "max": 71.92450261762045,
      "median": 64.87725287165033,
      "count": 25,
      "unit": "%",
      "method": "max(|max-median|, |median-min|) from interpolated sensitivity",
      "drift": 36.59847529018292,
      "frequency_hz": 100.0
    },
    "linearity": {
      "mean": 1.9163601591307058,
      "max": 7.5131719717907774,
      "min": 0.33516668523905224,
      "count": 14,
      "unit": "%",
      "method": "mean(1 - R^2) across frequency points"
    },
    "natural_frequency_drift_origin": {
      "min": 34.24511188160566,
      "max": 93.39109038646993,
      "median": 58.89345106524416,
      "count": 25,
      "unit": "Hz",
      "method": "max(|max-median|, |median-min|) from fn_origin",
      "drift": 34.49763932122577
    },
    "sensitivity_drift_origin": {
      "min": 60.001934754356135,
      "max": 203.37127543336493,
      "median": 144.5628340451216,
      "count": 25,
      "unit": "%",
      "method": "max(|max-median|, |median-min|) from interpolated origin sensitivity",
      "drift": 84.56089929076546,
      "frequency_hz": 100.0
    },
    "linearity_origin": {
      "mean": 2.5499568401843997,
      "max": 6.418887454843169,
      "min": 0.359242046082775,
      "count": 14,
      "unit": "%",
      "method": "mean(1 - R^2) across frequency points"
    }
  },
  "compute_details": {
    "total_params": 577,
    "additions": 544,
    "multiplications": 544,
    "maps": 32,
    "total_ops": 1120,
    "weighted_total": 1280.0,
    "weighted_additions": 544.0,
    "weighted_multiplications": 544.0,
    "weighted_maps": 192.0
  },
  "compute_cost_status": "complete",
  "compute_has_unsupported_layers": false,
  "compute_unsupported_layer_count": 0,
  "compute_unsupported_layers": [],
  "compute_unsupported_layer_details": [],
  "compute_cost_warning": null,
  "loss_function": "MAE",
  "loss_function_key": "mae",
  "loss_function_source": "config.use_power_loss",
  "display_metrics": {
    "Loss Function": "MAE",
    "TRAIN_MAE": 0.013868425972759724,
    "TRAIN_AFMAE": 0.16709479689598083,
    "VAL_MAE": 0.013934383168816566,
    "VAL_AFMAE": 0.16633696854114532,
    "Freq Drift (Hz)": 11.281765618924982,
    "Sens Drift (%)": 36.59847529018292,
    "Linearity (%)": 1.9163601591307058,
    "Compute Cost": 1280.0,
    "Total Params": 577,
    "Epochs": 660,
    "LR": 0.0015,
    "Cosine Annealing": false
  }
}