{
  "completed_epoch": 660,
  "min_loss": 0.015513199381530285,
  "min_val_loss": 0.013934383168816566,
  "current_epoch": 660,
  "model_name": "RNN",
  "training_alive": false,
  "timestamp": "20260414204928.5",
  "best_weights_file": "projects/07_RNN/RNNu16_e1k_puremae_r15_d001/data\\RNNu16_e1k_puremae_r15_d001_best_weights.h5",
  "best_val_weights_file": "projects/07_RNN/RNNu16_e1k_puremae_r15_d001/data\\RNNu16_e1k_puremae_r15_d001_best_val_weights.h5",
  "loss": 0.01550968736410141,
  "val_loss": 0.01462164893746376,
  "mae": 0.0,
  "afmae": 0.9154003858566284,
  "val_mae": 0.0,
  "val_afmae": 0.9122726917266846,
  "val_power_log_loss": 0.0,
  "power_log_loss": 0.0,
  "lr": 0.003000000026077032,
  "elapsed_time": 9286.064675092697,
  "remaining_time": 5073.405048014257,
  "expected_finish_time": "2026-04-14 21:53:48",
  "smoothed_speed": 241.25808769774383
}