{
  "project_name": "TCNc4d1248k3_nopd_true_e1k_lr2e5_r24",
  "generated_at": "2026-04-28T04:42:05.501854+08:00",
  "status": "complete",
  "calculation_standard": "ablation-study-v4-bounded-fit-freq-inband-linearity",
  "sources": {
    "training_info": true,
    "compute_analysis": true,
    "model_info": true,
    "linear_response": true,
    "linearity_by_frequency": true,
    "config": true,
    "board_inference_config": true,
    "board_inference_qemu": true,
    "board_inference_keil": true
  },
  "missing_sources": [],
  "missing_sections": [],
  "epochs": 1000,
  "min_loss": 0.015288,
  "min_val_loss": 0.015542,
  "train_loss": 0.01527356542646885,
  "val_loss": 0.015541518107056618,
  "train_mae": 0.01527356542646885,
  "train_afmae": 0.12806712090969086,
  "val_mae": 0.015541518107056618,
  "val_afmae": 0.13048328459262848,
  "weights_source": "best_val",
  "freq_drift_hz": 8.13555699380698,
  "freq_drift_band_min_hz": 10.0,
  "freq_drift_band_max_hz": 128.0,
  "freq_drift_source_frequency_points_hz": [
    10.0,
    13.0,
    16.0,
    20.0,
    25.0,
    32.0,
    40.0,
    50.0,
    64.0,
    80.0,
    100.0,
    128.0
  ],
  "freq_drift_interpolation_points": null,
  "sens_drift_percent": 26.38907077355214,
  "linearity_percent": 1.066692122973221,
  "linearity_band_max_hz": 128.0,
  "linearity_frequency_count": 12,
  "linearity_frequency_points_hz": [
    10.0,
    13.0,
    16.0,
    20.0,
    25.0,
    32.0,
    40.0,
    50.0,
    64.0,
    80.0,
    100.0,
    128.0
  ],
  "compute_cost": 8704.0,
  "total_params": 1697,
  "lr": 2e-05,
  "use_cosine_annealing": false,
  "metric_details": {
    "natural_frequency_drift": {
      "min": 25.614124948184042,
      "max": 36.454419317529535,
      "median": 33.74968194199102,
      "count": 25,
      "unit": "Hz",
      "method": "max(|max-median|, |median-min|) from band-limited fitted center frequency (comped)",
      "drift": 8.13555699380698,
      "band_min_hz": 10.0,
      "band_max_hz": 128.0,
      "source_frequency_points_hz": [
        10.0,
        13.0,
        16.0,
        20.0,
        25.0,
        32.0,
        40.0,
        50.0,
        64.0,
        80.0,
        100.0,
        128.0
      ],
      "fit_param_key": "fit_params_comped"
    },
    "sensitivity_drift": {
      "min": 38.60355968063529,
      "max": 67.0076882179761,
      "median": 64.99263045418743,
      "count": 25,
      "unit": "%",
      "method": "max(|max-median|, |median-min|) from interpolated sensitivity",
      "drift": 26.38907077355214,
      "frequency_hz": 100.0
    },
    "linearity": {
      "mean": 1.066692122973221,
      "max": 2.4529091562141114,
      "min": 0.24430304317546447,
      "count": 12,
      "unit": "%",
      "method": "mean(1 - R^2) across in-band frequency points",
      "band_max_hz": 128.0,
      "frequencies_hz": [
        10.0,
        13.0,
        16.0,
        20.0,
        25.0,
        32.0,
        40.0,
        50.0,
        64.0,
        80.0,
        100.0,
        128.0
      ]
    },
    "natural_frequency_drift_origin": {
      "min": 34.24511188160566,
      "max": 93.39109038646993,
      "median": 58.89345106524416,
      "count": 25,
      "unit": "Hz",
      "method": "max(|max-median|, |median-min|) from band-limited fitted center frequency (origin)",
      "drift": 34.49763932122577,
      "band_min_hz": 10.0,
      "band_max_hz": 128.0,
      "source_frequency_points_hz": [
        10.0,
        13.0,
        16.0,
        20.0,
        25.0,
        32.0,
        40.0,
        50.0,
        64.0,
        80.0,
        100.0,
        128.0
      ],
      "fit_param_key": "fit_params_origin"
    },
    "sensitivity_drift_origin": {
      "min": 60.001934754356135,
      "max": 203.37127543336493,
      "median": 144.5628340451216,
      "count": 25,
      "unit": "%",
      "method": "max(|max-median|, |median-min|) from interpolated origin sensitivity",
      "drift": 84.56089929076546,
      "frequency_hz": 100.0
    },
    "linearity_origin": {
      "mean": 2.0043849708252406,
      "max": 4.375669781001812,
      "min": 0.359242046082775,
      "count": 12,
      "unit": "%",
      "method": "mean(1 - R^2) across in-band frequency points",
      "band_max_hz": 128.0,
      "frequencies_hz": [
        10.0,
        13.0,
        16.0,
        20.0,
        25.0,
        32.0,
        40.0,
        50.0,
        64.0,
        80.0,
        100.0,
        128.0
      ]
    }
  },
  "compute_details": {
    "total_params": 1697,
    "additions": 1616,
    "multiplications": 1616,
    "maps": 112,
    "total_ops": 3344,
    "weighted_total": 8704.0,
    "weighted_additions": 1616.0,
    "weighted_multiplications": 4848.0,
    "weighted_maps": 2240.0
  },
  "compute_cost_status": "complete",
  "compute_has_unsupported_layers": false,
  "compute_unsupported_layer_count": 0,
  "compute_unsupported_layers": [],
  "compute_unsupported_layer_details": [],
  "compute_cost_warning": null,
  "loss_function": "MAE",
  "loss_function_key": "mae",
  "loss_function_source": "config.use_power_loss",
  "board_inference_ep_path": "ex_projects/inference/qemu-c-inference/tcnc4d1248k3_nopd_true_e1k_lr2e3",
  "board_qemu_mae": 1.197487024631967e-06,
  "board_keil_mae": 1.197487024631967e-06,
  "board_keil_speed": 1.0686694444444444,
  "board_keil_fps": 935.743044959854,
  "board_inference": {
    "configured": true,
    "ep_path": "ex_projects/inference/qemu-c-inference/tcnc4d1248k3_nopd_true_e1k_lr2e3",
    "project_dir": "ex_projects/inference/qemu-c-inference/tcnc4d1248k3_nopd_true_e1k_lr2e3",
    "qemu_summary_path": "ex_projects/inference/qemu-c-inference/tcnc4d1248k3_nopd_true_e1k_lr2e3/data/benchmark_summary.json",
    "keil_summary_path": "ex_projects/inference/qemu-c-inference/tcnc4d1248k3_nopd_true_e1k_lr2e3/data/keil_benchmark_summary.json",
    "qemu_summary_exists": true,
    "keil_summary_exists": true,
    "qemu_mae": 1.197487024631967e-06,
    "keil_mae": 1.197487024631967e-06,
    "keil_wall_time_per_iter_ms": 384.721,
    "keil_point_count_per_iter": 360,
    "keil_speed_ms_per_point": 1.0686694444444444,
    "keil_speed_unit": "ms/point",
    "keil_speed_points_per_second": 935.743044959854,
    "keil_speed_display_unit": "points/s",
    "published_optimization_profile": null,
    "keil_optimization_profiles": [],
    "missing_sources": [],
    "missing_sections": []
  },
  "display_metrics": {
    "Loss Function": "MAE",
    "TRAIN_MAE": 0.01527356542646885,
    "TRAIN_AFMAE": 0.12806712090969086,
    "VAL_MAE": 0.015541518107056618,
    "VAL_AFMAE": 0.13048328459262848,
    "Freq Drift (Hz)": 8.13555699380698,
    "Sens Drift (%)": 26.38907077355214,
    "Linearity (%)": 1.066692122973221,
    "Compute Cost": 8704.0,
    "Total Params": 1697,
    "Epochs": 1000,
    "LR": 2e-05,
    "Cosine Annealing": false,
    "QEMU-MAE": 1.197487024631967e-06,
    "KEIL-MAE": 1.197487024631967e-06,
    "KEIL-SPEED": 1.0686694444444444,
    "KEIL-FPS": 935.743044959854
  }
}