{
  "completed_epoch": 1000,
  "min_loss": 0.015295940451323986,
  "min_val_loss": 0.015549769625067711,
  "current_epoch": 1000,
  "model_name": "TCN",
  "training_alive": false,
  "timestamp": "20260428044147.9",
  "best_weights_file": "projects/06_TCN/TCNc4d1248k3_nopd_true_e1k_lr2e5_r24/data\\TCNc4d1248k3_nopd_true_e1k_lr2e5_r24_best_weights.h5",
  "best_val_weights_file": "projects/06_TCN/TCNc4d1248k3_nopd_true_e1k_lr2e5_r24/data\\TCNc4d1248k3_nopd_true_e1k_lr2e5_r24_best_val_weights.h5",
  "loss": 0.01528787612915039,
  "val_loss": 0.015541518107056618,
  "mae": 0.0,
  "afmae": 4.7133307456970215,
  "val_mae": 0.0,
  "val_afmae": 4.713514804840088,
  "val_power_log_loss": 0.0,
  "power_log_loss": 0.0,
  "lr": 3.9999998989515007e-05,
  "elapsed_time": 269.49113059043884,
  "remaining_time": 0.0,
  "expected_finish_time": "2026-04-28 04:41:47",
  "smoothed_speed": 19673.965038918876
}