{
  "project_name": "RNNu16d24l2_e1k_puremae_r15",
  "generated_at": "2026-04-15T00:41:13.196095+08:00",
  "status": "complete",
  "calculation_standard": "ablation-study-v1",
  "sources": {
    "training_info": true,
    "compute_analysis": true,
    "model_info": true,
    "linear_response": true,
    "linearity_by_frequency": true,
    "config": true
  },
  "missing_sources": [],
  "missing_sections": [],
  "epochs": 1000,
  "min_loss": 0.010957,
  "min_val_loss": 0.010734,
  "train_loss": 0.010843629948794842,
  "val_loss": 0.010733763687312603,
  "train_mae": 0.010843629948794842,
  "train_afmae": 0.11145564168691635,
  "val_mae": 0.010733763687312603,
  "val_afmae": 0.11254080384969711,
  "weights_source": "best_val",
  "freq_drift_hz": 8.358075356267289,
  "sens_drift_percent": 24.033178467159658,
  "linearity_percent": 1.2019724242009913,
  "compute_cost": 2896.0,
  "total_params": 1321,
  "lr": 0.0015,
  "use_cosine_annealing": false,
  "metric_details": {
    "natural_frequency_drift": {
      "min": 27.295590788730063,
      "max": 36.51190597428462,
      "median": 35.65366614499735,
      "count": 25,
      "unit": "Hz",
      "method": "max(|max-median|, |median-min|) from fn_comped",
      "drift": 8.358075356267289
    },
    "sensitivity_drift": {
      "min": 42.790586674697295,
      "max": 74.46635669346816,
      "median": 66.82376514185695,
      "count": 25,
      "unit": "%",
      "method": "max(|max-median|, |median-min|) from interpolated sensitivity",
      "drift": 24.033178467159658,
      "frequency_hz": 100.0
    },
    "linearity": {
      "mean": 1.2019724242009913,
      "max": 4.231313180805896,
      "min": 0.28073457002198987,
      "count": 14,
      "unit": "%",
      "method": "mean(1 - R^2) across frequency points"
    },
    "natural_frequency_drift_origin": {
      "min": 34.24511188160566,
      "max": 93.39109038646993,
      "median": 58.89345106524416,
      "count": 25,
      "unit": "Hz",
      "method": "max(|max-median|, |median-min|) from fn_origin",
      "drift": 34.49763932122577
    },
    "sensitivity_drift_origin": {
      "min": 60.001934754356135,
      "max": 203.37127543336493,
      "median": 144.5628340451216,
      "count": 25,
      "unit": "%",
      "method": "max(|max-median|, |median-min|) from interpolated origin sensitivity",
      "drift": 84.56089929076546,
      "frequency_hz": 100.0
    },
    "linearity_origin": {
      "mean": 2.5499568401843997,
      "max": 6.418887454843169,
      "min": 0.359242046082775,
      "count": 14,
      "unit": "%",
      "method": "mean(1 - R^2) across frequency points"
    }
  },
  "compute_details": {
    "total_params": 1321,
    "additions": 1256,
    "multiplications": 1256,
    "maps": 64,
    "total_ops": 2576,
    "weighted_total": 2896.0,
    "weighted_additions": 1256.0,
    "weighted_multiplications": 1256.0,
    "weighted_maps": 384.0
  },
  "compute_cost_status": "complete",
  "compute_has_unsupported_layers": false,
  "compute_unsupported_layer_count": 0,
  "compute_unsupported_layers": [],
  "compute_unsupported_layer_details": [],
  "compute_cost_warning": null,
  "loss_function": "MAE",
  "loss_function_key": "mae",
  "loss_function_source": "config.use_power_loss",
  "display_metrics": {
    "Loss Function": "MAE",
    "TRAIN_MAE": 0.010843629948794842,
    "TRAIN_AFMAE": 0.11145564168691635,
    "VAL_MAE": 0.010733763687312603,
    "VAL_AFMAE": 0.11254080384969711,
    "Freq Drift (Hz)": 8.358075356267289,
    "Sens Drift (%)": 24.033178467159658,
    "Linearity (%)": 1.2019724242009913,
    "Compute Cost": 2896.0,
    "Total Params": 1321,
    "Epochs": 1000,
    "LR": 0.0015,
    "Cosine Annealing": false
  }
}