{
  "completed_epoch": 1000,
  "min_loss": 0.010957240127027035,
  "min_val_loss": 0.010733762755990028,
  "current_epoch": 1000,
  "model_name": "RNN",
  "training_alive": false,
  "timestamp": "20260415004047.2",
  "best_weights_file": "projects/07_RNN/RNNu16d24l2_e1k_puremae_r15/data\\RNNu16d24l2_e1k_puremae_r15_best_weights.h5",
  "best_val_weights_file": "projects/07_RNN/RNNu16d24l2_e1k_puremae_r15/data\\RNNu16d24l2_e1k_puremae_r15_best_val_weights.h5",
  "loss": 0.011266443878412247,
  "val_loss": 0.011467124335467815,
  "mae": 0.0,
  "afmae": 1.3240340948104858,
  "val_mae": 0.0,
  "val_afmae": 1.3221389055252075,
  "val_power_log_loss": 0.0,
  "power_log_loss": 0.0,
  "lr": 0.003000000026077032,
  "elapsed_time": 13668.134524822235,
  "remaining_time": 0.0,
  "expected_finish_time": "2026-04-15 00:40:22",
  "smoothed_speed": 271.11577218871105
}