{
  "project_name": "FRIKANh8u6l6_e1k_lr7e4_randiir_frozen",
  "generated_at": "2026-04-19T09:41:35.414349+08:00",
  "status": "complete",
  "calculation_standard": "ablation-study-v1",
  "sources": {
    "training_info": true,
    "compute_analysis": true,
    "model_info": true,
    "linear_response": true,
    "linearity_by_frequency": true,
    "config": true
  },
  "missing_sources": [],
  "missing_sections": [],
  "epochs": 1000,
  "min_loss": 0.13196,
  "min_val_loss": 0.13397,
  "train_loss": 0.13173237442970276,
  "val_loss": 0.13397443294525146,
  "train_mae": 0.2539418637752533,
  "train_afmae": 0.03537014126777649,
  "val_mae": 0.2541312575340271,
  "val_afmae": 0.04496116191148758,
  "weights_source": "best_val",
  "freq_drift_hz": 7.376417571853207,
  "sens_drift_percent": 23.455711069087165,
  "linearity_percent": 1.85686433614825,
  "compute_cost": 1710.0,
  "total_params": 2569,
  "lr": 0.0007,
  "use_cosine_annealing": false,
  "metric_details": {
    "natural_frequency_drift": {
      "min": 24.06253497749807,
      "max": 34.01671746528133,
      "median": 26.640299893428125,
      "count": 25,
      "unit": "Hz",
      "method": "max(|max-median|, |median-min|) from fn_comped",
      "drift": 7.376417571853207
    },
    "sensitivity_drift": {
      "min": 14.92662682573441,
      "max": 54.03889316132823,
      "median": 30.583182092241067,
      "count": 25,
      "unit": "%",
      "method": "max(|max-median|, |median-min|) from interpolated sensitivity",
      "drift": 23.455711069087165,
      "frequency_hz": 100.0
    },
    "linearity": {
      "mean": 1.85686433614825,
      "max": 9.865416240465086,
      "min": 0.3125264822000151,
      "count": 14,
      "unit": "%",
      "method": "mean(1 - R^2) across frequency points"
    },
    "natural_frequency_drift_origin": {
      "min": 34.24511188160566,
      "max": 93.39109038646993,
      "median": 58.89345106524416,
      "count": 25,
      "unit": "Hz",
      "method": "max(|max-median|, |median-min|) from fn_origin",
      "drift": 34.49763932122577
    },
    "sensitivity_drift_origin": {
      "min": 60.001934754356135,
      "max": 203.37127543336493,
      "median": 144.5628340451216,
      "count": 25,
      "unit": "%",
      "method": "max(|max-median|, |median-min|) from interpolated origin sensitivity",
      "drift": 84.56089929076546,
      "frequency_hz": 100.0
    },
    "linearity_origin": {
      "mean": 2.5499568401843997,
      "max": 6.418887454843169,
      "min": 0.359242046082775,
      "count": 14,
      "unit": "%",
      "method": "mean(1 - R^2) across frequency points"
    }
  },
  "compute_details": {
    "total_params": 2569,
    "additions": 266,
    "multiplications": 40,
    "maps": 234,
    "total_ops": 540,
    "weighted_total": 1710.0,
    "weighted_additions": 266.0,
    "weighted_multiplications": 40.0,
    "weighted_maps": 1404.0
  },
  "compute_cost_status": "complete",
  "compute_has_unsupported_layers": false,
  "compute_unsupported_layer_count": 0,
  "compute_unsupported_layers": [],
  "compute_unsupported_layer_details": [],
  "compute_cost_warning": null,
  "loss_function": "MAE+AFMAE",
  "loss_function_key": "power_log_mae",
  "loss_function_source": "config.use_power_loss",
  "display_metrics": {
    "Loss Function": "MAE+AFMAE",
    "TRAIN_MAE": 0.2539418637752533,
    "TRAIN_AFMAE": 0.03537014126777649,
    "VAL_MAE": 0.2541312575340271,
    "VAL_AFMAE": 0.04496116191148758,
    "Freq Drift (Hz)": 7.376417571853207,
    "Sens Drift (%)": 23.455711069087165,
    "Linearity (%)": 1.85686433614825,
    "Compute Cost": 1710.0,
    "Total Params": 2569,
    "Epochs": 1000,
    "LR": 0.0007,
    "Cosine Annealing": false
  }
}