{
  "completed_epoch": 1000,
  "min_loss": 0.1319582760334015,
  "min_val_loss": 0.13397443294525146,
  "current_epoch": 1000,
  "model_name": "FRIKAN",
  "training_alive": false,
  "timestamp": "20260419094116.1",
  "best_weights_file": "projects/08_IIR_AB/FRIKANh8u6l6_e1k_lr7e4_randiir_frozen/data\\FRIKANh8u6l6_e1k_lr7e4_randiir_frozen_best_weights.h5",
  "best_val_weights_file": "projects/08_IIR_AB/FRIKANh8u6l6_e1k_lr7e4_randiir_frozen/data\\FRIKANh8u6l6_e1k_lr7e4_randiir_frozen_best_val_weights.h5",
  "loss": 0.1324724406003952,
  "val_loss": 0.13581566512584686,
  "mae": 0.0,
  "afmae": 1.8898447751998901,
  "val_mae": 0.0,
  "val_afmae": 1.877611756324768,
  "val_power_log_loss": 0.05349687859416008,
  "power_log_loss": 0.03912974148988724,
  "lr": 0.00014000000373926014,
  "elapsed_time": 2296.1978549957275,
  "remaining_time": 0.0,
  "expected_finish_time": "2026-04-19 09:40:57",
  "smoothed_speed": 1598.2009041270594
}