{
  "model_name": "FRIKAN",
  "timestamp": "20260403145213.7",
  "completed_epoch": 26,
  "current_epoch": 26,
  "training_alive": true,
  "loss": 0.855193018913269,
  "min_loss": 0.8831570148468018,
  "val_loss": 0.8638186454772949,
  "min_val_loss": 0.8925949335098267,
  "mae": 0.0,
  "afmae": 2.2236266136169434,
  "val_mae": 0.0,
  "val_afmae": 2.217038154602051,
  "val_power_log_loss": 1.3115049600601196,
  "power_log_loss": 1.3413503170013428,
  "lr": 0.00019999999494757503,
  "elapsed_time": 60.8756206035614,
  "remaining_time": 2251.8159263343287,
  "expected_finish_time": "2026-04-03 15:29:45",
  "smoothed_speed": 1558.741973067859
}