{
  "source": "parallel Wiener modeling output",
  "summary": "parallel Wiener modeling summary",
  "source_json": "14.NN_extern_simu_reproduced_fh_kx.json",
  "data": {
    "fgm0d12": {
      "x": [
        0.0,
        0.125,
        0.25,
        0.375,
        0.5
      ],
      "k": [
        1.0,
        1.0,
        0.5,
        0.25,
        0.0
      ],
      "fh_kx": [
        -0.5,
        -0.375,
        -0.25,
        -0.125,
        0.0,
        0.125,
        0.25,
        0.375,
        0.5
      ],
      "fh_ky": [
        1.0,
        1.0,
        1.0,
        1.0,
        1.0,
        1.0,
        0.5,
        0.25,
        0.0
      ],
      "xn": [
        0.0,
        0.125,
        0.25,
        0.375,
        0.5
      ]
    },
    "fgm3d0": {
      "x": [
        0.09999999999999998,
        0.2875,
        0.475,
        0.6625,
        0.85,
        1.0375,
        1.225,
        1.4125,
        1.6
      ],
      "k": [
        0.0,
        0.25,
        0.5,
        0.75,
        1.0,
        0.7499999999999998,
        0.4999999999999999,
        0.2499999999999999,
        -2.220446049250313e-16
      ],
      "fh_kx": [
        0.09999999999999998,
        0.2875,
        0.475,
        0.6625,
        0.85,
        1.0375,
        1.225,
        1.4125,
        1.6
      ],
      "fh_ky": [
        0.0,
        0.25,
        0.5,
        0.75,
        1.0,
        0.7499999999999998,
        0.4999999999999999,
        0.2499999999999999,
        -2.220446049250313e-16
      ],
      "xn": [
        0.0,
        0.09999999999999998,
        0.2875,
        0.475,
        0.6625,
        0.85,
        1.0375,
        1.225,
        1.4125,
        1.6
      ]
    },
    "fgm6d0": {
      "x": [
        0.15000000000000002,
        0.4,
        0.65,
        0.9,
        1.15,
        1.4,
        1.65,
        1.9
      ],
      "k": [
        0.25,
        0.5,
        0.75,
        1.0,
        0.7500000000000001,
        0.5000000000000001,
        0.5000000000000001,
        0.5000000000000001
      ],
      "fh_kx": [
        -0.09999999999999998,
        0.15000000000000002,
        0.4,
        0.65,
        0.9,
        1.15,
        1.4,
        1.65,
        1.9
      ],
      "fh_ky": [
        0.0,
        0.25,
        0.5,
        0.75,
        1.0,
        0.7500000000000001,
        0.5000000000000001,
        0.5000000000000001,
        0.5000000000000001
      ],
      "xn": [
        0.0,
        0.15000000000000002,
        0.4,
        0.65,
        0.9,
        1.15,
        1.4,
        1.65,
        1.9
      ]
    }
  },
  "paper_plot_style": {
    "version": "times-new-roman-mathtext-v1",
    "font_family": "Times New Roman",
    "font_path": "C:/Windows/Fonts/times.ttf",
    "text_usetex": false,
    "latex_symbol_engine": "matplotlib mathtext",
    "mathtext_fontset": "custom",
    "mathtext_fallback": "stix"
  }
}