{
  "completed_epoch": 30000,
  "min_loss": 0.014997818507254124,
  "min_val_loss": 0.015738006681203842,
  "current_epoch": 0,
  "model_name": "WaveNet5",
  "training_alive": false,
  "timestamp": "20250707201437.2",
  "best_weights_file": "projects/WNET5q0.5h2u6l4tanh/data\\WNET5q0.5h2u6l4tanh_best_weights.h5",
  "best_val_weights_file": "projects/WNET5q0.5h2u6l4tanh/data\\WNET5q0.5h2u6l4tanh_best_val_weights.h5",
  "loss": 0.014997817575931549,
  "val_loss": 0.015788760036230087,
  "val_power_log_loss": 0.03554190322756767,
  "power_log_loss": 0.03164777532219887,
  "lr": 8.478225936414674e-06,
  "elapsed_time": 1847.9288308620453,
  "remaining_time": 0.0443816855839753,
  "expected_finish_time": "2025-06-06 14:49:06",
  "smoothed_speed": 81114.539761866
}