{
  "completed_epoch": 1000,
  "min_loss": 0.0294507946819067,
  "min_val_loss": 0.029239583760499954,
  "current_epoch": 1000,
  "model_name": "FRIMLP",
  "training_alive": false,
  "timestamp": "20260411140405.9",
  "best_weights_file": "projects/04_FRIMLP/FRIMLPh8u6l6_e1k_lr2e3_mlp17l7_tanh_d00/data\\FRIMLPh8u6l6_e1k_lr2e3_mlp17l7_tanh_d00_best_weights.h5",
  "best_val_weights_file": "projects/04_FRIMLP/FRIMLPh8u6l6_e1k_lr2e3_mlp17l7_tanh_d00/data\\FRIMLPh8u6l6_e1k_lr2e3_mlp17l7_tanh_d00_best_val_weights.h5",
  "loss": 0.03175608813762665,
  "val_loss": 0.031039496883749962,
  "mae": 0.0,
  "afmae": 0.36323702335357666,
  "val_mae": 0.0,
  "val_afmae": 0.3634776771068573,
  "val_power_log_loss": 0.07040023058652878,
  "power_log_loss": 0.07270719856023788,
  "lr": 0.00039999998989515007,
  "elapsed_time": 151.7530460357666,
  "remaining_time": 0.0,
  "expected_finish_time": "2026-04-11 14:03:26",
  "smoothed_speed": 32788.55045577186
}