{
  "completed_epoch": 885,
  "min_loss": 0.0001847762760007754,
  "min_val_loss": 0.0009011348593048751,
  "current_epoch": 885,
  "model_name": "FRIKAN",
  "training_alive": false,
  "timestamp": "20260413101210.7",
  "best_weights_file": "projects/FRIKANh8u6l6_ex_afmse/data\\FRIKANh8u6l6_ex_afmse_best_weights.h5",
  "best_val_weights_file": "projects/FRIKANh8u6l6_ex_afmse/data\\FRIKANh8u6l6_ex_afmse_best_val_weights.h5",
  "loss": 0.0008972557843662798,
  "val_loss": 0.002609427087008953,
  "val_power_log_loss": 0.0324488990008831,
  "power_log_loss": 0.016559623181819916,
  "lr": 0.00039999998989515007,
  "elapsed_time": 1975.093498468399,
  "remaining_time": 65325.241875797685,
  "expected_finish_time": "2026-03-13 16:41:31",
  "smoothed_speed": 1604.5497420321656
}