{
  "completed_epoch": 74,
  "min_loss": 0.00035520782694220543,
  "min_val_loss": 0.0009011348593048751,
  "current_epoch": 74,
  "model_name": "FRIKAN",
  "training_alive": true,
  "timestamp": "20260312220235.5",
  "best_weights_file": "projects/FRIKANh8u6l6_ex_afmse/data\\FRIKANh8u6l6_ex_afmse_best_weights.h5",
  "best_val_weights_file": "projects/FRIKANh8u6l6_ex_afmse/data\\FRIKANh8u6l6_ex_afmse_best_val_weights.h5",
  "loss": 0.0010283755837008357,
  "val_loss": 0.0015777291264384985,
  "val_power_log_loss": 0.028026500716805458,
  "power_log_loss": 0.015627194195985794,
  "lr": 6.260800000745803e-05,
  "elapsed_time": 164.03746938705444,
  "remaining_time": 63248.24574312075,
  "expected_finish_time": "2026-03-13 15:36:43",
  "smoothed_speed": 1703.4021850593085
}