{
  "completed_epoch": 210,
  "min_loss": 0.00035520782694220543,
  "min_val_loss": 0.0009011348593048751,
  "current_epoch": 210,
  "model_name": "FRIKAN",
  "training_alive": true,
  "timestamp": "20260312220730.6",
  "best_weights_file": "projects/FRIKANh8u6l6_ex_afmse/data\\FRIKANh8u6l6_ex_afmse_best_weights.h5",
  "best_val_weights_file": "projects/FRIKANh8u6l6_ex_afmse/data\\FRIKANh8u6l6_ex_afmse_best_val_weights.h5",
  "loss": 0.0011914432980120182,
  "val_loss": 0.0017495524371042848,
  "val_power_log_loss": 0.02914556860923767,
  "power_log_loss": 0.019514819607138634,
  "lr": 0.00017031999595928937,
  "elapsed_time": 459.19475865364075,
  "remaining_time": 63751.33503489521,
  "expected_finish_time": "2026-03-13 15:50:01",
  "smoothed_speed": 1682.2800642731088
}