{
  "completed_epoch": 529,
  "min_loss": 0.0002475301153026521,
  "min_val_loss": 0.0009011348593048751,
  "current_epoch": 529,
  "model_name": "FRIKAN",
  "training_alive": true,
  "timestamp": "20260312221929.0",
  "best_weights_file": "projects/FRIKANh8u6l6_ex_afmse/data\\FRIKANh8u6l6_ex_afmse_best_weights.h5",
  "best_val_weights_file": "projects/FRIKANh8u6l6_ex_afmse/data\\FRIKANh8u6l6_ex_afmse_best_val_weights.h5",
  "loss": 0.0015305582201108336,
  "val_loss": 0.0021711308509111404,
  "val_power_log_loss": 0.030893057584762573,
  "power_log_loss": 0.025626296177506447,
  "lr": 0.00039999998989515007,
  "elapsed_time": 1177.5714836120605,
  "remaining_time": 66420.40111738742,
  "expected_finish_time": "2026-03-13 16:46:29",
  "smoothed_speed": 1597.3887271846893
}