{
  "completed_epoch": 1000,
  "min_loss": 0.032732319086790085,
  "min_val_loss": 0.03297089412808418,
  "current_epoch": 1000,
  "model_name": "FRIMLP",
  "training_alive": false,
  "timestamp": "20260411125715.3",
  "best_weights_file": "projects/04_FRIMLP/FRIMLPh8u6l6_e1k_lr2e3_mlp28l4_tanh_d00/data\\FRIMLPh8u6l6_e1k_lr2e3_mlp28l4_tanh_d00_best_weights.h5",
  "best_val_weights_file": "projects/04_FRIMLP/FRIMLPh8u6l6_e1k_lr2e3_mlp28l4_tanh_d00/data\\FRIMLPh8u6l6_e1k_lr2e3_mlp28l4_tanh_d00_best_val_weights.h5",
  "loss": 0.03371691703796387,
  "val_loss": 0.033294886350631714,
  "mae": 0.0,
  "afmae": 0.496368944644928,
  "val_mae": 0.0,
  "val_afmae": 0.4955449104309082,
  "val_power_log_loss": 0.08182106912136078,
  "power_log_loss": 0.07658682763576508,
  "lr": 0.00039999998989515007,
  "elapsed_time": 150.8593978881836,
  "remaining_time": 0.0,
  "expected_finish_time": "2026-04-11 12:56:03",
  "smoothed_speed": 36253.25850310281
}