{
  "completed_epoch": 2,
  "min_loss": 1.6433738470077515,
  "min_val_loss": 1.665451169013977,
  "current_epoch": 2,
  "model_name": "FRIKAN",
  "training_alive": false,
  "timestamp": "20260420212800.6",
  "best_weights_file": "projects/08_IIR_AB/FRIKANh8u6l6_e1k_lr2e4_sysiir_trainable_trueiir_mb60_simoiirprobe_20260420/data\\FRIKANh8u6l6_e1k_lr2e4_sysiir_trainable_trueiir_mb60_simoiirprobe_20260420_best_weights.h5",
  "best_val_weights_file": "projects/08_IIR_AB/FRIKANh8u6l6_e1k_lr2e4_sysiir_trainable_trueiir_mb60_simoiirprobe_20260420/data\\FRIKANh8u6l6_e1k_lr2e4_sysiir_trainable_trueiir_mb60_simoiirprobe_20260420_best_val_weights.h5",
  "loss": 1.6008387804031372,
  "val_loss": 1.615896224975586,
  "mae": 0.0,
  "afmae": 1.9023085832595825,
  "val_mae": 0.0,
  "val_afmae": 1.8912510871887207,
  "val_power_log_loss": 1.8530794382095337,
  "power_log_loss": 1.8741098642349243,
  "lr": 3.9999998989515007e-05,
  "elapsed_time": 428.48668932914734,
  "remaining_time": 211501.8078078014,
  "expected_finish_time": "2026-04-23 08:13:02",
  "smoothed_speed": 16.987088844483516
}