{
  "project_name": "LSTMu16_e1k_lr7e4_r5",
  "generated_at": "2026-04-09T23:48:48.788834+08:00",
  "status": "complete",
  "sources": {
    "training_info": true,
    "compute_analysis": true,
    "model_info": true,
    "linear_response": true
  },
  "missing_sources": [],
  "missing_sections": [],
  "epochs": 1000,
  "min_loss": 0.031047,
  "min_val_loss": 0.03154,
  "train_loss": 0.031291987746953964,
  "val_loss": 0.03153996169567108,
  "train_mae": 0.020635399967432022,
  "train_afmae": 0.059763092547655106,
  "val_mae": 0.02081318572163582,
  "val_afmae": 0.06095011904835701,
  "weights_source": null,
  "freq_drift_hz": 32.0,
  "sens_drift_percent": 28.294462265847887,
  "linearity_percent": 28.794812139683845,
  "compute_cost": 3360.0,
  "total_params": 1441,
  "display_metrics": {
    "TRAIN_MAE": 0.020635399967432022,
    "TRAIN_AFMAE": 0.059763092547655106,
    "VAL_MAE": 0.02081318572163582,
    "VAL_AFMAE": 0.06095011904835701,
    "Freq Drift (Hz)": 32.0,
    "Sens Drift (%)": 28.294462265847887,
    "Linearity (%)": 28.794812139683845,
    "Compute Cost": 3360.0,
    "Total Params": 1441,
    "Epochs": 1000
  }
}