{
  "completed_epoch": 764,
  "min_loss": 0.03438958898186684,
  "min_val_loss": 0.034949954599142075,
  "current_epoch": 764,
  "model_name": "LSTM",
  "training_alive": false,
  "timestamp": "20260413101208.8",
  "best_weights_file": "projects/01_LR_STUDY/LSTMu16_e1k_lr7e4_r5/data\\LSTMu16_e1k_lr7e4_r5_best_weights.h5",
  "best_val_weights_file": "projects/01_LR_STUDY/LSTMu16_e1k_lr7e4_r5/data\\LSTMu16_e1k_lr7e4_r5_best_val_weights.h5",
  "loss": 0.04574555158615112,
  "val_loss": 0.04388819634914398,
  "mae": 0.0,
  "afmae": 1.8443540334701538,
  "val_mae": 0.0,
  "val_afmae": 1.844468116760254,
  "val_power_log_loss": 0.08478506654500961,
  "power_log_loss": 0.08585608005523682,
  "lr": 0.00014000000373926014,
  "elapsed_time": 1439.6330947875977,
  "remaining_time": 480.10094150532865,
  "expected_finish_time": "2026-04-04 22:51:02",
  "smoothed_speed": 1777.1262795795421
}