{
  "completed_epoch": 696,
  "min_loss": 0.03457403928041458,
  "min_val_loss": 0.03557036444544792,
  "current_epoch": 696,
  "model_name": "LSTM",
  "training_alive": true,
  "timestamp": "20260404224041.4",
  "best_weights_file": "projects/01_LR_STUDY/LSTMu16_e1k_lr7e4_r5/data\\LSTMu16_e1k_lr7e4_r5_best_weights.h5",
  "best_val_weights_file": "projects/01_LR_STUDY/LSTMu16_e1k_lr7e4_r5/data\\LSTMu16_e1k_lr7e4_r5_best_val_weights.h5",
  "loss": 0.03599448502063751,
  "val_loss": 0.036384567618370056,
  "mae": 0.0,
  "afmae": 1.8443540334701538,
  "val_mae": 0.0,
  "val_afmae": 1.844468116760254,
  "val_power_log_loss": 0.07236696779727936,
  "power_log_loss": 0.06899850070476532,
  "lr": 0.00014000000373926014,
  "elapsed_time": 1298.2547941207886,
  "remaining_time": 628.4259608498674,
  "expected_finish_time": "2026-04-04 22:51:09",
  "smoothed_speed": 1747.2225344018132
}