{
  "completed_epoch": 1000,
  "min_loss": 0.024453602731227875,
  "min_val_loss": 0.025989096611738205,
  "current_epoch": 1000,
  "model_name": "FRIKAN",
  "training_alive": false,
  "timestamp": "20260424034634.0",
  "best_weights_file": "projects/09_HPARAM_SENSITIVITY/FRIKANh10u6l6g8s2_e1k_lr7e4_axisH/data\\FRIKANh10u6l6g8s2_e1k_lr7e4_axisH_best_weights.h5",
  "best_val_weights_file": "projects/09_HPARAM_SENSITIVITY/FRIKANh10u6l6g8s2_e1k_lr7e4_axisH/data\\FRIKANh10u6l6g8s2_e1k_lr7e4_axisH_best_val_weights.h5",
  "loss": 0.026287861168384552,
  "val_loss": 0.02737763524055481,
  "mae": 0.0,
  "afmae": 2.298776865005493,
  "val_mae": 0.0,
  "val_afmae": 2.2918248176574707,
  "val_power_log_loss": 0.0540001206099987,
  "power_log_loss": 0.04752223938703537,
  "lr": 0.00014000000373926014,
  "elapsed_time": 2122.4807307720184,
  "remaining_time": 0.0,
  "expected_finish_time": "2026-04-24 03:46:33",
  "smoothed_speed": 1733.434761265499
}