{
  "project_name": "WNET5q0.5h6u4l8",
  "timestamp": "2025-07-07 20:15:09",
  "layer_analysis": [
    {
      "layer_index": 1,
      "mean_error": -0.00018873762746807188,
      "std_error": 0.009764055721461773,
      "rms_error": 0.009765880182385445,
      "max_error": 0.03193104267120361,
      "num_samples": 1000,
      "error_shape": [
        1000
      ]
    }
  ]
}