{
  "completed_epoch": 1000,
  "min_loss": 0.030622564256191254,
  "min_val_loss": 0.030418774113059044,
  "current_epoch": 1000,
  "model_name": "FRIMLP",
  "training_alive": false,
  "timestamp": "20260411150723.3",
  "best_weights_file": "projects/04_FRIMLP/FRIMLPh8u6l6_e1k_lr2e3_mlp18l5_tanh_d00/data\\FRIMLPh8u6l6_e1k_lr2e3_mlp18l5_tanh_d00_best_weights.h5",
  "best_val_weights_file": "projects/04_FRIMLP/FRIMLPh8u6l6_e1k_lr2e3_mlp18l5_tanh_d00/data\\FRIMLPh8u6l6_e1k_lr2e3_mlp18l5_tanh_d00_best_val_weights.h5",
  "loss": 0.03143245354294777,
  "val_loss": 0.03163588047027588,
  "mae": 0.0,
  "afmae": 0.36697039008140564,
  "val_mae": 0.0,
  "val_afmae": 0.364959180355072,
  "val_power_log_loss": 0.07531654834747314,
  "power_log_loss": 0.07627515494823456,
  "lr": 0.00039999998989515007,
  "elapsed_time": 134.47459316253662,
  "remaining_time": 0.0,
  "expected_finish_time": "2026-04-11 15:06:33",
  "smoothed_speed": 39364.787684812385
}