{
  "completed_epoch": 1000,
  "min_loss": 0.03418467566370964,
  "min_val_loss": 0.033977851271629333,
  "current_epoch": 1000,
  "model_name": "FRIMLP",
  "training_alive": false,
  "timestamp": "20260411145210.1",
  "best_weights_file": "projects/04_FRIMLP/FRIMLPh8u6l6_e1k_lr2e3_mlp19l6_tanh_d00/data\\FRIMLPh8u6l6_e1k_lr2e3_mlp19l6_tanh_d00_best_weights.h5",
  "best_val_weights_file": "projects/04_FRIMLP/FRIMLPh8u6l6_e1k_lr2e3_mlp19l6_tanh_d00/data\\FRIMLPh8u6l6_e1k_lr2e3_mlp19l6_tanh_d00_best_val_weights.h5",
  "loss": 0.03736036270856857,
  "val_loss": 0.035148121416568756,
  "mae": 0.0,
  "afmae": 0.6673436760902405,
  "val_mae": 0.0,
  "val_afmae": 0.6673325300216675,
  "val_power_log_loss": 0.09035690128803253,
  "power_log_loss": 0.08745719492435455,
  "lr": 0.00039999998989515007,
  "elapsed_time": 150.35870718955994,
  "remaining_time": 0.0,
  "expected_finish_time": "2026-04-11 14:51:22",
  "smoothed_speed": 33836.3248354067
}