{
  "completed_epoch": 1000,
  "min_loss": 0.03219117969274521,
  "min_val_loss": 0.032012805342674255,
  "current_epoch": 1000,
  "model_name": "FRIMLP",
  "training_alive": false,
  "timestamp": "20260411151604.0",
  "best_weights_file": "projects/04_FRIMLP/FRIMLPh8u6l6_e1k_lr2e3_mlp17l5_tanh_d00/data\\FRIMLPh8u6l6_e1k_lr2e3_mlp17l5_tanh_d00_best_weights.h5",
  "best_val_weights_file": "projects/04_FRIMLP/FRIMLPh8u6l6_e1k_lr2e3_mlp17l5_tanh_d00/data\\FRIMLPh8u6l6_e1k_lr2e3_mlp17l5_tanh_d00_best_val_weights.h5",
  "loss": 0.03224779665470123,
  "val_loss": 0.03205982223153114,
  "mae": 0.0,
  "afmae": 0.9787687659263611,
  "val_mae": 0.0,
  "val_afmae": 0.9783321619033813,
  "val_power_log_loss": 0.07796330004930496,
  "power_log_loss": 0.07954029738903046,
  "lr": 0.00039999998989515007,
  "elapsed_time": 133.98811268806458,
  "remaining_time": 0.0,
  "expected_finish_time": "2026-04-11 15:15:09",
  "smoothed_speed": 37663.90226289657
}