{
  "timestamp": "2025-07-13T21:42:05.316850",
  "plot_name": "layer_3_bias_error_heatmap",
  "plot_type": "layer_bias_error_heatmap",
  "data": {
    "layer": 3,
    "baseline_values": [
      0.009474694172683346,
      9.4542829061307e-05,
      0.0016262718438020407,
      0.0002784322062205913,
      0.0011805258843325672,
      0.0031782758907278885
    ],
    "compensated_values": [
      0.004725130255162552,
      0.0005693428687452862,
      0.0002993358414412617,
      0.0007663212863804891,
      0.0008625986737302027,
      0.0003123497769614847
    ],
    "vmin": 9.4542829061307e-05,
    "vmax": 0.009474694172683346,
    "improvement_percent": 52.408254306679666
  },
  "metadata": {
    "layer": 3,
    "channel_count": 6,
    "units": "bias_error_absolute"
  }
}