{
  "completed_epoch": 1000,
  "min_loss": 0.036338966339826584,
  "min_val_loss": 0.036049261689186096,
  "current_epoch": 1000,
  "model_name": "FRIMLP",
  "training_alive": false,
  "timestamp": "20260411153229.1",
  "best_weights_file": "projects/04_FRIMLP/FRIMLPh8u6l6_e1k_lr2e3_mlp19l5_tanh_d00/data\\FRIMLPh8u6l6_e1k_lr2e3_mlp19l5_tanh_d00_best_weights.h5",
  "best_val_weights_file": "projects/04_FRIMLP/FRIMLPh8u6l6_e1k_lr2e3_mlp19l5_tanh_d00/data\\FRIMLPh8u6l6_e1k_lr2e3_mlp19l5_tanh_d00_best_val_weights.h5",
  "loss": 0.03611036762595177,
  "val_loss": 0.036875251680612564,
  "mae": 0.0,
  "afmae": 0.9200055599212646,
  "val_mae": 0.0,
  "val_afmae": 0.9195720553398132,
  "val_power_log_loss": 0.09207858145236969,
  "power_log_loss": 0.08324842154979706,
  "lr": 0.00039999998989515007,
  "elapsed_time": 144.5268144607544,
  "remaining_time": 0.0,
  "expected_finish_time": "2026-04-11 15:31:40",
  "smoothed_speed": 37900.00619951361
}