{
  "completed_epoch": 154,
  "min_loss": 0.10332681983709335,
  "min_val_loss": 0.12074486911296844,
  "current_epoch": 154,
  "model_name": "FRIKAN",
  "training_alive": false,
  "timestamp": "20260420145824.8",
  "best_weights_file": "projects/08_IIR_AB/FRIKANh8u6l6_e1k_lr2e4_sysiir_trainable_trueiir_mb16/data\\FRIKANh8u6l6_e1k_lr2e4_sysiir_trainable_trueiir_mb16_best_weights.h5",
  "best_val_weights_file": "projects/08_IIR_AB/FRIKANh8u6l6_e1k_lr2e4_sysiir_trainable_trueiir_mb16/data\\FRIKANh8u6l6_e1k_lr2e4_sysiir_trainable_trueiir_mb16_best_val_weights.h5",
  "loss": 0.10265025496482849,
  "val_loss": 0.11887199431657791,
  "mae": 0.0,
  "afmae": 1.6387407779693604,
  "val_mae": 0.0,
  "val_afmae": 1.6201988458633423,
  "val_power_log_loss": 0.2137807011604309,
  "power_log_loss": 0.11266405135393143,
  "lr": 3.9999998989515007e-05,
  "elapsed_time": 11418.539941072464,
  "remaining_time": 64817.739189214175,
  "expected_finish_time": "2026-04-21 08:57:24",
  "smoothed_speed": 46.98713713400845
}