{
    "total_epochs": 1090,
    "min_loss": 0.0014135,
    "params@min_loss": {
        "epoch": 1077,
        "val_loss": 0.0015616,
        "power_log_loss": 0.0020905,
        "val_power_log_loss": 0.0026693
    },
    "min_val_loss": 0.0015614,
    "params@min_val_loss": {
        "epoch": 1072,
        "val_loss": 0.0015614,
        "power_log_loss": 0.0022018,
        "val_power_log_loss": 0.0026127
    },
    "min_power_log_loss": 0.0020905,
    "params@min_power_log_loss": {
        "epoch": 1077,
        "val_loss": 0.0015616,
        "power_log_loss": 0.0020905,
        "val_power_log_loss": 0.0026693
    },
    "min_val_power_log_loss": 0.0026127,
    "params@min_val_power_log_loss": {
        "epoch": 1072,
        "val_loss": 0.0015614,
        "power_log_loss": 0.0022018,
        "val_power_log_loss": 0.0026127
    },
    "learning_rate_max": 0.0162,
    "learning_rate_min": 1.844e-05,
    "learning_rate_mean": 0.004643718141284404
}