{
  "completed_epoch": 32,
  "min_loss": 1.630536437034607,
  "min_val_loss": 1.6761267185211182,
  "current_epoch": 32,
  "model_name": "FRIKAN",
  "training_alive": true,
  "timestamp": "20260410004153.4",
  "best_weights_file": "projects/01_EPOCH1000/FRIKANh6u6l6_e1k_5/data\\FRIKANh6u6l6_e1k_5_best_weights.h5",
  "best_val_weights_file": "projects/01_EPOCH1000/FRIKANh6u6l6_e1k_5/data\\FRIKANh6u6l6_e1k_5_best_val_weights.h5",
  "loss": 1.6196024417877197,
  "val_loss": 1.6648577451705933,
  "mae": 0.0,
  "afmae": 2.1630349159240723,
  "val_mae": 0.0,
  "val_afmae": 2.1556856632232666,
  "val_power_log_loss": 1.9332870244979858,
  "power_log_loss": 1.9443280696868896,
  "lr": 1.9999999494757503e-05,
  "elapsed_time": 72.38733720779419,
  "remaining_time": 2112.0949381726846,
  "expected_finish_time": "2026-04-03 15:25:12",
  "smoothed_speed": 1651.630301722161
}