{
  "project_name": "1DCNNc4u8k16l8_e1k_lr2e3_pd8l2_d001_true",
  "generated_at": "2026-04-13T18:12:38.402582+08:00",
  "status": "complete",
  "calculation_standard": "ablation-study-v1",
  "sources": {
    "training_info": true,
    "compute_analysis": true,
    "model_info": true,
    "linear_response": true,
    "linearity_by_frequency": true,
    "config": true
  },
  "missing_sources": [],
  "missing_sections": [],
  "epochs": 1000,
  "min_loss": 0.010853,
  "min_val_loss": 0.009921,
  "train_loss": 0.009950309991836548,
  "val_loss": 0.009920960292220116,
  "train_mae": 0.009950309991836548,
  "train_afmae": 0.068630650639534,
  "val_mae": 0.009920960292220116,
  "val_afmae": 0.06977333128452301,
  "weights_source": "best_val",
  "freq_drift_hz": 6.0950183432512794,
  "sens_drift_percent": 14.161642387215657,
  "linearity_percent": 0.650801232884097,
  "compute_cost": 1592.0,
  "total_params": 741,
  "lr": 0.002,
  "use_cosine_annealing": false,
  "metric_details": {
    "natural_frequency_drift": {
      "min": 28.05083224057479,
      "max": 36.68942016486667,
      "median": 34.14585058382607,
      "count": 25,
      "unit": "Hz",
      "method": "max(|max-median|, |median-min|) from fn_comped",
      "drift": 6.0950183432512794
    },
    "sensitivity_drift": {
      "min": 48.26384461500063,
      "max": 65.9665242492442,
      "median": 62.425487002216286,
      "count": 25,
      "unit": "%",
      "method": "max(|max-median|, |median-min|) from interpolated sensitivity",
      "drift": 14.161642387215657,
      "frequency_hz": 100.0
    },
    "linearity": {
      "mean": 0.650801232884097,
      "max": 2.4356535153045478,
      "min": 0.16936708036524584,
      "count": 14,
      "unit": "%",
      "method": "mean(1 - R^2) across frequency points"
    },
    "natural_frequency_drift_origin": {
      "min": 34.24511188160566,
      "max": 93.39109038646993,
      "median": 58.89345106524416,
      "count": 25,
      "unit": "Hz",
      "method": "max(|max-median|, |median-min|) from fn_origin",
      "drift": 34.49763932122577
    },
    "sensitivity_drift_origin": {
      "min": 60.001934754356135,
      "max": 203.37127543336493,
      "median": 144.5628340451216,
      "count": 25,
      "unit": "%",
      "method": "max(|max-median|, |median-min|) from interpolated origin sensitivity",
      "drift": 84.56089929076546,
      "frequency_hz": 100.0
    },
    "linearity_origin": {
      "mean": 2.5499568401843997,
      "max": 6.418887454843169,
      "min": 0.359242046082775,
      "count": 14,
      "unit": "%",
      "method": "mean(1 - R^2) across frequency points"
    }
  },
  "compute_details": {
    "total_params": 741,
    "additions": 712,
    "multiplications": 712,
    "maps": 28,
    "total_ops": 1452,
    "weighted_total": 1592.0,
    "weighted_additions": 712.0,
    "weighted_multiplications": 712.0,
    "weighted_maps": 168.0
  },
  "compute_cost_status": "complete",
  "compute_has_unsupported_layers": false,
  "compute_unsupported_layer_count": 0,
  "compute_unsupported_layers": [],
  "compute_unsupported_layer_details": [],
  "compute_cost_warning": null,
  "loss_function": "MAE",
  "loss_function_key": "mae",
  "loss_function_source": "config.use_power_loss",
  "display_metrics": {
    "Loss Function": "MAE",
    "TRAIN_MAE": 0.009950309991836548,
    "TRAIN_AFMAE": 0.068630650639534,
    "VAL_MAE": 0.009920960292220116,
    "VAL_AFMAE": 0.06977333128452301,
    "Freq Drift (Hz)": 6.0950183432512794,
    "Sens Drift (%)": 14.161642387215657,
    "Linearity (%)": 0.650801232884097,
    "Compute Cost": 1592.0,
    "Total Params": 741,
    "Epochs": 1000,
    "LR": 0.002,
    "Cosine Annealing": false
  }
}