{
  "completed_epoch": 1000,
  "min_loss": 0.010853131301701069,
  "min_val_loss": 0.009920960292220116,
  "current_epoch": 1000,
  "model_name": "1DCNN",
  "training_alive": false,
  "timestamp": "20260413181232.1",
  "best_weights_file": "projects/05_1DCNN/1DCNNc4u8k16l8_e1k_lr2e3_pd8l2_d001_true/data\\1DCNNc4u8k16l8_e1k_lr2e3_pd8l2_d001_true_best_weights.h5",
  "best_val_weights_file": "projects/05_1DCNN/1DCNNc4u8k16l8_e1k_lr2e3_pd8l2_d001_true/data\\1DCNNc4u8k16l8_e1k_lr2e3_pd8l2_d001_true_best_val_weights.h5",
  "loss": 0.011024486273527145,
  "val_loss": 0.010899159125983715,
  "mae": 0.0,
  "afmae": 2.473740816116333,
  "val_mae": 0.0,
  "val_afmae": 2.4737095832824707,
  "val_power_log_loss": 0.0,
  "power_log_loss": 0.0,
  "lr": 0.004000000189989805,
  "elapsed_time": 98.08594298362732,
  "remaining_time": 0.0,
  "expected_finish_time": "2026-04-13 18:12:23",
  "smoothed_speed": 52170.6099295127
}