{
  "project_name": "FRIKANh8u6l6_e1k_lr1e4_pureafmae",
  "generated_at": "2026-04-13T10:12:09.201590+08:00",
  "status": "complete",
  "calculation_standard": "ablation-study-v1",
  "sources": {
    "training_info": true,
    "compute_analysis": true,
    "model_info": true,
    "linear_response": true,
    "linearity_by_frequency": true,
    "config": true
  },
  "missing_sources": [],
  "missing_sections": [],
  "epochs": 1000,
  "min_loss": 0.017491,
  "min_val_loss": 0.029942,
  "train_loss": 0.016644245013594627,
  "val_loss": 0.029941730201244354,
  "train_mae": 0.05918514356017113,
  "train_afmae": 0.016644245013594627,
  "val_mae": 0.05988650768995285,
  "val_afmae": 0.029941730201244354,
  "weights_source": "best_val",
  "freq_drift_hz": 4.7444466958719005,
  "sens_drift_percent": 22.911783823288175,
  "linearity_percent": 1.2946194390286285,
  "compute_cost": 1710.0,
  "total_params": 2569,
  "lr": 0.0001,
  "use_cosine_annealing": false,
  "metric_details": {
    "natural_frequency_drift": {
      "min": 26.88019126314231,
      "max": 33.684261799329754,
      "median": 28.939815103457853,
      "count": 25,
      "unit": "Hz",
      "method": "max(|max-median|, |median-min|) from fn_comped",
      "drift": 4.7444466958719005
    },
    "sensitivity_drift": {
      "min": 30.638480426321276,
      "max": 63.17923727911732,
      "median": 40.26745345582914,
      "count": 25,
      "unit": "%",
      "method": "max(|max-median|, |median-min|) from interpolated sensitivity",
      "drift": 22.911783823288175,
      "frequency_hz": 100.0
    },
    "linearity": {
      "mean": 1.2946194390286285,
      "max": 5.150587574575161,
      "min": 0.11316634368466749,
      "count": 14,
      "unit": "%",
      "method": "mean(1 - R^2) across frequency points"
    },
    "natural_frequency_drift_origin": {
      "min": 34.24511188160566,
      "max": 93.39109038646993,
      "median": 58.89345106524416,
      "count": 25,
      "unit": "Hz",
      "method": "max(|max-median|, |median-min|) from fn_origin",
      "drift": 34.49763932122577
    },
    "sensitivity_drift_origin": {
      "min": 60.001934754356135,
      "max": 203.37127543336493,
      "median": 144.5628340451216,
      "count": 25,
      "unit": "%",
      "method": "max(|max-median|, |median-min|) from interpolated origin sensitivity",
      "drift": 84.56089929076546,
      "frequency_hz": 100.0
    },
    "linearity_origin": {
      "mean": 2.5499568401843997,
      "max": 6.418887454843169,
      "min": 0.359242046082775,
      "count": 14,
      "unit": "%",
      "method": "mean(1 - R^2) across frequency points"
    }
  },
  "compute_details": {
    "total_params": 2569,
    "additions": 266,
    "multiplications": 40,
    "maps": 234,
    "total_ops": 540,
    "weighted_total": 1710.0,
    "weighted_additions": 266.0,
    "weighted_multiplications": 40.0,
    "weighted_maps": 1404.0
  },
  "compute_cost_status": "complete",
  "compute_has_unsupported_layers": false,
  "compute_unsupported_layer_count": 0,
  "compute_unsupported_layers": [],
  "compute_unsupported_layer_details": [],
  "compute_cost_warning": null,
  "loss_function": "AFMAE",
  "loss_function_key": "pure_power_log_mae",
  "loss_function_source": "config.use_pure_power_loss",
  "display_metrics": {
    "Loss Function": "AFMAE",
    "TRAIN_MAE": 0.05918514356017113,
    "TRAIN_AFMAE": 0.016644245013594627,
    "VAL_MAE": 0.05988650768995285,
    "VAL_AFMAE": 0.029941730201244354,
    "Freq Drift (Hz)": 4.7444466958719005,
    "Sens Drift (%)": 22.911783823288175,
    "Linearity (%)": 1.2946194390286285,
    "Compute Cost": 1710.0,
    "Total Params": 2569,
    "Epochs": 1000,
    "LR": 0.0001,
    "Cosine Annealing": false
  }
}