{
    "total_epochs": 1000,
    "min_loss": 0.017491,
    "params@min_loss": {
        "epoch": 918,
        "val_loss": 0.032191,
        "mae": 0.0,
        "val_mae": 0.0,
        "power_log_loss": 0.017491,
        "val_power_log_loss": 0.032191
    },
    "min_val_loss": 0.029942,
    "params@min_val_loss": {
        "epoch": 815,
        "val_loss": 0.029942,
        "mae": 0.0,
        "val_mae": 0.0,
        "power_log_loss": 0.021227,
        "val_power_log_loss": 0.029942
    },
    "min_mae": 0.0,
    "params@min_mae": {
        "epoch": 1,
        "val_loss": 1.8521,
        "mae": 0.0,
        "val_mae": 0.0,
        "power_log_loss": 1.906,
        "val_power_log_loss": 1.8521
    },
    "min_val_mae": 0.0,
    "params@min_val_mae": {
        "epoch": 1,
        "val_loss": 1.8521,
        "mae": 0.0,
        "val_mae": 0.0,
        "power_log_loss": 1.906,
        "val_power_log_loss": 1.8521
    },
    "min_power_log_loss": 0.017491,
    "params@min_power_log_loss": {
        "epoch": 918,
        "val_loss": 0.032191,
        "mae": 0.0,
        "val_mae": 0.0,
        "power_log_loss": 0.017491,
        "val_power_log_loss": 0.032191
    },
    "min_val_power_log_loss": 0.029942,
    "params@min_val_power_log_loss": {
        "epoch": 815,
        "val_loss": 0.029942,
        "mae": 0.0,
        "val_mae": 0.0,
        "power_log_loss": 0.021227,
        "val_power_log_loss": 0.029942
    },
    "learning_rate_max": 0.0002,
    "learning_rate_min": 0.0002,
    "learning_rate_mean": 0.00020000000000000006,
    "evaluation_metrics": {
        "weights_source": "best_val",
        "train_loss": 0.016644245013594627,
        "val_loss": 0.029941730201244354,
        "train_mae": 0.05918514356017113,
        "train_afmae": 0.016644245013594627,
        "val_mae": 0.05988650768995285,
        "val_afmae": 0.029941730201244354
    }
}