{
  "completed_epoch": 1000,
  "min_loss": 0.016644245013594627,
  "min_val_loss": 0.029941730201244354,
  "current_epoch": 1000,
  "model_name": "FRIKAN",
  "training_alive": false,
  "timestamp": "20260410175622.1",
  "best_weights_file": "projects/03_FRIKAN_PUREAFME/FRIKANh8u6l6_e1k_lr1e4_pureafmae/data\\FRIKANh8u6l6_e1k_lr1e4_pureafmae_best_weights.h5",
  "best_val_weights_file": "projects/03_FRIKAN_PUREAFME/FRIKANh8u6l6_e1k_lr1e4_pureafmae/data\\FRIKANh8u6l6_e1k_lr1e4_pureafmae_best_val_weights.h5",
  "loss": 0.016644245013594627,
  "val_loss": 0.029941730201244354,
  "mae": 0.05918514356017113,
  "afmae": 0.016644245013594627,
  "val_mae": 0.05988650768995285,
  "val_afmae": 0.029941730201244354,
  "val_power_log_loss": 0.035157475620508194,
  "power_log_loss": 0.02734208106994629,
  "lr": 0.00019999999494757503,
  "elapsed_time": 2297.3107216358185,
  "remaining_time": 2.1127064345040463,
  "expected_finish_time": "2026-04-10 15:03:07",
  "smoothed_speed": 1703.9754985387228
}