{
  "completed_epoch": 1000,
  "min_loss": 0.02989606000483036,
  "min_val_loss": 0.02969309873878956,
  "current_epoch": 1000,
  "model_name": "FRIMLP",
  "training_alive": false,
  "timestamp": "20260411144817.6",
  "best_weights_file": "projects/04_FRIMLP/FRIMLPh8u6l6_e1k_lr2e3_mlp18l8_tanh_d00/data\\FRIMLPh8u6l6_e1k_lr2e3_mlp18l8_tanh_d00_best_weights.h5",
  "best_val_weights_file": "projects/04_FRIMLP/FRIMLPh8u6l6_e1k_lr2e3_mlp18l8_tanh_d00/data\\FRIMLPh8u6l6_e1k_lr2e3_mlp18l8_tanh_d00_best_val_weights.h5",
  "loss": 0.031220540404319763,
  "val_loss": 0.032488781958818436,
  "mae": 0.0,
  "afmae": 1.0691828727722168,
  "val_mae": 0.0,
  "val_afmae": 1.0689945220947266,
  "val_power_log_loss": 0.08162537962198257,
  "power_log_loss": 0.07385015487670898,
  "lr": 0.00039999998989515007,
  "elapsed_time": 161.9037880897522,
  "remaining_time": 0.0,
  "expected_finish_time": "2026-04-11 14:47:24",
  "smoothed_speed": 29169.06240030246
}