{
  "completed_epoch": 1000,
  "min_loss": 0.013757694512605667,
  "min_val_loss": 0.01185620203614235,
  "current_epoch": 1000,
  "model_name": "1DCNN",
  "training_alive": false,
  "timestamp": "20260413190242.1",
  "best_weights_file": "projects/05_1DCNN/1DCNNc4u8k20l8_e1k_lr18e4_pd8l2_d0011_cvtanh_true/data\\1DCNNc4u8k20l8_e1k_lr18e4_pd8l2_d0011_cvtanh_true_best_weights.h5",
  "best_val_weights_file": "projects/05_1DCNN/1DCNNc4u8k20l8_e1k_lr18e4_pd8l2_d0011_cvtanh_true/data\\1DCNNc4u8k20l8_e1k_lr18e4_pd8l2_d0011_cvtanh_true_best_val_weights.h5",
  "loss": 0.01385259535163641,
  "val_loss": 0.012092573568224907,
  "mae": 0.0,
  "afmae": 1.798225998878479,
  "val_mae": 0.0,
  "val_afmae": 1.7981789112091064,
  "val_power_log_loss": 0.0,
  "power_log_loss": 0.0,
  "lr": 0.003599999938160181,
  "elapsed_time": 111.29728817939758,
  "remaining_time": 0.0,
  "expected_finish_time": "2026-04-13 19:02:32",
  "smoothed_speed": 42513.78087419768
}