{
  "project_name": "FRIKANh8u6l6_nosym_pureafmae",
  "generated_at": "2026-04-13T10:12:08.013991+08:00",
  "status": "complete",
  "calculation_standard": "ablation-study-v1",
  "sources": {
    "training_info": true,
    "compute_analysis": true,
    "model_info": true,
    "linear_response": true,
    "linearity_by_frequency": true,
    "config": true
  },
  "missing_sources": [],
  "missing_sections": [],
  "epochs": 1000,
  "min_loss": 0.35546,
  "min_val_loss": 0.36073,
  "train_loss": 0.3541606664657593,
  "val_loss": 0.3607347309589386,
  "train_mae": 0.15232449769973755,
  "train_afmae": 0.3541606664657593,
  "val_mae": 0.15469905734062195,
  "val_afmae": 0.3607347309589386,
  "weights_source": "best_val",
  "freq_drift_hz": 91.89877683582145,
  "sens_drift_percent": 127.72031087822438,
  "linearity_percent": 33.03199122725055,
  "compute_cost": 1710.0,
  "total_params": 2569,
  "lr": 0.01,
  "use_cosine_annealing": true,
  "metric_details": {
    "natural_frequency_drift": {
      "min": 17.652898297685233,
      "max": 125.72888948647307,
      "median": 33.83011265065162,
      "count": 25,
      "unit": "Hz",
      "method": "max(|max-median|, |median-min|) from fn_comped",
      "drift": 91.89877683582145
    },
    "sensitivity_drift": {
      "min": 0.0,
      "max": 139.09792413410608,
      "median": 11.377613255881691,
      "count": 25,
      "unit": "%",
      "method": "max(|max-median|, |median-min|) from interpolated sensitivity",
      "drift": 127.72031087822438,
      "frequency_hz": 100.0
    },
    "linearity": {
      "mean": 33.03199122725055,
      "max": 91.6356931411649,
      "min": 7.737890733439102,
      "count": 14,
      "unit": "%",
      "method": "mean(1 - R^2) across frequency points"
    },
    "natural_frequency_drift_origin": {
      "min": 34.24511188160566,
      "max": 93.39109038646993,
      "median": 58.89345106524416,
      "count": 25,
      "unit": "Hz",
      "method": "max(|max-median|, |median-min|) from fn_origin",
      "drift": 34.49763932122577
    },
    "sensitivity_drift_origin": {
      "min": 60.001934754356135,
      "max": 203.37127543336493,
      "median": 144.5628340451216,
      "count": 25,
      "unit": "%",
      "method": "max(|max-median|, |median-min|) from interpolated origin sensitivity",
      "drift": 84.56089929076546,
      "frequency_hz": 100.0
    },
    "linearity_origin": {
      "mean": 2.5499568401843997,
      "max": 6.418887454843169,
      "min": 0.359242046082775,
      "count": 14,
      "unit": "%",
      "method": "mean(1 - R^2) across frequency points"
    }
  },
  "compute_details": {
    "total_params": 2569,
    "additions": 266,
    "multiplications": 40,
    "maps": 234,
    "total_ops": 540,
    "weighted_total": 1710.0,
    "weighted_additions": 266.0,
    "weighted_multiplications": 40.0,
    "weighted_maps": 1404.0
  },
  "compute_cost_status": "complete",
  "compute_has_unsupported_layers": false,
  "compute_unsupported_layer_count": 0,
  "compute_unsupported_layers": [],
  "compute_unsupported_layer_details": [],
  "compute_cost_warning": null,
  "loss_function": "AFMAE",
  "loss_function_key": "pure_power_log_mae",
  "loss_function_source": "config.use_pure_power_loss",
  "display_metrics": {
    "Loss Function": "AFMAE",
    "TRAIN_MAE": 0.15232449769973755,
    "TRAIN_AFMAE": 0.3541606664657593,
    "VAL_MAE": 0.15469905734062195,
    "VAL_AFMAE": 0.3607347309589386,
    "Freq Drift (Hz)": 91.89877683582145,
    "Sens Drift (%)": 127.72031087822438,
    "Linearity (%)": 33.03199122725055,
    "Compute Cost": 1710.0,
    "Total Params": 2569,
    "Epochs": 1000,
    "LR": 0.01,
    "Cosine Annealing": true
  }
}