{
  "project_name": "FRIKANh8u6l6_nosym_pureafmae",
  "generated_at": "2026-04-09T23:48:48.247340+08:00",
  "status": "complete",
  "sources": {
    "training_info": true,
    "compute_analysis": true,
    "model_info": true,
    "linear_response": true
  },
  "missing_sources": [],
  "missing_sections": [],
  "epochs": 1000,
  "min_loss": 0.35546,
  "min_val_loss": 0.36073,
  "train_loss": 0.3541606664657593,
  "val_loss": 0.3607347309589386,
  "train_mae": 0.35416069626808167,
  "train_afmae": 0.35416069626808167,
  "val_mae": 0.360734760761261,
  "val_afmae": 0.360734760761261,
  "weights_source": null,
  "freq_drift_hz": 24.0,
  "sens_drift_percent": 58.194883256145616,
  "linearity_percent": 27.388117281404845,
  "compute_cost": 1710.0,
  "total_params": 2569,
  "display_metrics": {
    "TRAIN_MAE": 0.35416069626808167,
    "TRAIN_AFMAE": 0.35416069626808167,
    "VAL_MAE": 0.360734760761261,
    "VAL_AFMAE": 0.360734760761261,
    "Freq Drift (Hz)": 24.0,
    "Sens Drift (%)": 58.194883256145616,
    "Linearity (%)": 27.388117281404845,
    "Compute Cost": 1710.0,
    "Total Params": 2569,
    "Epochs": 1000
  }
}