{
    "total_epochs": 1000,
    "min_loss": 0.35546,
    "params@min_loss": {
        "epoch": 375,
        "val_loss": 0.36073,
        "power_log_loss": 0.35546,
        "val_power_log_loss": 0.36073
    },
    "min_val_loss": 0.36073,
    "params@min_val_loss": {
        "epoch": 375,
        "val_loss": 0.36073,
        "power_log_loss": 0.35546,
        "val_power_log_loss": 0.36073
    },
    "min_power_log_loss": 0.35546,
    "params@min_power_log_loss": {
        "epoch": 375,
        "val_loss": 0.36073,
        "power_log_loss": 0.35546,
        "val_power_log_loss": 0.36073
    },
    "min_val_power_log_loss": 0.36073,
    "params@min_val_power_log_loss": {
        "epoch": 375,
        "val_loss": 0.36073,
        "power_log_loss": 0.35546,
        "val_power_log_loss": 0.36073
    },
    "learning_rate_max": 0.02,
    "learning_rate_min": 0.000162,
    "learning_rate_mean": 0.010535457310000001,
    "evaluation_metrics": {
        "train_loss": 0.3541606664657593,
        "val_loss": 0.3607347309589386,
        "train_mae": 0.35416069626808167,
        "train_afmae": 0.35416069626808167,
        "val_mae": 0.360734760761261,
        "val_afmae": 0.360734760761261
    }
}