{
  "completed_epoch": 1000,
  "min_loss": 0.03157433122396469,
  "min_val_loss": 0.03154883161187172,
  "current_epoch": 1000,
  "model_name": "FRIMLP",
  "training_alive": false,
  "timestamp": "20260411143030.9",
  "best_weights_file": "projects/04_FRIMLP/FRIMLPh8u6l6_e1k_lr2e3_mlp16l8_tanh_d00/data\\FRIMLPh8u6l6_e1k_lr2e3_mlp16l8_tanh_d00_best_weights.h5",
  "best_val_weights_file": "projects/04_FRIMLP/FRIMLPh8u6l6_e1k_lr2e3_mlp16l8_tanh_d00/data\\FRIMLPh8u6l6_e1k_lr2e3_mlp16l8_tanh_d00_best_val_weights.h5",
  "loss": 0.032608117908239365,
  "val_loss": 0.031698282808065414,
  "mae": 0.0,
  "afmae": 0.46431007981300354,
  "val_mae": 0.0,
  "val_afmae": 0.46102795004844666,
  "val_power_log_loss": 0.07277454435825348,
  "power_log_loss": 0.07675881683826447,
  "lr": 0.00039999998989515007,
  "elapsed_time": 156.67582988739014,
  "remaining_time": 0.0,
  "expected_finish_time": "2026-04-11 14:29:45",
  "smoothed_speed": 33312.3207682198
}