{
  "project_name": "1DCNNc4u8k20l8_e1k_lr2e3_pd8l2_true",
  "generated_at": "2026-04-13T17:25:21.893976+08:00",
  "status": "complete",
  "calculation_standard": "ablation-study-v1",
  "sources": {
    "training_info": true,
    "compute_analysis": true,
    "model_info": true,
    "linear_response": true,
    "linearity_by_frequency": true,
    "config": true
  },
  "missing_sources": [],
  "missing_sections": [],
  "epochs": 1000,
  "min_loss": 0.009274,
  "min_val_loss": 0.0091815,
  "train_loss": 0.009181227535009384,
  "val_loss": 0.009181543253362179,
  "train_mae": 0.009181227535009384,
  "train_afmae": 0.06456061452627182,
  "val_mae": 0.009181543253362179,
  "val_afmae": 0.06596328318119049,
  "weights_source": "best_val",
  "freq_drift_hz": 3.5518429673694314,
  "sens_drift_percent": 16.83974332897869,
  "linearity_percent": 0.7756825671101546,
  "compute_cost": 1880.0,
  "total_params": 885,
  "lr": 0.002,
  "use_cosine_annealing": false,
  "metric_details": {
    "natural_frequency_drift": {
      "min": 30.732010317082697,
      "max": 36.46611709872532,
      "median": 34.28385328445213,
      "count": 25,
      "unit": "Hz",
      "method": "max(|max-median|, |median-min|) from fn_comped",
      "drift": 3.5518429673694314
    },
    "sensitivity_drift": {
      "min": 45.13429525144717,
      "max": 68.18402980126471,
      "median": 61.97403858042586,
      "count": 25,
      "unit": "%",
      "method": "max(|max-median|, |median-min|) from interpolated sensitivity",
      "drift": 16.83974332897869,
      "frequency_hz": 100.0
    },
    "linearity": {
      "mean": 0.7756825671101546,
      "max": 3.2070928207232785,
      "min": 0.16274855117397458,
      "count": 14,
      "unit": "%",
      "method": "mean(1 - R^2) across frequency points"
    },
    "natural_frequency_drift_origin": {
      "min": 34.24511188160566,
      "max": 93.39109038646993,
      "median": 58.89345106524416,
      "count": 25,
      "unit": "Hz",
      "method": "max(|max-median|, |median-min|) from fn_origin",
      "drift": 34.49763932122577
    },
    "sensitivity_drift_origin": {
      "min": 60.001934754356135,
      "max": 203.37127543336493,
      "median": 144.5628340451216,
      "count": 25,
      "unit": "%",
      "method": "max(|max-median|, |median-min|) from interpolated origin sensitivity",
      "drift": 84.56089929076546,
      "frequency_hz": 100.0
    },
    "linearity_origin": {
      "mean": 2.5499568401843997,
      "max": 6.418887454843169,
      "min": 0.359242046082775,
      "count": 14,
      "unit": "%",
      "method": "mean(1 - R^2) across frequency points"
    }
  },
  "compute_details": {
    "total_params": 885,
    "additions": 856,
    "multiplications": 856,
    "maps": 28,
    "total_ops": 1740,
    "weighted_total": 1880.0,
    "weighted_additions": 856.0,
    "weighted_multiplications": 856.0,
    "weighted_maps": 168.0
  },
  "compute_cost_status": "complete",
  "compute_has_unsupported_layers": false,
  "compute_unsupported_layer_count": 0,
  "compute_unsupported_layers": [],
  "compute_unsupported_layer_details": [],
  "compute_cost_warning": null,
  "loss_function": "MAE",
  "loss_function_key": "mae",
  "loss_function_source": "config.use_power_loss",
  "display_metrics": {
    "Loss Function": "MAE",
    "TRAIN_MAE": 0.009181227535009384,
    "TRAIN_AFMAE": 0.06456061452627182,
    "VAL_MAE": 0.009181543253362179,
    "VAL_AFMAE": 0.06596328318119049,
    "Freq Drift (Hz)": 3.5518429673694314,
    "Sens Drift (%)": 16.83974332897869,
    "Linearity (%)": 0.7756825671101546,
    "Compute Cost": 1880.0,
    "Total Params": 885,
    "Epochs": 1000,
    "LR": 0.002,
    "Cosine Annealing": false
  }
}