{
  "completed_epoch": 1000,
  "min_loss": 0.009274027310311794,
  "min_val_loss": 0.009181542322039604,
  "current_epoch": 1000,
  "model_name": "1DCNN",
  "training_alive": false,
  "timestamp": "20260413172515.5",
  "best_weights_file": "projects/05_1DCNN/1DCNNc4u8k20l8_e1k_lr2e3_pd8l2_true/data\\1DCNNc4u8k20l8_e1k_lr2e3_pd8l2_true_best_weights.h5",
  "best_val_weights_file": "projects/05_1DCNN/1DCNNc4u8k20l8_e1k_lr2e3_pd8l2_true/data\\1DCNNc4u8k20l8_e1k_lr2e3_pd8l2_true_best_val_weights.h5",
  "loss": 0.010133025236427784,
  "val_loss": 0.009470419026911259,
  "mae": 0.0,
  "afmae": 0.9305649995803833,
  "val_mae": 0.0,
  "val_afmae": 0.9300557971000671,
  "val_power_log_loss": 0.0,
  "power_log_loss": 0.0,
  "lr": 0.004000000189989805,
  "elapsed_time": 102.02433323860168,
  "remaining_time": 0.0,
  "expected_finish_time": "2026-04-13 17:25:06",
  "smoothed_speed": 49273.35024880337
}