{
  "completed_epoch": 30000,
  "min_loss": 0.01080357190221548,
  "min_val_loss": 0.012198073789477348,
  "current_epoch": 0,
  "model_name": "WaveNet5",
  "training_alive": false,
  "timestamp": "20250707201524.7",
  "best_weights_file": "projects/WNET5q0.5h6u8l3/data\\WNET5q0.5h6u8l3_best_weights.h5",
  "best_val_weights_file": "projects/WNET5q0.5h6u8l3/data\\WNET5q0.5h6u8l3_best_val_weights.h5",
  "loss": 0.010803586803376675,
  "val_loss": 0.012236570939421654,
  "val_power_log_loss": 0.0262171421200037,
  "power_log_loss": 0.01921670138835907,
  "lr": 8.478225936414674e-06,
  "elapsed_time": 4866.27138376236,
  "remaining_time": 0.13471289000061518,
  "expected_finish_time": "2025-04-25 12:10:23",
  "smoothed_speed": 26723.500624057284
}