{
  "project_name": "RNNr24d16_e1k_puremae_r10",
  "generated_at": "2026-04-17T13:47:29.391603+08:00",
  "status": "complete",
  "calculation_standard": "ablation-study-v1",
  "sources": {
    "training_info": true,
    "compute_analysis": true,
    "model_info": true,
    "linear_response": true,
    "linearity_by_frequency": true,
    "config": true
  },
  "missing_sources": [],
  "missing_sections": [],
  "epochs": 1000,
  "min_loss": 0.011784,
  "min_val_loss": 0.011453,
  "train_loss": 0.011450272984802723,
  "val_loss": 0.011452813632786274,
  "train_mae": 0.011450272984802723,
  "train_afmae": 0.13393095135688782,
  "val_mae": 0.011452813632786274,
  "val_afmae": 0.13408932089805603,
  "weights_source": "best_val",
  "freq_drift_hz": 8.78642805126195,
  "sens_drift_percent": 32.04783669520649,
  "linearity_percent": 1.3266584074114796,
  "compute_cost": 2240.0,
  "total_params": 1041,
  "lr": 0.001,
  "use_cosine_annealing": false,
  "metric_details": {
    "natural_frequency_drift": {
      "min": 26.810805903801388,
      "max": 37.139255391283015,
      "median": 35.59723395506334,
      "count": 25,
      "unit": "Hz",
      "method": "max(|max-median|, |median-min|) from fn_comped",
      "drift": 8.78642805126195
    },
    "sensitivity_drift": {
      "min": 34.78486900598448,
      "max": 71.30064744867505,
      "median": 66.83270570119097,
      "count": 25,
      "unit": "%",
      "method": "max(|max-median|, |median-min|) from interpolated sensitivity",
      "drift": 32.04783669520649,
      "frequency_hz": 100.0
    },
    "linearity": {
      "mean": 1.3266584074114796,
      "max": 3.268982216827221,
      "min": 0.3041821913589371,
      "count": 14,
      "unit": "%",
      "method": "mean(1 - R^2) across frequency points"
    },
    "natural_frequency_drift_origin": {
      "min": 34.24511188160566,
      "max": 93.39109038646993,
      "median": 58.89345106524416,
      "count": 25,
      "unit": "Hz",
      "method": "max(|max-median|, |median-min|) from fn_origin",
      "drift": 34.49763932122577
    },
    "sensitivity_drift_origin": {
      "min": 60.001934754356135,
      "max": 203.37127543336493,
      "median": 144.5628340451216,
      "count": 25,
      "unit": "%",
      "method": "max(|max-median|, |median-min|) from interpolated origin sensitivity",
      "drift": 84.56089929076546,
      "frequency_hz": 100.0
    },
    "linearity_origin": {
      "mean": 2.5499568401843997,
      "max": 6.418887454843169,
      "min": 0.359242046082775,
      "count": 14,
      "unit": "%",
      "method": "mean(1 - R^2) across frequency points"
    }
  },
  "compute_details": {
    "total_params": 1041,
    "additions": 1000,
    "multiplications": 1000,
    "maps": 40,
    "total_ops": 2040,
    "weighted_total": 2240.0,
    "weighted_additions": 1000.0,
    "weighted_multiplications": 1000.0,
    "weighted_maps": 240.0
  },
  "compute_cost_status": "complete",
  "compute_has_unsupported_layers": false,
  "compute_unsupported_layer_count": 0,
  "compute_unsupported_layers": [],
  "compute_unsupported_layer_details": [],
  "compute_cost_warning": null,
  "loss_function": "MAE",
  "loss_function_key": "mae",
  "loss_function_source": "config.use_power_loss",
  "display_metrics": {
    "Loss Function": "MAE",
    "TRAIN_MAE": 0.011450272984802723,
    "TRAIN_AFMAE": 0.13393095135688782,
    "VAL_MAE": 0.011452813632786274,
    "VAL_AFMAE": 0.13408932089805603,
    "Freq Drift (Hz)": 8.78642805126195,
    "Sens Drift (%)": 32.04783669520649,
    "Linearity (%)": 1.3266584074114796,
    "Compute Cost": 2240.0,
    "Total Params": 1041,
    "Epochs": 1000,
    "LR": 0.001,
    "Cosine Annealing": false
  }
}