{
  "completed_epoch": 1000,
  "min_loss": 0.011783824302256107,
  "min_val_loss": 0.011452813632786274,
  "current_epoch": 1000,
  "model_name": "RNN",
  "training_alive": false,
  "timestamp": "20260417134701.9",
  "best_weights_file": "projects/07_RNN/RNNr24d16_e1k_puremae_r10/data\\RNNr24d16_e1k_puremae_r10_best_weights.h5",
  "best_val_weights_file": "projects/07_RNN/RNNr24d16_e1k_puremae_r10/data\\RNNr24d16_e1k_puremae_r10_best_val_weights.h5",
  "loss": 0.012947391718626022,
  "val_loss": 0.012278415262699127,
  "mae": 0.0,
  "afmae": 1.3653326034545898,
  "val_mae": 0.0,
  "val_afmae": 1.368299126625061,
  "val_power_log_loss": 0.0,
  "power_log_loss": 0.0,
  "lr": 0.0020000000949949026,
  "elapsed_time": 13207.108856916428,
  "remaining_time": 0.0,
  "expected_finish_time": "2026-04-17 13:46:36",
  "smoothed_speed": 283.5559980181364
}