{
  "completed_epoch": 1000,
  "min_loss": 0.03025997243821621,
  "min_val_loss": 0.030250586569309235,
  "current_epoch": 1000,
  "model_name": "FRIMLP",
  "training_alive": false,
  "timestamp": "20260411142611.1",
  "best_weights_file": "projects/04_FRIMLP/FRIMLPh8u6l6_e1k_lr2e3_mlp19l7_tanh_d00/data\\FRIMLPh8u6l6_e1k_lr2e3_mlp19l7_tanh_d00_best_weights.h5",
  "best_val_weights_file": "projects/04_FRIMLP/FRIMLPh8u6l6_e1k_lr2e3_mlp19l7_tanh_d00/data\\FRIMLPh8u6l6_e1k_lr2e3_mlp19l7_tanh_d00_best_val_weights.h5",
  "loss": 0.03319278731942177,
  "val_loss": 0.030840354040265083,
  "mae": 0.0,
  "afmae": 0.5350626707077026,
  "val_mae": 0.0,
  "val_afmae": 0.5349438190460205,
  "val_power_log_loss": 0.07008445262908936,
  "power_log_loss": 0.07946158945560455,
  "lr": 0.00039999998989515007,
  "elapsed_time": 158.70475268363953,
  "remaining_time": 0.0,
  "expected_finish_time": "2026-04-11 14:22:54",
  "smoothed_speed": 30891.03560740046
}