{
  "project_name": "LSTMu16_e1k_lr7e4_r3",
  "generated_at": "2026-04-09T23:48:48.762642+08:00",
  "status": "complete",
  "sources": {
    "training_info": true,
    "compute_analysis": true,
    "model_info": true,
    "linear_response": true
  },
  "missing_sources": [],
  "missing_sections": [],
  "epochs": 1000,
  "min_loss": 0.026355,
  "min_val_loss": 0.026935,
  "train_loss": 0.02630719356238842,
  "val_loss": 0.026935100555419922,
  "train_mae": 0.018943434581160545,
  "train_afmae": 0.04257182031869888,
  "val_mae": 0.019210591912269592,
  "val_afmae": 0.045531757175922394,
  "weights_source": null,
  "freq_drift_hz": 32.0,
  "sens_drift_percent": 27.308891276108167,
  "linearity_percent": 24.867336913778047,
  "compute_cost": 3360.0,
  "total_params": 1441,
  "display_metrics": {
    "TRAIN_MAE": 0.018943434581160545,
    "TRAIN_AFMAE": 0.04257182031869888,
    "VAL_MAE": 0.019210591912269592,
    "VAL_AFMAE": 0.045531757175922394,
    "Freq Drift (Hz)": 32.0,
    "Sens Drift (%)": 27.308891276108167,
    "Linearity (%)": 24.867336913778047,
    "Compute Cost": 3360.0,
    "Total Params": 1441,
    "Epochs": 1000
  }
}