{
  "project_name": "LSTMu16_e1k_lr7e4_r3",
  "generated_at": "2026-04-10T12:56:21.827526+08:00",
  "status": "complete",
  "calculation_standard": "ablation-study-v1",
  "sources": {
    "training_info": true,
    "compute_analysis": true,
    "model_info": true,
    "linear_response": true,
    "linearity_by_frequency": true,
    "config": true
  },
  "missing_sources": [],
  "missing_sections": [],
  "epochs": 1000,
  "min_loss": 0.026355,
  "min_val_loss": 0.026935,
  "train_loss": 0.02630719356238842,
  "val_loss": 0.026935100555419922,
  "train_mae": 0.018943434581160545,
  "train_afmae": 0.04257182031869888,
  "val_mae": 0.019210591912269592,
  "val_afmae": 0.045531757175922394,
  "weights_source": null,
  "freq_drift_hz": 6.090531205251992,
  "sens_drift_percent": 18.538408025283395,
  "linearity_percent": 0.5888052623981328,
  "compute_cost": 3360.0,
  "total_params": 1441,
  "lr": 0.0007,
  "use_cosine_annealing": false,
  "metric_details": {
    "natural_frequency_drift": {
      "min": 31.424706877597174,
      "max": 40.21523251769354,
      "median": 34.12470131244155,
      "count": 25,
      "unit": "Hz",
      "method": "max(|max-median|, |median-min|) from fn_comped",
      "drift": 6.090531205251992
    },
    "sensitivity_drift": {
      "min": 52.319920149071606,
      "max": 80.86509157454843,
      "median": 62.326683549265034,
      "count": 25,
      "unit": "%",
      "method": "max(|max-median|, |median-min|) from interpolated sensitivity",
      "drift": 18.538408025283395,
      "frequency_hz": 100.0
    },
    "linearity": {
      "mean": 0.5888052623981328,
      "max": 2.9328236527017104,
      "min": 0.1979827343520868,
      "count": 14,
      "unit": "%",
      "method": "mean(1 - R^2) across frequency points"
    },
    "natural_frequency_drift_origin": {
      "min": 34.24511188160566,
      "max": 93.39109038646993,
      "median": 58.89345106524416,
      "count": 25,
      "unit": "Hz",
      "method": "max(|max-median|, |median-min|) from fn_origin",
      "drift": 34.49763932122577
    },
    "sensitivity_drift_origin": {
      "min": 60.001934754356135,
      "max": 203.37127543336493,
      "median": 144.5628340451216,
      "count": 25,
      "unit": "%",
      "method": "max(|max-median|, |median-min|) from interpolated origin sensitivity",
      "drift": 84.56089929076546,
      "frequency_hz": 100.0
    },
    "linearity_origin": {
      "mean": 2.5499568401843997,
      "max": 6.418887454843169,
      "min": 0.359242046082775,
      "count": 14,
      "unit": "%",
      "method": "mean(1 - R^2) across frequency points"
    }
  },
  "compute_details": {
    "total_params": 1441,
    "additions": 1376,
    "multiplications": 1408,
    "maps": 96,
    "total_ops": 2880,
    "weighted_total": 3360.0,
    "weighted_additions": 1376.0,
    "weighted_multiplications": 1408.0,
    "weighted_maps": 576.0
  },
  "display_metrics": {
    "TRAIN_MAE": 0.018943434581160545,
    "TRAIN_AFMAE": 0.04257182031869888,
    "VAL_MAE": 0.019210591912269592,
    "VAL_AFMAE": 0.045531757175922394,
    "Freq Drift (Hz)": 6.090531205251992,
    "Sens Drift (%)": 18.538408025283395,
    "Linearity (%)": 0.5888052623981328,
    "Compute Cost": 3360.0,
    "Total Params": 1441,
    "Epochs": 1000,
    "LR": 0.0007,
    "Cosine Annealing": false
  }
}