{
  "completed_epoch": 1000,
  "min_loss": 0.026354938745498657,
  "min_val_loss": 0.026935100555419922,
  "current_epoch": 1000,
  "model_name": "LSTM",
  "training_alive": false,
  "timestamp": "20260404185033.1",
  "best_weights_file": "projects/01_LR_STUDY/LSTMu16_e1k_lr7e4_r3/data\\LSTMu16_e1k_lr7e4_r3_best_weights.h5",
  "best_val_weights_file": "projects/01_LR_STUDY/LSTMu16_e1k_lr7e4_r3/data\\LSTMu16_e1k_lr7e4_r3_best_val_weights.h5",
  "loss": 0.026389500126242638,
  "val_loss": 0.027126559987664223,
  "mae": 0.0,
  "afmae": 1.7837083339691162,
  "val_mae": 0.0,
  "val_afmae": 1.783665418624878,
  "val_power_log_loss": 0.045896582305431366,
  "power_log_loss": 0.04285109415650368,
  "lr": 0.00014000000373926014,
  "elapsed_time": 1821.5987448692322,
  "remaining_time": 1.7852256288620987,
  "expected_finish_time": "2026-04-04 18:48:14",
  "smoothed_speed": 2016.5518250455755
}