{
    "total_epochs": 1000,
    "min_loss": 0.026355,
    "params@min_loss": {
        "epoch": 999,
        "val_loss": 0.027102,
        "mae": 0.0,
        "val_mae": 0.0,
        "power_log_loss": 0.04283,
        "val_power_log_loss": 0.046241
    },
    "min_val_loss": 0.026935,
    "params@min_val_loss": {
        "epoch": 998,
        "val_loss": 0.026935,
        "mae": 0.0,
        "val_mae": 0.0,
        "power_log_loss": 0.042545,
        "val_power_log_loss": 0.045532
    },
    "min_mae": 0.0,
    "params@min_mae": {
        "epoch": 1,
        "val_loss": 0.33383,
        "mae": 0.0,
        "val_mae": 0.0,
        "power_log_loss": 1.5357,
        "val_power_log_loss": 1.2903
    },
    "min_val_mae": 0.0,
    "params@min_val_mae": {
        "epoch": 1,
        "val_loss": 0.33383,
        "mae": 0.0,
        "val_mae": 0.0,
        "power_log_loss": 1.5357,
        "val_power_log_loss": 1.2903
    },
    "min_power_log_loss": 0.042362,
    "params@min_power_log_loss": {
        "epoch": 989,
        "val_loss": 0.027033,
        "mae": 0.0,
        "val_mae": 0.0,
        "power_log_loss": 0.042362,
        "val_power_log_loss": 0.045817
    },
    "min_val_power_log_loss": 0.045532,
    "params@min_val_power_log_loss": {
        "epoch": 998,
        "val_loss": 0.026935,
        "mae": 0.0,
        "val_mae": 0.0,
        "power_log_loss": 0.042545,
        "val_power_log_loss": 0.045532
    },
    "learning_rate_max": 0.00014,
    "learning_rate_min": 0.00014,
    "learning_rate_mean": 0.00013999999999999996,
    "evaluation_metrics": {
        "train_loss": 0.02630719356238842,
        "val_loss": 0.026935100555419922,
        "train_mae": 0.018943434581160545,
        "train_afmae": 0.04257182031869888,
        "val_mae": 0.019210591912269592,
        "val_afmae": 0.045531757175922394
    }
}