{
  "completed_epoch": 1000,
  "min_loss": 0.011957165785133839,
  "min_val_loss": 0.013357694260776043,
  "current_epoch": 1000,
  "model_name": "1DCNN",
  "training_alive": false,
  "timestamp": "20260413181837.7",
  "best_weights_file": "projects/05_1DCNN/1DCNNc4u8k20l8_e1k_lr2e3_pd8l2_d002_true/data\\1DCNNc4u8k20l8_e1k_lr2e3_pd8l2_d002_true_best_weights.h5",
  "best_val_weights_file": "projects/05_1DCNN/1DCNNc4u8k20l8_e1k_lr2e3_pd8l2_d002_true/data\\1DCNNc4u8k20l8_e1k_lr2e3_pd8l2_d002_true_best_val_weights.h5",
  "loss": 0.012104560621082783,
  "val_loss": 0.013730676844716072,
  "mae": 0.0,
  "afmae": 1.5734660625457764,
  "val_mae": 0.0,
  "val_afmae": 1.5734474658966064,
  "val_power_log_loss": 0.0,
  "power_log_loss": 0.0,
  "lr": 0.004000000189989805,
  "elapsed_time": 103.53099155426025,
  "remaining_time": 0.0,
  "expected_finish_time": "2026-04-13 18:18:28",
  "smoothed_speed": 49464.71566867708
}