{
  "completed_epoch": 1000,
  "min_loss": 0.059813983738422394,
  "min_val_loss": 0.06363902986049652,
  "current_epoch": 1000,
  "model_name": "FRIKAN",
  "training_alive": false,
  "timestamp": "20260427173024.8",
  "best_weights_file": "projects/01_LR_STUDY/FRIKANh8u6l6_e1k_lr7e5_r24/data\\FRIKANh8u6l6_e1k_lr7e5_r24_best_weights.h5",
  "best_val_weights_file": "projects/01_LR_STUDY/FRIKANh8u6l6_e1k_lr7e5_r24/data\\FRIKANh8u6l6_e1k_lr7e5_r24_best_val_weights.h5",
  "loss": 0.05958365276455879,
  "val_loss": 0.06339357793331146,
  "mae": 0.0,
  "afmae": 1.8186314105987549,
  "val_mae": 0.0,
  "val_afmae": 1.8040122985839844,
  "val_power_log_loss": 0.1348353773355484,
  "power_log_loss": 0.12122901529073715,
  "lr": 1.4000000192027073e-05,
  "elapsed_time": 5333.8882648944855,
  "remaining_time": 0.0,
  "expected_finish_time": "2026-04-27 17:30:24",
  "smoothed_speed": 715.8479094251844
}