{
  "project_name": "RNNu16d24_e1k_puremae_r15",
  "generated_at": "2026-04-17T00:53:35.440540+08:00",
  "status": "complete",
  "calculation_standard": "ablation-study-v1",
  "sources": {
    "training_info": true,
    "compute_analysis": true,
    "model_info": true,
    "linear_response": true,
    "linearity_by_frequency": true,
    "config": true
  },
  "missing_sources": [],
  "missing_sections": [],
  "epochs": 1000,
  "min_loss": 0.019494,
  "min_val_loss": 0.017216,
  "train_loss": 0.017286529764533043,
  "val_loss": 0.01721588522195816,
  "train_mae": 0.017286529764533043,
  "train_afmae": 0.15628094971179962,
  "val_mae": 0.01721588522195816,
  "val_afmae": 0.1549205183982849,
  "weights_source": "best_val",
  "freq_drift_hz": 12.256876229427238,
  "sens_drift_percent": 32.49200944362481,
  "linearity_percent": 2.3149373037751757,
  "compute_cost": 1600.0,
  "total_params": 721,
  "lr": 0.0015,
  "use_cosine_annealing": false,
  "metric_details": {
    "natural_frequency_drift": {
      "min": 23.085051073271263,
      "max": 37.693692334784515,
      "median": 35.3419273026985,
      "count": 25,
      "unit": "Hz",
      "method": "max(|max-median|, |median-min|) from fn_comped",
      "drift": 12.256876229427238
    },
    "sensitivity_drift": {
      "min": 31.269382466578996,
      "max": 73.93714581997078,
      "median": 63.761391910203805,
      "count": 25,
      "unit": "%",
      "method": "max(|max-median|, |median-min|) from interpolated sensitivity",
      "drift": 32.49200944362481,
      "frequency_hz": 100.0
    },
    "linearity": {
      "mean": 2.3149373037751757,
      "max": 6.755193220549649,
      "min": 0.6320707510365065,
      "count": 14,
      "unit": "%",
      "method": "mean(1 - R^2) across frequency points"
    },
    "natural_frequency_drift_origin": {
      "min": 34.24511188160566,
      "max": 93.39109038646993,
      "median": 58.89345106524416,
      "count": 25,
      "unit": "Hz",
      "method": "max(|max-median|, |median-min|) from fn_origin",
      "drift": 34.49763932122577
    },
    "sensitivity_drift_origin": {
      "min": 60.001934754356135,
      "max": 203.37127543336493,
      "median": 144.5628340451216,
      "count": 25,
      "unit": "%",
      "method": "max(|max-median|, |median-min|) from interpolated origin sensitivity",
      "drift": 84.56089929076546,
      "frequency_hz": 100.0
    },
    "linearity_origin": {
      "mean": 2.5499568401843997,
      "max": 6.418887454843169,
      "min": 0.359242046082775,
      "count": 14,
      "unit": "%",
      "method": "mean(1 - R^2) across frequency points"
    }
  },
  "compute_details": {
    "total_params": 721,
    "additions": 680,
    "multiplications": 680,
    "maps": 40,
    "total_ops": 1400,
    "weighted_total": 1600.0,
    "weighted_additions": 680.0,
    "weighted_multiplications": 680.0,
    "weighted_maps": 240.0
  },
  "compute_cost_status": "complete",
  "compute_has_unsupported_layers": false,
  "compute_unsupported_layer_count": 0,
  "compute_unsupported_layers": [],
  "compute_unsupported_layer_details": [],
  "compute_cost_warning": null,
  "loss_function": "MAE",
  "loss_function_key": "mae",
  "loss_function_source": "config.use_power_loss",
  "display_metrics": {
    "Loss Function": "MAE",
    "TRAIN_MAE": 0.017286529764533043,
    "TRAIN_AFMAE": 0.15628094971179962,
    "VAL_MAE": 0.01721588522195816,
    "VAL_AFMAE": 0.1549205183982849,
    "Freq Drift (Hz)": 12.256876229427238,
    "Sens Drift (%)": 32.49200944362481,
    "Linearity (%)": 2.3149373037751757,
    "Compute Cost": 1600.0,
    "Total Params": 721,
    "Epochs": 1000,
    "LR": 0.0015,
    "Cosine Annealing": false
  }
}