{
  "completed_epoch": 1000,
  "min_loss": 0.019493546336889267,
  "min_val_loss": 0.01721588335931301,
  "current_epoch": 1000,
  "model_name": "RNN",
  "training_alive": false,
  "timestamp": "20260417005308.0",
  "best_weights_file": "projects/07_RNN/RNNu16d24_e1k_puremae_r15/data\\RNNu16d24_e1k_puremae_r15_best_weights.h5",
  "best_val_weights_file": "projects/07_RNN/RNNu16d24_e1k_puremae_r15/data\\RNNu16d24_e1k_puremae_r15_best_val_weights.h5",
  "loss": 0.03248491883277893,
  "val_loss": 0.018374266102910042,
  "mae": 0.0,
  "afmae": 0.8531727194786072,
  "val_mae": 0.0,
  "val_afmae": 0.8527510166168213,
  "val_power_log_loss": 0.0,
  "power_log_loss": 0.0,
  "lr": 0.003000000026077032,
  "elapsed_time": 13125.763308048248,
  "remaining_time": 0.0,
  "expected_finish_time": "2026-04-17 00:52:43",
  "smoothed_speed": 279.34981302789475
}