{
  "completed_epoch": 74,
  "min_loss": 0.053878869861364365,
  "min_val_loss": 0.05701351538300514,
  "current_epoch": 74,
  "model_name": "FRIKAN",
  "training_alive": true,
  "timestamp": "20260410130952.9",
  "best_weights_file": "projects/03_FRIKAN_PUREAFME/FRIKANh8u6l6_e1k_lr3e4_pureafmae/data\\FRIKANh8u6l6_e1k_lr3e4_pureafmae_best_weights.h5",
  "best_val_weights_file": "projects/03_FRIKAN_PUREAFME/FRIKANh8u6l6_e1k_lr3e4_pureafmae/data\\FRIKANh8u6l6_e1k_lr3e4_pureafmae_best_val_weights.h5",
  "loss": 0.05946167930960655,
  "val_loss": 0.057212937623262405,
  "mae": 0.0,
  "afmae": 1.890769600868225,
  "val_mae": 0.0,
  "val_afmae": 1.8773219585418701,
  "val_power_log_loss": 0.057212941348552704,
  "power_log_loss": 0.059461675584316254,
  "lr": 0.0006000000284984708,
  "elapsed_time": 160.1346356868744,
  "remaining_time": 1875.9614116968535,
  "expected_finish_time": "2026-04-10 13:41:08",
  "smoothed_speed": 1778.9278495773642
}