{
  "completed_epoch": 1000,
  "min_loss": 0.020721808075904846,
  "min_val_loss": 0.030344422906637192,
  "current_epoch": 1000,
  "model_name": "FRIKAN",
  "training_alive": false,
  "timestamp": "20260410134526.1",
  "best_weights_file": "projects/03_FRIKAN_PUREAFME/FRIKANh8u6l6_e1k_lr3e4_pureafmae/data\\FRIKANh8u6l6_e1k_lr3e4_pureafmae_best_weights.h5",
  "best_val_weights_file": "projects/03_FRIKAN_PUREAFME/FRIKANh8u6l6_e1k_lr3e4_pureafmae/data\\FRIKANh8u6l6_e1k_lr3e4_pureafmae_best_val_weights.h5",
  "loss": 0.022380907088518143,
  "val_loss": 0.034747786819934845,
  "mae": 0.0,
  "afmae": 1.890769600868225,
  "val_mae": 0.0,
  "val_afmae": 1.8773219585418701,
  "val_power_log_loss": 0.034747786819934845,
  "power_log_loss": 0.022380907088518143,
  "lr": 0.0006000000284984708,
  "elapsed_time": 2247.160636663437,
  "remaining_time": 2.106301563378243,
  "expected_finish_time": "2026-04-10 13:44:42",
  "smoothed_speed": 1709.1569709638597
}