{
  "completed_epoch": 1000,
  "min_loss": 0.026424983516335487,
  "min_val_loss": 0.027796216309070587,
  "current_epoch": 1000,
  "model_name": "FRIKAN",
  "training_alive": false,
  "timestamp": "20260424044229.1",
  "best_weights_file": "projects/09_HPARAM_SENSITIVITY/FRIKANh8u5l6g8s2_e1k_lr7e4_axisU/data\\FRIKANh8u5l6g8s2_e1k_lr7e4_axisU_best_weights.h5",
  "best_val_weights_file": "projects/09_HPARAM_SENSITIVITY/FRIKANh8u5l6g8s2_e1k_lr7e4_axisU/data\\FRIKANh8u5l6g8s2_e1k_lr7e4_axisU_best_val_weights.h5",
  "loss": 0.03006458468735218,
  "val_loss": 0.031885914504528046,
  "mae": 0.0,
  "afmae": 1.7202571630477905,
  "val_mae": 0.0,
  "val_afmae": 1.7044719457626343,
  "val_power_log_loss": 0.06036161258816719,
  "power_log_loss": 0.050145797431468964,
  "lr": 0.00014000000373926014,
  "elapsed_time": 1758.8169629573822,
  "remaining_time": 0.0,
  "expected_finish_time": "2026-04-24 04:42:29",
  "smoothed_speed": 2104.0280652410497
}