{
  "project_name": "FRIKANh8u6l6_e1k_lr7e4_puremae",
  "generated_at": "2026-04-10T12:56:21.671022+08:00",
  "status": "complete",
  "calculation_standard": "ablation-study-v1",
  "sources": {
    "training_info": true,
    "compute_analysis": true,
    "model_info": true,
    "linear_response": true,
    "linearity_by_frequency": true,
    "config": true
  },
  "missing_sources": [],
  "missing_sections": [],
  "epochs": 1000,
  "min_loss": 0.01042,
  "min_val_loss": 0.010465,
  "train_loss": 0.01022394746541977,
  "val_loss": 0.010465160012245178,
  "train_mae": 0.010223948396742344,
  "train_afmae": 0.0847836285829544,
  "val_mae": 0.010465160012245178,
  "val_afmae": 0.09031929820775986,
  "weights_source": "best_val",
  "freq_drift_hz": 13.00249038942325,
  "sens_drift_percent": 20.283908250776427,
  "linearity_percent": 1.3688869012911902,
  "compute_cost": 1710.0,
  "total_params": 2569,
  "lr": 0.0007,
  "use_cosine_annealing": false,
  "metric_details": {
    "natural_frequency_drift": {
      "min": 28.179206380086455,
      "max": 47.38280836719804,
      "median": 34.38031797777479,
      "count": 25,
      "unit": "Hz",
      "method": "max(|max-median|, |median-min|) from fn_comped",
      "drift": 13.00249038942325
    },
    "sensitivity_drift": {
      "min": 42.29073335046047,
      "max": 74.00281163503396,
      "median": 62.5746416012369,
      "count": 25,
      "unit": "%",
      "method": "max(|max-median|, |median-min|) from interpolated sensitivity",
      "drift": 20.283908250776427,
      "frequency_hz": 100.0
    },
    "linearity": {
      "mean": 1.3688869012911902,
      "max": 5.107721650644925,
      "min": 0.10595599248981458,
      "count": 14,
      "unit": "%",
      "method": "mean(1 - R^2) across frequency points"
    },
    "natural_frequency_drift_origin": {
      "min": 34.24511188160566,
      "max": 93.39109038646993,
      "median": 58.89345106524416,
      "count": 25,
      "unit": "Hz",
      "method": "max(|max-median|, |median-min|) from fn_origin",
      "drift": 34.49763932122577
    },
    "sensitivity_drift_origin": {
      "min": 60.001934754356135,
      "max": 203.37127543336493,
      "median": 144.5628340451216,
      "count": 25,
      "unit": "%",
      "method": "max(|max-median|, |median-min|) from interpolated origin sensitivity",
      "drift": 84.56089929076546,
      "frequency_hz": 100.0
    },
    "linearity_origin": {
      "mean": 2.5499568401843997,
      "max": 6.418887454843169,
      "min": 0.359242046082775,
      "count": 14,
      "unit": "%",
      "method": "mean(1 - R^2) across frequency points"
    }
  },
  "compute_details": {
    "total_params": 2569,
    "additions": 266,
    "multiplications": 40,
    "maps": 234,
    "total_ops": 540,
    "weighted_total": 1710.0,
    "weighted_additions": 266.0,
    "weighted_multiplications": 40.0,
    "weighted_maps": 1404.0
  },
  "display_metrics": {
    "TRAIN_MAE": 0.010223948396742344,
    "TRAIN_AFMAE": 0.0847836285829544,
    "VAL_MAE": 0.010465160012245178,
    "VAL_AFMAE": 0.09031929820775986,
    "Freq Drift (Hz)": 13.00249038942325,
    "Sens Drift (%)": 20.283908250776427,
    "Linearity (%)": 1.3688869012911902,
    "Compute Cost": 1710.0,
    "Total Params": 2569,
    "Epochs": 1000,
    "LR": 0.0007,
    "Cosine Annealing": false
  }
}