{
  "project_name": "FRIKANh8u6l6_e1k_lr7e4_puremae",
  "generated_at": "2026-04-09T23:48:48.604900+08:00",
  "status": "complete",
  "sources": {
    "training_info": true,
    "compute_analysis": true,
    "model_info": true,
    "linear_response": true
  },
  "missing_sources": [],
  "missing_sections": [],
  "epochs": 1000,
  "min_loss": 0.01042,
  "min_val_loss": 0.010465,
  "train_loss": 0.01022394746541977,
  "val_loss": 0.010465160012245178,
  "train_mae": 0.01022394746541977,
  "train_afmae": 0.01022394746541977,
  "val_mae": 0.010465160012245178,
  "val_afmae": 0.010465160012245178,
  "weights_source": null,
  "freq_drift_hz": 32.0,
  "sens_drift_percent": 30.247794001674034,
  "linearity_percent": 26.202583409270908,
  "compute_cost": 1710.0,
  "total_params": 2569,
  "display_metrics": {
    "TRAIN_MAE": 0.01022394746541977,
    "TRAIN_AFMAE": 0.01022394746541977,
    "VAL_MAE": 0.010465160012245178,
    "VAL_AFMAE": 0.010465160012245178,
    "Freq Drift (Hz)": 32.0,
    "Sens Drift (%)": 30.247794001674034,
    "Linearity (%)": 26.202583409270908,
    "Compute Cost": 1710.0,
    "Total Params": 2569,
    "Epochs": 1000
  }
}