{
  "completed_epoch": 1000,
  "min_loss": 0.010420269332826138,
  "min_val_loss": 0.010465160012245178,
  "current_epoch": 1000,
  "model_name": "FRIKAN",
  "training_alive": false,
  "timestamp": "20260405105716.7",
  "best_weights_file": "projects\\01_LR_STUDY\\FRIKANh8u6l6_e1k_lr7e4_puremae/data\\projects\\01_LR_STUDY\\FRIKANh8u6l6_e1k_lr7e4_puremae_best_weights.h5",
  "best_val_weights_file": "projects\\01_LR_STUDY\\FRIKANh8u6l6_e1k_lr7e4_puremae/data\\projects\\01_LR_STUDY\\FRIKANh8u6l6_e1k_lr7e4_puremae_best_val_weights.h5",
  "loss": 0.01079233456403017,
  "val_loss": 0.010717354714870453,
  "mae": 0.0,
  "afmae": 0.45173734426498413,
  "val_mae": 0.0,
  "val_afmae": 0.4487887918949127,
  "val_power_log_loss": 0.0,
  "power_log_loss": 0.0,
  "lr": 0.00139999995008111,
  "elapsed_time": 2025.9366219043732,
  "remaining_time": 1.9969986572367406,
  "expected_finish_time": "2026-04-05 02:13:11",
  "smoothed_speed": 1802.705268205509
}