{
    "total_epochs": 30000,
    "min_loss": 0.0011173,
    "params@min_loss": {
        "epoch": 29320,
        "val_loss": 0.0011991,
        "power_log_loss": 0.0016596,
        "val_power_log_loss": 0.0019798
    },
    "min_val_loss": 0.0011976,
    "params@min_val_loss": {
        "epoch": 27152,
        "val_loss": 0.0011976,
        "power_log_loss": 0.0016728,
        "val_power_log_loss": 0.0019685
    },
    "min_power_log_loss": 0.0016594,
    "params@min_power_log_loss": {
        "epoch": 29332,
        "val_loss": 0.0012024,
        "power_log_loss": 0.0016594,
        "val_power_log_loss": 0.0019981
    },
    "min_val_power_log_loss": 0.0019685,
    "params@min_val_power_log_loss": {
        "epoch": 27152,
        "val_loss": 0.0011976,
        "power_log_loss": 0.0016728,
        "val_power_log_loss": 0.0019685
    },
    "learning_rate_max": 0.0003,
    "learning_rate_min": 2.7e-06,
    "learning_rate_mean": 0.00016635000647333332
}