{
  "project_name": "FRIKANh8u6l6_nosym_puremae",
  "generated_at": "2026-04-10T12:56:21.333077+08:00",
  "status": "complete",
  "calculation_standard": "ablation-study-v1",
  "sources": {
    "training_info": true,
    "compute_analysis": true,
    "model_info": true,
    "linear_response": true,
    "linearity_by_frequency": true,
    "config": true
  },
  "missing_sources": [],
  "missing_sections": [],
  "epochs": 1000,
  "min_loss": 0.045328,
  "min_val_loss": 0.045251,
  "train_loss": 0.04576285928487778,
  "val_loss": 0.04525075480341911,
  "train_mae": 0.045762863010168076,
  "train_afmae": 0.28685644268989563,
  "val_mae": 0.04525075480341911,
  "val_afmae": 0.285444051027298,
  "weights_source": "best_val",
  "freq_drift_hz": 26.082335925898057,
  "sens_drift_percent": 62.16291243641195,
  "linearity_percent": 10.61646895376723,
  "compute_cost": 1710.0,
  "total_params": 2569,
  "lr": 0.01,
  "use_cosine_annealing": true,
  "metric_details": {
    "natural_frequency_drift": {
      "min": 18.29219898927141,
      "max": 62.72128001073969,
      "median": 36.63894408484163,
      "count": 25,
      "unit": "Hz",
      "method": "max(|max-median|, |median-min|) from fn_comped",
      "drift": 26.082335925898057
    },
    "sensitivity_drift": {
      "min": 1.9233974965570653,
      "max": 71.64868196041465,
      "median": 64.08630993296902,
      "count": 25,
      "unit": "%",
      "method": "max(|max-median|, |median-min|) from interpolated sensitivity",
      "drift": 62.16291243641195,
      "frequency_hz": 100.0
    },
    "linearity": {
      "mean": 10.61646895376723,
      "max": 31.161033810255013,
      "min": 0.4343927797621272,
      "count": 14,
      "unit": "%",
      "method": "mean(1 - R^2) across frequency points"
    },
    "natural_frequency_drift_origin": {
      "min": 34.24511188160566,
      "max": 93.39109038646993,
      "median": 58.89345106524416,
      "count": 25,
      "unit": "Hz",
      "method": "max(|max-median|, |median-min|) from fn_origin",
      "drift": 34.49763932122577
    },
    "sensitivity_drift_origin": {
      "min": 60.001934754356135,
      "max": 203.37127543336493,
      "median": 144.5628340451216,
      "count": 25,
      "unit": "%",
      "method": "max(|max-median|, |median-min|) from interpolated origin sensitivity",
      "drift": 84.56089929076546,
      "frequency_hz": 100.0
    },
    "linearity_origin": {
      "mean": 2.5499568401843997,
      "max": 6.418887454843169,
      "min": 0.359242046082775,
      "count": 14,
      "unit": "%",
      "method": "mean(1 - R^2) across frequency points"
    }
  },
  "compute_details": {
    "total_params": 2569,
    "additions": 266,
    "multiplications": 40,
    "maps": 234,
    "total_ops": 540,
    "weighted_total": 1710.0,
    "weighted_additions": 266.0,
    "weighted_multiplications": 40.0,
    "weighted_maps": 1404.0
  },
  "display_metrics": {
    "TRAIN_MAE": 0.045762863010168076,
    "TRAIN_AFMAE": 0.28685644268989563,
    "VAL_MAE": 0.04525075480341911,
    "VAL_AFMAE": 0.285444051027298,
    "Freq Drift (Hz)": 26.082335925898057,
    "Sens Drift (%)": 62.16291243641195,
    "Linearity (%)": 10.61646895376723,
    "Compute Cost": 1710.0,
    "Total Params": 2569,
    "Epochs": 1000,
    "LR": 0.01,
    "Cosine Annealing": true
  }
}