{
  "project_name": "FRIKANh8u6l6_nosym_puremae",
  "generated_at": "2026-04-09T23:48:48.263338+08:00",
  "status": "complete",
  "sources": {
    "training_info": true,
    "compute_analysis": true,
    "model_info": true,
    "linear_response": true
  },
  "missing_sources": [],
  "missing_sections": [],
  "epochs": 1000,
  "min_loss": 0.045328,
  "min_val_loss": 0.045251,
  "train_loss": 0.04576285928487778,
  "val_loss": 0.04525075480341911,
  "train_mae": 0.04576285928487778,
  "train_afmae": 0.04576285928487778,
  "val_mae": 0.04525075480341911,
  "val_afmae": 0.04525075480341911,
  "weights_source": null,
  "freq_drift_hz": 32.0,
  "sens_drift_percent": 41.11862939161911,
  "linearity_percent": 32.7529196976145,
  "compute_cost": 1710.0,
  "total_params": 2569,
  "display_metrics": {
    "TRAIN_MAE": 0.04576285928487778,
    "TRAIN_AFMAE": 0.04576285928487778,
    "VAL_MAE": 0.04525075480341911,
    "VAL_AFMAE": 0.04525075480341911,
    "Freq Drift (Hz)": 32.0,
    "Sens Drift (%)": 41.11862939161911,
    "Linearity (%)": 32.7529196976145,
    "Compute Cost": 1710.0,
    "Total Params": 2569,
    "Epochs": 1000
  }
}