{
    "total_epochs": 1000,
    "min_loss": 0.045328,
    "params@min_loss": {
        "epoch": 31,
        "val_loss": 0.045251,
        "power_log_loss": 0.29624,
        "val_power_log_loss": 0.28544
    },
    "min_val_loss": 0.045251,
    "params@min_val_loss": {
        "epoch": 31,
        "val_loss": 0.045251,
        "power_log_loss": 0.29624,
        "val_power_log_loss": 0.28544
    },
    "min_power_log_loss": 0.25135,
    "params@min_power_log_loss": {
        "epoch": 28,
        "val_loss": 0.053216,
        "power_log_loss": 0.25135,
        "val_power_log_loss": 0.27128
    },
    "min_val_power_log_loss": 0.18867,
    "params@min_val_power_log_loss": {
        "epoch": 29,
        "val_loss": 0.047451,
        "power_log_loss": 0.25565,
        "val_power_log_loss": 0.18867
    },
    "learning_rate_max": 0.02,
    "learning_rate_min": 0.000162,
    "learning_rate_mean": 0.010535457310000001,
    "evaluation_metrics": {
        "train_loss": 0.04576285928487778,
        "val_loss": 0.04525075480341911,
        "train_mae": 0.04576285928487778,
        "train_afmae": 0.04576285928487778,
        "val_mae": 0.04525075480341911,
        "val_afmae": 0.04525075480341911
    }
}