{
  "project_name": "1DCNNc4u8k20l8_e1k_lr18e3_pd8l8_true",
  "generated_at": "2026-04-21T22:40:03.270162+08:00",
  "status": "complete",
  "calculation_standard": "ablation-study-v1",
  "sources": {
    "training_info": true,
    "compute_analysis": true,
    "model_info": true,
    "linear_response": true,
    "linearity_by_frequency": true,
    "config": true,
    "board_inference_config": true,
    "board_inference_qemu": true,
    "board_inference_keil": true
  },
  "missing_sources": [],
  "missing_sections": [],
  "epochs": 1000,
  "min_loss": 0.015658,
  "min_val_loss": 0.015161,
  "train_loss": 0.015192820690572262,
  "val_loss": 0.01516091637313366,
  "train_mae": 0.015192820690572262,
  "train_afmae": 0.106658935546875,
  "val_mae": 0.01516091637313366,
  "val_afmae": 0.10783474147319794,
  "weights_source": "best_val",
  "freq_drift_hz": 7.223334395713376,
  "sens_drift_percent": 32.506948604446855,
  "linearity_percent": 1.70716551517929,
  "compute_cost": 2936.0,
  "total_params": 1317,
  "lr": 0.02,
  "use_cosine_annealing": false,
  "metric_details": {
    "natural_frequency_drift": {
      "min": 26.950750445973522,
      "max": 38.234929716305636,
      "median": 34.1740848416869,
      "count": 25,
      "unit": "Hz",
      "method": "max(|max-median|, |median-min|) from fn_comped",
      "drift": 7.223334395713376
    },
    "sensitivity_drift": {
      "min": 32.33694185909987,
      "max": 68.55359558980423,
      "median": 64.84389046354673,
      "count": 25,
      "unit": "%",
      "method": "max(|max-median|, |median-min|) from interpolated sensitivity",
      "drift": 32.506948604446855,
      "frequency_hz": 100.0
    },
    "linearity": {
      "mean": 1.70716551517929,
      "max": 8.368949428896965,
      "min": 0.31211562543690397,
      "count": 14,
      "unit": "%",
      "method": "mean(1 - R^2) across frequency points"
    },
    "natural_frequency_drift_origin": {
      "min": 34.24511188160566,
      "max": 93.39109038646993,
      "median": 58.89345106524416,
      "count": 25,
      "unit": "Hz",
      "method": "max(|max-median|, |median-min|) from fn_origin",
      "drift": 34.49763932122577
    },
    "sensitivity_drift_origin": {
      "min": 60.001934754356135,
      "max": 203.37127543336493,
      "median": 144.5628340451216,
      "count": 25,
      "unit": "%",
      "method": "max(|max-median|, |median-min|) from interpolated origin sensitivity",
      "drift": 84.56089929076546,
      "frequency_hz": 100.0
    },
    "linearity_origin": {
      "mean": 2.5499568401843997,
      "max": 6.418887454843169,
      "min": 0.359242046082775,
      "count": 14,
      "unit": "%",
      "method": "mean(1 - R^2) across frequency points"
    }
  },
  "compute_details": {
    "total_params": 1317,
    "additions": 1240,
    "multiplications": 1240,
    "maps": 76,
    "total_ops": 2556,
    "weighted_total": 2936.0,
    "weighted_additions": 1240.0,
    "weighted_multiplications": 1240.0,
    "weighted_maps": 456.0
  },
  "compute_cost_status": "complete",
  "compute_has_unsupported_layers": false,
  "compute_unsupported_layer_count": 0,
  "compute_unsupported_layers": [],
  "compute_unsupported_layer_details": [],
  "compute_cost_warning": null,
  "loss_function": "MAE",
  "loss_function_key": "mae",
  "loss_function_source": "config.use_power_loss",
  "board_inference_ep_path": "ex_projects/inference/qemu-c-inference/onedcnn_c4u8k20l8_e1k_lr18e3_pd8l8_true",
  "board_qemu_mae": 1.7508291745180203e-06,
  "board_keil_mae": 1.7508291745180203e-06,
  "board_keil_speed": 0.6971325,
  "board_inference": {
    "configured": true,
    "ep_path": "ex_projects/inference/qemu-c-inference/onedcnn_c4u8k20l8_e1k_lr18e3_pd8l8_true",
    "project_dir": "ex_projects/inference/qemu-c-inference/onedcnn_c4u8k20l8_e1k_lr18e3_pd8l8_true",
    "qemu_summary_path": "ex_projects/inference/qemu-c-inference/onedcnn_c4u8k20l8_e1k_lr18e3_pd8l8_true/data/benchmark_summary.json",
    "keil_summary_path": "ex_projects/inference/qemu-c-inference/onedcnn_c4u8k20l8_e1k_lr18e3_pd8l8_true/data/keil_benchmark_summary.json",
    "qemu_summary_exists": true,
    "keil_summary_exists": true,
    "qemu_mae": 1.7508291745180203e-06,
    "keil_mae": 1.7508291745180203e-06,
    "keil_wall_time_per_iter_ms": 278.853,
    "keil_point_count_per_iter": 400,
    "keil_speed_ms_per_point": 0.6971325,
    "keil_speed_unit": "ms/point",
    "missing_sources": [],
    "missing_sections": []
  },
  "display_metrics": {
    "Loss Function": "MAE",
    "TRAIN_MAE": 0.015192820690572262,
    "TRAIN_AFMAE": 0.106658935546875,
    "VAL_MAE": 0.01516091637313366,
    "VAL_AFMAE": 0.10783474147319794,
    "Freq Drift (Hz)": 7.223334395713376,
    "Sens Drift (%)": 32.506948604446855,
    "Linearity (%)": 1.70716551517929,
    "Compute Cost": 2936.0,
    "Total Params": 1317,
    "Epochs": 1000,
    "LR": 0.02,
    "Cosine Annealing": false,
    "QEMU-MAE": 1.7508291745180203e-06,
    "KEIL-MAE": 1.7508291745180203e-06,
    "KEIL-SPEED": 0.6971325
  }
}