{
  "completed_epoch": 1000,
  "min_loss": 0.01565755344927311,
  "min_val_loss": 0.015160917304456234,
  "current_epoch": 1000,
  "model_name": "1DCNN",
  "training_alive": false,
  "timestamp": "20260413171402.0",
  "best_weights_file": "projects/05_1DCNN/1DCNNc4u8k20l8_e1k_lr18e3_pd8l8_true/data\\1DCNNc4u8k20l8_e1k_lr18e3_pd8l8_true_best_weights.h5",
  "best_val_weights_file": "projects/05_1DCNN/1DCNNc4u8k20l8_e1k_lr18e3_pd8l8_true/data\\1DCNNc4u8k20l8_e1k_lr18e3_pd8l8_true_best_val_weights.h5",
  "loss": 0.025834059342741966,
  "val_loss": 0.03822830319404602,
  "mae": 0.0,
  "afmae": 7.561972141265869,
  "val_mae": 0.0,
  "val_afmae": 7.5623955726623535,
  "val_power_log_loss": 0.0,
  "power_log_loss": 0.0,
  "lr": 0.03999999910593033,
  "elapsed_time": 156.4497835636139,
  "remaining_time": 0.0,
  "expected_finish_time": "2026-04-13 17:13:52",
  "smoothed_speed": 29447.147620291078
}