{
  "completed_epoch": 1000,
  "min_loss": 0.037212759256362915,
  "min_val_loss": 0.038348931819200516,
  "current_epoch": 1000,
  "model_name": "FRIMLP",
  "training_alive": false,
  "timestamp": "20260411123629.0",
  "best_weights_file": "projects/04_FRIMLP/FRIMLPh8u6l6_e1k_lr2e3_mlp24l4_tanh_d00/data\\FRIMLPh8u6l6_e1k_lr2e3_mlp24l4_tanh_d00_best_weights.h5",
  "best_val_weights_file": "projects/04_FRIMLP/FRIMLPh8u6l6_e1k_lr2e3_mlp24l4_tanh_d00/data\\FRIMLPh8u6l6_e1k_lr2e3_mlp24l4_tanh_d00_best_val_weights.h5",
  "loss": 0.037823282182216644,
  "val_loss": 0.03828197717666626,
  "mae": 0.0,
  "afmae": 1.05710768699646,
  "val_mae": 0.0,
  "val_afmae": 1.057826042175293,
  "val_power_log_loss": 0.09850768744945526,
  "power_log_loss": 0.09362027794122696,
  "lr": 0.00039999998989515007,
  "elapsed_time": 129.52476501464844,
  "remaining_time": 0.0,
  "expected_finish_time": "2026-04-11 12:35:52",
  "smoothed_speed": 39440.023778678
}