{
    "total_epochs": 1000,
    "min_loss": 0.037213,
    "params@min_loss": {
        "epoch": 979,
        "val_loss": 0.039013,
        "mae": 0.0,
        "val_mae": 0.0,
        "power_log_loss": 0.085041,
        "val_power_log_loss": 0.10408
    },
    "min_val_loss": 0.038282,
    "params@min_val_loss": {
        "epoch": 1000,
        "val_loss": 0.038282,
        "mae": 0.0,
        "val_mae": 0.0,
        "power_log_loss": 0.09362,
        "val_power_log_loss": 0.098508
    },
    "min_mae": 0.0,
    "params@min_mae": {
        "epoch": 1,
        "val_loss": 0.16658,
        "mae": 0.0,
        "val_mae": 0.0,
        "power_log_loss": 0.84405,
        "val_power_log_loss": 0.57043
    },
    "min_val_mae": 0.0,
    "params@min_val_mae": {
        "epoch": 1,
        "val_loss": 0.16658,
        "mae": 0.0,
        "val_mae": 0.0,
        "power_log_loss": 0.84405,
        "val_power_log_loss": 0.57043
    },
    "min_power_log_loss": 0.085041,
    "params@min_power_log_loss": {
        "epoch": 979,
        "val_loss": 0.039013,
        "mae": 0.0,
        "val_mae": 0.0,
        "power_log_loss": 0.085041,
        "val_power_log_loss": 0.10408
    },
    "min_val_power_log_loss": 0.093145,
    "params@min_val_power_log_loss": {
        "epoch": 976,
        "val_loss": 0.039074,
        "mae": 0.0,
        "val_mae": 0.0,
        "power_log_loss": 0.096852,
        "val_power_log_loss": 0.093145
    },
    "learning_rate_max": 0.0004,
    "learning_rate_min": 0.0004,
    "learning_rate_mean": 0.00040000000000000013,
    "evaluation_metrics": {
        "weights_source": "best_val",
        "train_loss": 0.037228528410196304,
        "val_loss": 0.03828197717666626,
        "train_mae": 0.022331545129418373,
        "train_afmae": 0.09437981992959976,
        "val_mae": 0.022567622363567352,
        "val_afmae": 0.09850768744945526
    }
}