{
  "project_name": "1DCNNc4u8k20l8_e1k_lr2e3_pd8l2_d001_cvtanh_true",
  "generated_at": "2026-04-13T18:33:48.525564+08:00",
  "status": "complete",
  "calculation_standard": "ablation-study-v1",
  "sources": {
    "training_info": true,
    "compute_analysis": true,
    "model_info": true,
    "linear_response": true,
    "linearity_by_frequency": true,
    "config": true
  },
  "missing_sources": [],
  "missing_sections": [],
  "epochs": 1000,
  "min_loss": 0.013253,
  "min_val_loss": 0.012913,
  "train_loss": 0.013063367456197739,
  "val_loss": 0.012913244776427746,
  "train_mae": 0.013063367456197739,
  "train_afmae": 0.1093512699007988,
  "val_mae": 0.012913244776427746,
  "val_afmae": 0.11058153212070465,
  "weights_source": "best_val",
  "freq_drift_hz": 5.082397279036812,
  "sens_drift_percent": 20.62188362874324,
  "linearity_percent": 1.0656116070819612,
  "compute_cost": 1880.0,
  "total_params": 885,
  "lr": 0.002,
  "use_cosine_annealing": false,
  "metric_details": {
    "natural_frequency_drift": {
      "min": 30.00509077154191,
      "max": 37.91374925958166,
      "median": 35.08748805057872,
      "count": 25,
      "unit": "Hz",
      "method": "max(|max-median|, |median-min|) from fn_comped",
      "drift": 5.082397279036812
    },
    "sensitivity_drift": {
      "min": 44.177584276469155,
      "max": 68.6176539055387,
      "median": 64.7994679052124,
      "count": 25,
      "unit": "%",
      "method": "max(|max-median|, |median-min|) from interpolated sensitivity",
      "drift": 20.62188362874324,
      "frequency_hz": 100.0
    },
    "linearity": {
      "mean": 1.0656116070819612,
      "max": 3.0097752383236864,
      "min": 0.13493520460059472,
      "count": 14,
      "unit": "%",
      "method": "mean(1 - R^2) across frequency points"
    },
    "natural_frequency_drift_origin": {
      "min": 34.24511188160566,
      "max": 93.39109038646993,
      "median": 58.89345106524416,
      "count": 25,
      "unit": "Hz",
      "method": "max(|max-median|, |median-min|) from fn_origin",
      "drift": 34.49763932122577
    },
    "sensitivity_drift_origin": {
      "min": 60.001934754356135,
      "max": 203.37127543336493,
      "median": 144.5628340451216,
      "count": 25,
      "unit": "%",
      "method": "max(|max-median|, |median-min|) from interpolated origin sensitivity",
      "drift": 84.56089929076546,
      "frequency_hz": 100.0
    },
    "linearity_origin": {
      "mean": 2.5499568401843997,
      "max": 6.418887454843169,
      "min": 0.359242046082775,
      "count": 14,
      "unit": "%",
      "method": "mean(1 - R^2) across frequency points"
    }
  },
  "compute_details": {
    "total_params": 885,
    "additions": 856,
    "multiplications": 856,
    "maps": 28,
    "total_ops": 1740,
    "weighted_total": 1880.0,
    "weighted_additions": 856.0,
    "weighted_multiplications": 856.0,
    "weighted_maps": 168.0
  },
  "compute_cost_status": "complete",
  "compute_has_unsupported_layers": false,
  "compute_unsupported_layer_count": 0,
  "compute_unsupported_layers": [],
  "compute_unsupported_layer_details": [],
  "compute_cost_warning": null,
  "loss_function": "MAE",
  "loss_function_key": "mae",
  "loss_function_source": "config.use_power_loss",
  "display_metrics": {
    "Loss Function": "MAE",
    "TRAIN_MAE": 0.013063367456197739,
    "TRAIN_AFMAE": 0.1093512699007988,
    "VAL_MAE": 0.012913244776427746,
    "VAL_AFMAE": 0.11058153212070465,
    "Freq Drift (Hz)": 5.082397279036812,
    "Sens Drift (%)": 20.62188362874324,
    "Linearity (%)": 1.0656116070819612,
    "Compute Cost": 1880.0,
    "Total Params": 885,
    "Epochs": 1000,
    "LR": 0.002,
    "Cosine Annealing": false
  }
}