{
  "completed_epoch": 1000,
  "min_loss": 0.013253127224743366,
  "min_val_loss": 0.012919616885483265,
  "current_epoch": 1000,
  "model_name": "1DCNN",
  "training_alive": false,
  "timestamp": "20260413183342.0",
  "best_weights_file": "projects/05_1DCNN/1DCNNc4u8k20l8_e1k_lr2e3_pd8l2_d001_cvtanh_true/data\\1DCNNc4u8k20l8_e1k_lr2e3_pd8l2_d001_cvtanh_true_best_weights.h5",
  "best_val_weights_file": "projects/05_1DCNN/1DCNNc4u8k20l8_e1k_lr2e3_pd8l2_d001_cvtanh_true/data\\1DCNNc4u8k20l8_e1k_lr2e3_pd8l2_d001_cvtanh_true_best_val_weights.h5",
  "loss": 0.013379055075347424,
  "val_loss": 0.01291324570775032,
  "mae": 0.0,
  "afmae": 1.2887159585952759,
  "val_mae": 0.0,
  "val_afmae": 1.288421392440796,
  "val_power_log_loss": 0.0,
  "power_log_loss": 0.0,
  "lr": 0.004000000189989805,
  "elapsed_time": 107.21590566635132,
  "remaining_time": 0.0,
  "expected_finish_time": "2026-04-13 18:33:33",
  "smoothed_speed": 48311.24177167077
}