{
  "overall": {
    "record_count": 1,
    "sample_count": 400,
    "mae": 1.7508291745180203e-06,
    "mse": 6.280907366556832e-12,
    "max_abs_error": 9.552045822147637e-06,
    "c_output_stats": {
      "min": -0.941886,
      "max": 0.33632,
      "mean": -0.2568428975,
      "energy": 30.044813719658997
    },
    "tf_output_stats": {
      "min": -0.9418861269950867,
      "max": 0.3363206386566162,
      "mean": -0.2568420409783721,
      "energy": 30.044651689461766
    },
    "diff_stats": {
      "min": -9.552045822147637e-06,
      "max": 6.851722717304831e-06,
      "mean": -8.565216279015492e-07,
      "energy": 2.5123629466227327e-09
    }
  },
  "per_record": [
    {
      "record_id": "mag0.24_freq10",
      "magnitude": 0.24,
      "frequency": 10.0,
      "mae": 1.7508291745180203e-06,
      "mse": 6.280907366556832e-12,
      "max_abs_error": 9.552045822147637e-06,
      "c_output_stats": {
        "min": -0.941886,
        "max": 0.33632,
        "mean": -0.2568428975,
        "energy": 30.044813719658997
      },
      "tf_output_stats": {
        "min": -0.9418861269950867,
        "max": 0.3363206386566162,
        "mean": -0.2568420409783721,
        "energy": 30.044651689461766
      },
      "diff_stats": {
        "min": -9.552045822147637e-06,
        "max": 6.851722717304831e-06,
        "mean": -8.565216279015492e-07,
        "energy": 2.5123629466227327e-09
      }
    }
  ],
  "wave_paths": {
    "keil_output_wave": "ex_projects/inference/qemu-c-inference/onedcnn_c4u8k20l8_e1k_lr18e3_pd8l8_true/debug_cli/20260421_184245_new/new/data/waves/keil_output.wave"
  }
}