{
  "frequencies": [
    2.0,
    2.519842,
    3.174802,
    4.0,
    5.039684,
    6.349604,
    8.0,
    10.079369,
    12.699208,
    16.0,
    20.158737,
    25.398417,
    32.0,
    40.317474,
    50.796833,
    64.0,
    80.634949,
    101.593666,
    128.0,
    161.269897,
    203.187332,
    256.0,
    322.540009,
    406.369995,
    512.0
  ],
  "error_ratios": [
    {
      "channel": "D1_1",
      "ratios": [
        0.8911421393315753,
        0.895064813360383,
        0.894989322755944,
        0.8739726213158835,
        0.805449367522109,
        0.6576799736848227,
        0.46917174614949475,
        0.31272311964874894,
        0.22768626941175704,
        0.1997064222964448,
        0.20040963563596978,
        0.2121426868278947,
        0.23147014649903627,
        0.2575991652386531,
        0.2905789240019342,
        0.3212054382941095,
        0.3263545933113429,
        0.30046954696017036,
        0.26645249217142514,
        0.23863794772770267,
        0.21892900092832482,
        0.20600424518400465,
        0.19777076229599633,
        0.1928270201128835,
        0.18954492228704578
      ]
    }
  ],
  "statistics": [
    {
      "channel": "D1_1",
      "mean_error_ratio": 0.3951192929181463,
      "std_error_ratio": 0.25830983381399936,
      "min_error_ratio": 0.18954492228704578,
      "max_error_ratio": 0.895064813360383,
      "median_error_ratio": 0.26645249217142514,
      "within_10_percent": 0.0,
      "within_20_percent": 20.0
    }
  ]
}