{
  "completed_epoch": 1000,
  "min_loss": 0.023218978196382523,
  "min_val_loss": 0.02433142252266407,
  "current_epoch": 1000,
  "model_name": "FRIKAN",
  "training_alive": false,
  "timestamp": "20260409203255.8",
  "best_weights_file": "projects/FRIKANh6u6l6_e1k_3/data\\FRIKANh6u6l6_e1k_3_best_weights.h5",
  "best_val_weights_file": "projects/FRIKANh6u6l6_e1k_3/data\\FRIKANh6u6l6_e1k_3_best_val_weights.h5",
  "loss": 0.023218978196382523,
  "val_loss": 0.02433142252266407,
  "val_power_log_loss": 0.0486019104719162,
  "power_log_loss": 0.04760974273085594,
  "lr": 0.00019999999494757503,
  "elapsed_time": 887.5389840602875,
  "remaining_time": 0.8892582246963932,
  "expected_finish_time": "2026-04-03 11:37:03",
  "smoothed_speed": 4048.3179126390396,
  "mae": 0.019570142030715942,
  "afmae": 0.04145106300711632,
  "val_mae": 0.01997952349483967,
  "val_afmae": 0.046338558197021484
}