{
  "completed_epoch": 30000,
  "min_loss": 0.0031505923252552748,
  "min_val_loss": 0.0033418964594602585,
  "current_epoch": 0,
  "model_name": "WaveNet5",
  "training_alive": false,
  "timestamp": "20250705230722.0",
  "best_weights_file": "projects/WNET5_RealAlias_E04/data\\WNET5_RealAlias_E04_best_weights.h5",
  "best_val_weights_file": "projects/WNET5_RealAlias_E04/data\\WNET5_RealAlias_E04_best_val_weights.h5",
  "loss": 0.003150674281641841,
  "val_loss": 0.0033645229414105415,
  "val_power_log_loss": 0.005138894077390432,
  "power_log_loss": 0.0042578247375786304,
  "lr": 8.478225936414674e-06,
  "elapsed_time": 6409.485939979553,
  "remaining_time": 0.1636541609281167,
  "expected_finish_time": "2025-07-05 23:07:22",
  "smoothed_speed": 21997.607513207444
}