{
    "total_epochs": 30000,
    "min_loss": 0.0031506,
    "params@min_loss": {
        "epoch": 29966,
        "val_loss": 0.0033646,
        "power_log_loss": 0.0042577,
        "val_power_log_loss": 0.0051393
    },
    "min_val_loss": 0.0033419,
    "params@min_val_loss": {
        "epoch": 28280,
        "val_loss": 0.0033419,
        "power_log_loss": 0.0045922,
        "val_power_log_loss": 0.005082
    },
    "min_power_log_loss": 0.0042573,
    "params@min_power_log_loss": {
        "epoch": 29990,
        "val_loss": 0.0033648,
        "power_log_loss": 0.0042573,
        "val_power_log_loss": 0.0051398
    },
    "min_val_power_log_loss": 0.0050327,
    "params@min_val_power_log_loss": {
        "epoch": 29097,
        "val_loss": 0.0033463,
        "power_log_loss": 0.0046202,
        "val_power_log_loss": 0.0050327
    },
    "learning_rate_max": 0.02,
    "learning_rate_min": 8.4782e-06,
    "learning_rate_mean": 0.0035399541795733333
}