{
  "project_name": "1DCNNc4u8k20l8_e1k_lr18e4_pd8l2_d0012_cvtanh_true",
  "generated_at": "2026-04-13T18:59:49.616555+08:00",
  "status": "complete",
  "calculation_standard": "ablation-study-v1",
  "sources": {
    "training_info": true,
    "compute_analysis": true,
    "model_info": true,
    "linear_response": true,
    "linearity_by_frequency": true,
    "config": true
  },
  "missing_sources": [],
  "missing_sections": [],
  "epochs": 1000,
  "min_loss": 0.013063,
  "min_val_loss": 0.012534,
  "train_loss": 0.012677025981247425,
  "val_loss": 0.012533970177173615,
  "train_mae": 0.012677025981247425,
  "train_afmae": 0.07693475484848022,
  "val_mae": 0.012533970177173615,
  "val_afmae": 0.07974476367235184,
  "weights_source": "best_val",
  "freq_drift_hz": 3.5649814080467905,
  "sens_drift_percent": 12.591210590920042,
  "linearity_percent": 0.849749858083281,
  "compute_cost": 1880.0,
  "total_params": 885,
  "lr": 0.0018,
  "use_cosine_annealing": false,
  "metric_details": {
    "natural_frequency_drift": {
      "min": 31.906138823993025,
      "max": 38.16130083608844,
      "median": 34.596319428041646,
      "count": 25,
      "unit": "Hz",
      "method": "max(|max-median|, |median-min|) from fn_comped",
      "drift": 3.5649814080467905
    },
    "sensitivity_drift": {
      "min": 52.388676484980834,
      "max": 71.21874650826915,
      "median": 64.97988707590088,
      "count": 25,
      "unit": "%",
      "method": "max(|max-median|, |median-min|) from interpolated sensitivity",
      "drift": 12.591210590920042,
      "frequency_hz": 100.0
    },
    "linearity": {
      "mean": 0.849749858083281,
      "max": 2.970450294625515,
      "min": 0.14222599207555087,
      "count": 14,
      "unit": "%",
      "method": "mean(1 - R^2) across frequency points"
    },
    "natural_frequency_drift_origin": {
      "min": 34.24511188160566,
      "max": 93.39109038646993,
      "median": 58.89345106524416,
      "count": 25,
      "unit": "Hz",
      "method": "max(|max-median|, |median-min|) from fn_origin",
      "drift": 34.49763932122577
    },
    "sensitivity_drift_origin": {
      "min": 60.001934754356135,
      "max": 203.37127543336493,
      "median": 144.5628340451216,
      "count": 25,
      "unit": "%",
      "method": "max(|max-median|, |median-min|) from interpolated origin sensitivity",
      "drift": 84.56089929076546,
      "frequency_hz": 100.0
    },
    "linearity_origin": {
      "mean": 2.5499568401843997,
      "max": 6.418887454843169,
      "min": 0.359242046082775,
      "count": 14,
      "unit": "%",
      "method": "mean(1 - R^2) across frequency points"
    }
  },
  "compute_details": {
    "total_params": 885,
    "additions": 856,
    "multiplications": 856,
    "maps": 28,
    "total_ops": 1740,
    "weighted_total": 1880.0,
    "weighted_additions": 856.0,
    "weighted_multiplications": 856.0,
    "weighted_maps": 168.0
  },
  "compute_cost_status": "complete",
  "compute_has_unsupported_layers": false,
  "compute_unsupported_layer_count": 0,
  "compute_unsupported_layers": [],
  "compute_unsupported_layer_details": [],
  "compute_cost_warning": null,
  "loss_function": "MAE",
  "loss_function_key": "mae",
  "loss_function_source": "config.use_power_loss",
  "display_metrics": {
    "Loss Function": "MAE",
    "TRAIN_MAE": 0.012677025981247425,
    "TRAIN_AFMAE": 0.07693475484848022,
    "VAL_MAE": 0.012533970177173615,
    "VAL_AFMAE": 0.07974476367235184,
    "Freq Drift (Hz)": 3.5649814080467905,
    "Sens Drift (%)": 12.591210590920042,
    "Linearity (%)": 0.849749858083281,
    "Compute Cost": 1880.0,
    "Total Params": 885,
    "Epochs": 1000,
    "LR": 0.0018,
    "Cosine Annealing": false
  }
}