{
  "completed_epoch": 1000,
  "min_loss": 0.013062721118330956,
  "min_val_loss": 0.012533970177173615,
  "current_epoch": 1000,
  "model_name": "1DCNN",
  "training_alive": false,
  "timestamp": "20260413185942.5",
  "best_weights_file": "projects/05_1DCNN/1DCNNc4u8k20l8_e1k_lr18e4_pd8l2_d0012_cvtanh_true/data\\1DCNNc4u8k20l8_e1k_lr18e4_pd8l2_d0012_cvtanh_true_best_weights.h5",
  "best_val_weights_file": "projects/05_1DCNN/1DCNNc4u8k20l8_e1k_lr18e4_pd8l2_d0012_cvtanh_true/data\\1DCNNc4u8k20l8_e1k_lr18e4_pd8l2_d0012_cvtanh_true_best_val_weights.h5",
  "loss": 0.013371658511459827,
  "val_loss": 0.012745617888867855,
  "mae": 0.0,
  "afmae": 0.8037725687026978,
  "val_mae": 0.0,
  "val_afmae": 0.8037229776382446,
  "val_power_log_loss": 0.0,
  "power_log_loss": 0.0,
  "lr": 0.003599999938160181,
  "elapsed_time": 111.8272705078125,
  "remaining_time": 0.0,
  "expected_finish_time": "2026-04-13 18:59:32",
  "smoothed_speed": 46699.47720751538
}