{
  "completed_epoch": 30000,
  "min_loss": 0.012284040451049805,
  "min_val_loss": 0.013742877170443535,
  "current_epoch": 0,
  "model_name": "WaveNet5",
  "training_alive": false,
  "timestamp": "20250707201515.9",
  "best_weights_file": "projects/WNET5q0.5h6u6l8/data\\WNET5q0.5h6u6l8_best_weights.h5",
  "best_val_weights_file": "projects/WNET5q0.5h6u6l8/data\\WNET5q0.5h6u6l8_best_val_weights.h5",
  "loss": 0.012284040451049805,
  "val_loss": 0.013742877170443535,
  "val_power_log_loss": 0.026804441586136818,
  "power_log_loss": 0.019644107669591904,
  "lr": 8.478225936414674e-06,
  "elapsed_time": 6486.6470675468445,
  "remaining_time": 0.144958240064401,
  "expected_finish_time": "2025-04-15 20:51:11",
  "smoothed_speed": 24834.7386005833
}