{
    "completed_epoch": 1,
    "min_loss": 1.6185369491577148,
    "min_val_loss": 1.6725218296051025,
    "current_epoch": 1,
    "model_name": "FRIKAN",
    "training_alive": false,
    "timestamp": "20260420160744.2",
    "best_weights_file": "projects/08_IIR_AB/FRIKANh8u6l6_e1k_lr2e4_sysiir_trainable_trueiir_mb48/data\\FRIKANh8u6l6_e1k_lr2e4_sysiir_trainable_trueiir_mb48_best_weights.h5",
    "best_val_weights_file": "projects/08_IIR_AB/FRIKANh8u6l6_e1k_lr2e4_sysiir_trainable_trueiir_mb48/data\\FRIKANh8u6l6_e1k_lr2e4_sysiir_trainable_trueiir_mb48_best_val_weights.h5",
    "loss": 1.6155238151550293,
    "val_loss": 1.6300628185272217,
    "mae": 0.0,
    "afmae": 1.8846299648284912,
    "val_mae": 0.0,
    "val_afmae": 1.872483491897583,
    "val_power_log_loss": 1.8434171676635742,
    "power_log_loss": 1.8653335571289062,
    "lr": 3.9999998989515007e-05,
    "elapsed_time": 34.308473348617554,
    "remaining_time": 34227.218136548996,
    "expected_finish_time": "2026-04-21 01:38:11",
    "smoothed_speed": 105.07427117366693
}
