{
    "total_epochs": 1000,
    "min_loss": 0.034352,
    "params@min_loss": {
        "epoch": 999,
        "val_loss": 0.034319,
        "mae": 0.0,
        "val_mae": 0.0,
        "power_log_loss": 0.08173,
        "val_power_log_loss": 0.088007
    },
    "min_val_loss": 0.034319,
    "params@min_val_loss": {
        "epoch": 999,
        "val_loss": 0.034319,
        "mae": 0.0,
        "val_mae": 0.0,
        "power_log_loss": 0.08173,
        "val_power_log_loss": 0.088007
    },
    "min_mae": 0.0,
    "params@min_mae": {
        "epoch": 1,
        "val_loss": 0.11961,
        "mae": 0.0,
        "val_mae": 0.0,
        "power_log_loss": 0.67731,
        "val_power_log_loss": 0.38431
    },
    "min_val_mae": 0.0,
    "params@min_val_mae": {
        "epoch": 1,
        "val_loss": 0.11961,
        "mae": 0.0,
        "val_mae": 0.0,
        "power_log_loss": 0.67731,
        "val_power_log_loss": 0.38431
    },
    "min_power_log_loss": 0.08173,
    "params@min_power_log_loss": {
        "epoch": 999,
        "val_loss": 0.034319,
        "mae": 0.0,
        "val_mae": 0.0,
        "power_log_loss": 0.08173,
        "val_power_log_loss": 0.088007
    },
    "min_val_power_log_loss": 0.083211,
    "params@min_val_power_log_loss": {
        "epoch": 998,
        "val_loss": 0.035081,
        "mae": 0.0,
        "val_mae": 0.0,
        "power_log_loss": 0.088085,
        "val_power_log_loss": 0.083211
    },
    "learning_rate_max": 0.0004,
    "learning_rate_min": 0.0004,
    "learning_rate_mean": 0.00040000000000000013,
    "evaluation_metrics": {
        "weights_source": "best_val",
        "train_loss": 0.034005217254161835,
        "val_loss": 0.034318529069423676,
        "train_mae": 0.021250244230031967,
        "train_afmae": 0.08716912567615509,
        "val_mae": 0.02137034572660923,
        "val_afmae": 0.0880071297287941
    }
}