{
  "completed_epoch": 1000,
  "min_loss": 0.034351758658885956,
  "min_val_loss": 0.034318529069423676,
  "current_epoch": 1000,
  "model_name": "FRIMLP",
  "training_alive": false,
  "timestamp": "20260411141915.6",
  "best_weights_file": "projects/04_FRIMLP/FRIMLPh8u6l6_e1k_lr2e3_mlp17l6_tanh_d00/data\\FRIMLPh8u6l6_e1k_lr2e3_mlp17l6_tanh_d00_best_weights.h5",
  "best_val_weights_file": "projects/04_FRIMLP/FRIMLPh8u6l6_e1k_lr2e3_mlp17l6_tanh_d00/data\\FRIMLPh8u6l6_e1k_lr2e3_mlp17l6_tanh_d00_best_val_weights.h5",
  "loss": 0.03438986465334892,
  "val_loss": 0.03451909124851227,
  "mae": 0.0,
  "afmae": 1.070611596107483,
  "val_mae": 0.0,
  "val_afmae": 1.070202112197876,
  "val_power_log_loss": 0.08486047387123108,
  "power_log_loss": 0.08819903433322906,
  "lr": 0.00039999998989515007,
  "elapsed_time": 145.55353331565857,
  "remaining_time": 0.0,
  "expected_finish_time": "2026-04-11 14:18:37",
  "smoothed_speed": 33969.2310392322
}