{
  "completed_epoch": 50,
  "min_loss": 0.34871676564216614,
  "min_val_loss": 0.35178378224372864,
  "current_epoch": 50,
  "model_name": "FRIKAN",
  "training_alive": false,
  "timestamp": "20260418232227.5",
  "best_weights_file": "projects/01_LR_STUDY/FRIKANh8u6l6_e1k_lr5e4_nopositive/data\\FRIKANh8u6l6_e1k_lr5e4_nopositive_best_weights.h5",
  "best_val_weights_file": "projects/01_LR_STUDY/FRIKANh8u6l6_e1k_lr5e4_nopositive/data\\FRIKANh8u6l6_e1k_lr5e4_nopositive_best_val_weights.h5",
  "loss": 0.3523808419704437,
  "val_loss": 0.3513074517250061,
  "mae": 0.0,
  "afmae": 1.1132216453552246,
  "val_mae": 0.0,
  "val_afmae": 1.1215124130249023,
  "val_power_log_loss": 0.9339987635612488,
  "power_log_loss": 0.9267385601997375,
  "lr": 9.999999747378752e-05,
  "elapsed_time": 111.33849954605103,
  "remaining_time": 2009.729801653725,
  "expected_finish_time": "2026-04-18 23:55:56",
  "smoothed_speed": 1701.7212946664877
}