{
  "completed_epoch": 9,
  "min_loss": 1.245398998260498,
  "min_val_loss": 1.2560561895370483,
  "current_epoch": 9,
  "model_name": "FRIKAN",
  "training_alive": true,
  "timestamp": "20260420154008.6",
  "best_weights_file": "projects/99_SPEED_PROBE/FRIKANh8u6l6_e1k_lr7e4_probe_20260420_153829/data\\FRIKANh8u6l6_e1k_lr7e4_probe_20260420_153829_best_weights.h5",
  "best_val_weights_file": "projects/99_SPEED_PROBE/FRIKANh8u6l6_e1k_lr7e4_probe_20260420_153829/data\\FRIKANh8u6l6_e1k_lr7e4_probe_20260420_153829_best_val_weights.h5",
  "loss": 1.2029407024383545,
  "val_loss": 1.2147215604782104,
  "mae": 0.0,
  "afmae": 2.186159610748291,
  "val_mae": 0.0,
  "val_afmae": 2.178980827331543,
  "val_power_log_loss": 1.683509111404419,
  "power_log_loss": 1.7096437215805054,
  "lr": 0.00014000000373926014,
  "elapsed_time": 29.48086905479431,
  "remaining_time": 3729.5168552877426,
  "expected_finish_time": "2026-04-20 16:42:18",
  "smoothed_speed": 956.5850319034823
}