{
  "completed_epoch": 1000,
  "min_loss": 0.028035322204232216,
  "min_val_loss": 0.028692392632365227,
  "current_epoch": 1000,
  "model_name": "FRIKAN",
  "training_alive": false,
  "timestamp": "20260424115729.1",
  "best_weights_file": "projects/09_HPARAM_SENSITIVITY/FRIKANh8u6l6g6s2_e1k_lr7e4_axisG/data\\FRIKANh8u6l6g6s2_e1k_lr7e4_axisG_best_weights.h5",
  "best_val_weights_file": "projects/09_HPARAM_SENSITIVITY/FRIKANh8u6l6g6s2_e1k_lr7e4_axisG/data\\FRIKANh8u6l6g6s2_e1k_lr7e4_axisG_best_val_weights.h5",
  "loss": 0.03075636737048626,
  "val_loss": 0.030541589483618736,
  "mae": 0.0,
  "afmae": 1.7137986421585083,
  "val_mae": 0.0,
  "val_afmae": 1.697378396987915,
  "val_power_log_loss": 0.0649528056383133,
  "power_log_loss": 0.06252923607826233,
  "lr": 0.00014000000373926014,
  "elapsed_time": 1843.457658290863,
  "remaining_time": 0.0,
  "expected_finish_time": "2026-04-24 11:57:29",
  "smoothed_speed": 2024.8704272518366
}