{
  "completed_epoch": 1000,
  "min_loss": 1.1462547779083252,
  "min_val_loss": 1.1795982122421265,
  "current_epoch": 1000,
  "model_name": "FRIKAN",
  "training_alive": false,
  "timestamp": "20260428024056.5",
  "best_weights_file": "projects/01_LR_STUDY/FRIKANh8u6l6_e1k_lr7e6_r24/data\\FRIKANh8u6l6_e1k_lr7e6_r24_best_weights.h5",
  "best_val_weights_file": "projects/01_LR_STUDY/FRIKANh8u6l6_e1k_lr7e6_r24/data\\FRIKANh8u6l6_e1k_lr7e6_r24_best_val_weights.h5",
  "loss": 1.145835518836975,
  "val_loss": 1.179159164428711,
  "mae": 0.0,
  "afmae": 2.04203200340271,
  "val_mae": 0.0,
  "val_afmae": 2.0345306396484375,
  "val_power_log_loss": 1.614424705505371,
  "power_log_loss": 1.6267807483673096,
  "lr": 1.3999999737279722e-06,
  "elapsed_time": 2773.3039405345917,
  "remaining_time": 0.0,
  "expected_finish_time": "2026-04-28 02:40:56",
  "smoothed_speed": 1541.0490744057856
}