{
  "completed_epoch": 1000,
  "min_loss": 0.030709026381373405,
  "min_val_loss": 0.030214933678507805,
  "current_epoch": 1000,
  "model_name": "FRIMLP",
  "training_alive": false,
  "timestamp": "20260411152434.6",
  "best_weights_file": "projects/04_FRIMLP/FRIMLPh8u6l6_e1k_lr2e3_mlp18l9_tanh_d00/data\\FRIMLPh8u6l6_e1k_lr2e3_mlp18l9_tanh_d00_best_weights.h5",
  "best_val_weights_file": "projects/04_FRIMLP/FRIMLPh8u6l6_e1k_lr2e3_mlp18l9_tanh_d00/data\\FRIMLPh8u6l6_e1k_lr2e3_mlp18l9_tanh_d00_best_val_weights.h5",
  "loss": 0.03193219378590584,
  "val_loss": 0.03491799905896187,
  "mae": 0.0,
  "afmae": 0.6904205083847046,
  "val_mae": 0.0,
  "val_afmae": 0.6908993721008301,
  "val_power_log_loss": 0.07710221409797668,
  "power_log_loss": 0.07459709793329239,
  "lr": 0.00039999998989515007,
  "elapsed_time": 174.96076679229736,
  "remaining_time": 0.0,
  "expected_finish_time": "2026-04-11 15:23:43",
  "smoothed_speed": 28462.956883190793
}