{
  "completed_epoch": 1000,
  "min_loss": 0.04127573221921921,
  "min_val_loss": 0.0441838838160038,
  "current_epoch": 1000,
  "model_name": "FRIKAN",
  "training_alive": false,
  "timestamp": "20260424153812.4",
  "best_weights_file": "projects/09_HPARAM_SENSITIVITY/FRIKANh8u6l6g8s1_e1k_lr7e4_axisS/data\\FRIKANh8u6l6g8s1_e1k_lr7e4_axisS_best_weights.h5",
  "best_val_weights_file": "projects/09_HPARAM_SENSITIVITY/FRIKANh8u6l6g8s1_e1k_lr7e4_axisS/data\\FRIKANh8u6l6g8s1_e1k_lr7e4_axisS_best_val_weights.h5",
  "loss": 0.04234238341450691,
  "val_loss": 0.048592377454042435,
  "mae": 0.0,
  "afmae": 1.9838491678237915,
  "val_mae": 0.0,
  "val_afmae": 1.9736297130584717,
  "val_power_log_loss": 0.0711902529001236,
  "power_log_loss": 0.04638805240392685,
  "lr": 0.00014000000373926014,
  "elapsed_time": 1351.354278087616,
  "remaining_time": 0.0,
  "expected_finish_time": "2026-04-24 15:38:12",
  "smoothed_speed": 2740.148061475312
}