{
    "completed_epoch": 1,
    "min_loss": 1.4773567914962769,
    "min_val_loss": 1.5238604545593262,
    "current_epoch": 1,
    "model_name": "FRIKAN",
    "training_alive": false,
    "timestamp": "20260420162354.6",
    "best_weights_file": "projects/08_IIR_AB/FRIKANh8u6l6_e1k_lr2e4_sysiir_trainable_trueiir_mb56/data\\FRIKANh8u6l6_e1k_lr2e4_sysiir_trainable_trueiir_mb56_best_weights.h5",
    "best_val_weights_file": "projects/08_IIR_AB/FRIKANh8u6l6_e1k_lr2e4_sysiir_trainable_trueiir_mb56/data\\FRIKANh8u6l6_e1k_lr2e4_sysiir_trainable_trueiir_mb56_best_val_weights.h5",
    "loss": 1.4973077774047852,
    "val_loss": 1.5181293487548828,
    "mae": 0.0,
    "afmae": 1.8470497131347656,
    "val_mae": 0.0,
    "val_afmae": 1.8348798751831055,
    "val_power_log_loss": 1.8088839054107666,
    "power_log_loss": 1.8259490728378296,
    "lr": 3.9999998989515007e-05,
    "elapsed_time": 33.26421928405762,
    "remaining_time": 33184.56781125069,
    "expected_finish_time": "2026-04-21 01:36:59",
    "smoothed_speed": 108.37567692476318
}
