{
  "project_name": "FRIKANh8u6l6_e1k_lr6e4",
  "generated_at": "2026-04-09T23:48:48.514195+08:00",
  "status": "complete",
  "sources": {
    "training_info": true,
    "compute_analysis": true,
    "model_info": true,
    "linear_response": true
  },
  "missing_sources": [],
  "missing_sections": [],
  "epochs": 1000,
  "min_loss": 0.025066,
  "min_val_loss": 0.026278,
  "train_loss": 0.02471190132200718,
  "val_loss": 0.02627774327993393,
  "train_mae": 0.02383819967508316,
  "train_afmae": 0.03858145698904991,
  "val_mae": 0.024394672363996506,
  "val_afmae": 0.04557197540998459,
  "weights_source": null,
  "freq_drift_hz": 32.0,
  "sens_drift_percent": 28.92759666410292,
  "linearity_percent": 29.938493709375724,
  "compute_cost": 1710.0,
  "total_params": 2569,
  "display_metrics": {
    "TRAIN_MAE": 0.02383819967508316,
    "TRAIN_AFMAE": 0.03858145698904991,
    "VAL_MAE": 0.024394672363996506,
    "VAL_AFMAE": 0.04557197540998459,
    "Freq Drift (Hz)": 32.0,
    "Sens Drift (%)": 28.92759666410292,
    "Linearity (%)": 29.938493709375724,
    "Compute Cost": 1710.0,
    "Total Params": 2569,
    "Epochs": 1000
  }
}