{
    "total_epochs": 1000,
    "min_loss": 0.025066,
    "params@min_loss": {
        "epoch": 994,
        "val_loss": 0.026451,
        "mae": 0.0,
        "val_mae": 0.0,
        "power_log_loss": 0.039614,
        "val_power_log_loss": 0.045717
    },
    "min_val_loss": 0.026278,
    "params@min_val_loss": {
        "epoch": 999,
        "val_loss": 0.026278,
        "mae": 0.0,
        "val_mae": 0.0,
        "power_log_loss": 0.04208,
        "val_power_log_loss": 0.045572
    },
    "min_mae": 0.0,
    "params@min_mae": {
        "epoch": 1,
        "val_loss": 2.5111,
        "mae": 0.0,
        "val_mae": 0.0,
        "power_log_loss": 2.3553,
        "val_power_log_loss": 2.323
    },
    "min_val_mae": 0.0,
    "params@min_val_mae": {
        "epoch": 1,
        "val_loss": 2.5111,
        "mae": 0.0,
        "val_mae": 0.0,
        "power_log_loss": 2.3553,
        "val_power_log_loss": 2.323
    },
    "min_power_log_loss": 0.039614,
    "params@min_power_log_loss": {
        "epoch": 994,
        "val_loss": 0.026451,
        "mae": 0.0,
        "val_mae": 0.0,
        "power_log_loss": 0.039614,
        "val_power_log_loss": 0.045717
    },
    "min_val_power_log_loss": 0.045572,
    "params@min_val_power_log_loss": {
        "epoch": 999,
        "val_loss": 0.026278,
        "mae": 0.0,
        "val_mae": 0.0,
        "power_log_loss": 0.04208,
        "val_power_log_loss": 0.045572
    },
    "learning_rate_max": 0.00012,
    "learning_rate_min": 0.00012,
    "learning_rate_mean": 0.00012000000000000004,
    "evaluation_metrics": {
        "train_loss": 0.02471190132200718,
        "val_loss": 0.02627774327993393,
        "train_mae": 0.02383819967508316,
        "train_afmae": 0.03858145698904991,
        "val_mae": 0.024394672363996506,
        "val_afmae": 0.04557197540998459
    }
}