{
  "completed_epoch": 1000,
  "min_loss": 0.025065787136554718,
  "min_val_loss": 0.02627774327993393,
  "current_epoch": 1000,
  "model_name": "FRIKAN",
  "training_alive": false,
  "timestamp": "20260403191046.6",
  "best_weights_file": "projects/01_EPOCH1000/FRIKANh8u6l6_e1k_lr6e4/data\\FRIKANh8u6l6_e1k_lr6e4_best_weights.h5",
  "best_val_weights_file": "projects/01_EPOCH1000/FRIKANh8u6l6_e1k_lr6e4/data\\FRIKANh8u6l6_e1k_lr6e4_best_val_weights.h5",
  "loss": 0.02525380067527294,
  "val_loss": 0.027572786435484886,
  "mae": 0.0,
  "afmae": 2.3719160556793213,
  "val_mae": 0.0,
  "val_afmae": 2.3645620346069336,
  "val_power_log_loss": 0.05200088024139404,
  "power_log_loss": 0.0405639186501503,
  "lr": 0.00011999999696854502,
  "elapsed_time": 2093.9598231315613,
  "remaining_time": 2.036617214509023,
  "expected_finish_time": "2026-04-03 18:02:14",
  "smoothed_speed": 1767.637027887869
}