{
  "completed_epoch": 8055,
  "min_loss": 0.0012127058580517769,
  "min_val_loss": 0.0012004133313894272,
  "current_epoch": 0,
  "model_name": "WaveNet5",
  "training_alive": true,
  "timestamp": "20251215213830.9",
  "best_weights_file": "projects/WNET5q1h2u6l3_PS-5_360/data\\WNET5q1h2u6l3_PS-5_360_best_weights.h5",
  "best_val_weights_file": "projects/WNET5q1h2u6l3_PS-5_360/data\\WNET5q1h2u6l3_PS-5_360_best_val_weights.h5",
  "loss": 0.001499660313129425,
  "val_loss": 0.0017941058613359928,
  "val_power_log_loss": 0.004388232249766588,
  "power_log_loss": 0.003025962971150875,
  "lr": 0.004773879889398813,
  "elapsed_time": 2216.038523197174,
  "remaining_time": 4525.862724260845,
  "expected_finish_time": "2025-12-15 22:53:56",
  "smoothed_speed": 17456.472901065074
