{
  "project_name": "1DCNNc4u8k20l8_e1k_lr18e4_pd8l2_d00108_cvtanh_true",
  "generated_at": "2026-04-13T19:11:53.542312+08:00",
  "status": "complete",
  "calculation_standard": "ablation-study-v1",
  "sources": {
    "training_info": true,
    "compute_analysis": true,
    "model_info": true,
    "linear_response": true,
    "linearity_by_frequency": true,
    "config": true
  },
  "missing_sources": [],
  "missing_sections": [],
  "epochs": 1000,
  "min_loss": 0.013606,
  "min_val_loss": 0.011556,
  "train_loss": 0.01152857393026352,
  "val_loss": 0.011555550619959831,
  "train_mae": 0.01152857393026352,
  "train_afmae": 0.11758020520210266,
  "val_mae": 0.011555550619959831,
  "val_afmae": 0.12000701576471329,
  "weights_source": "best_val",
  "freq_drift_hz": 6.663758616522706,
  "sens_drift_percent": 32.11978642067839,
  "linearity_percent": 1.3152218588083409,
  "compute_cost": 1880.0,
  "total_params": 885,
  "lr": 0.0018,
  "use_cosine_annealing": false,
  "metric_details": {
    "natural_frequency_drift": {
      "min": 28.077159150797783,
      "max": 38.111685541361545,
      "median": 34.74091776732049,
      "count": 25,
      "unit": "Hz",
      "method": "max(|max-median|, |median-min|) from fn_comped",
      "drift": 6.663758616522706
    },
    "sensitivity_drift": {
      "min": 33.948703164258056,
      "max": 70.00667183769345,
      "median": 66.06848958493644,
      "count": 25,
      "unit": "%",
      "method": "max(|max-median|, |median-min|) from interpolated sensitivity",
      "drift": 32.11978642067839,
      "frequency_hz": 100.0
    },
    "linearity": {
      "mean": 1.3152218588083409,
      "max": 4.8804844967026195,
      "min": 0.32304145469090884,
      "count": 14,
      "unit": "%",
      "method": "mean(1 - R^2) across frequency points"
    },
    "natural_frequency_drift_origin": {
      "min": 34.24511188160566,
      "max": 93.39109038646993,
      "median": 58.89345106524416,
      "count": 25,
      "unit": "Hz",
      "method": "max(|max-median|, |median-min|) from fn_origin",
      "drift": 34.49763932122577
    },
    "sensitivity_drift_origin": {
      "min": 60.001934754356135,
      "max": 203.37127543336493,
      "median": 144.5628340451216,
      "count": 25,
      "unit": "%",
      "method": "max(|max-median|, |median-min|) from interpolated origin sensitivity",
      "drift": 84.56089929076546,
      "frequency_hz": 100.0
    },
    "linearity_origin": {
      "mean": 2.5499568401843997,
      "max": 6.418887454843169,
      "min": 0.359242046082775,
      "count": 14,
      "unit": "%",
      "method": "mean(1 - R^2) across frequency points"
    }
  },
  "compute_details": {
    "total_params": 885,
    "additions": 856,
    "multiplications": 856,
    "maps": 28,
    "total_ops": 1740,
    "weighted_total": 1880.0,
    "weighted_additions": 856.0,
    "weighted_multiplications": 856.0,
    "weighted_maps": 168.0
  },
  "compute_cost_status": "complete",
  "compute_has_unsupported_layers": false,
  "compute_unsupported_layer_count": 0,
  "compute_unsupported_layers": [],
  "compute_unsupported_layer_details": [],
  "compute_cost_warning": null,
  "loss_function": "MAE",
  "loss_function_key": "mae",
  "loss_function_source": "config.use_power_loss",
  "display_metrics": {
    "Loss Function": "MAE",
    "TRAIN_MAE": 0.01152857393026352,
    "TRAIN_AFMAE": 0.11758020520210266,
    "VAL_MAE": 0.011555550619959831,
    "VAL_AFMAE": 0.12000701576471329,
    "Freq Drift (Hz)": 6.663758616522706,
    "Sens Drift (%)": 32.11978642067839,
    "Linearity (%)": 1.3152218588083409,
    "Compute Cost": 1880.0,
    "Total Params": 885,
    "Epochs": 1000,
    "LR": 0.0018,
    "Cosine Annealing": false
  }
}