{
  "completed_epoch": 1000,
  "min_loss": 0.01360573060810566,
  "min_val_loss": 0.011555550619959831,
  "current_epoch": 1000,
  "model_name": "1DCNN",
  "training_alive": false,
  "timestamp": "20260413191146.2",
  "best_weights_file": "projects/05_1DCNN/1DCNNc4u8k20l8_e1k_lr18e4_pd8l2_d00108_cvtanh_true/data\\1DCNNc4u8k20l8_e1k_lr18e4_pd8l2_d00108_cvtanh_true_best_weights.h5",
  "best_val_weights_file": "projects/05_1DCNN/1DCNNc4u8k20l8_e1k_lr18e4_pd8l2_d00108_cvtanh_true/data\\1DCNNc4u8k20l8_e1k_lr18e4_pd8l2_d00108_cvtanh_true_best_val_weights.h5",
  "loss": 0.013803846202790737,
  "val_loss": 0.012243303470313549,
  "mae": 0.0,
  "afmae": 0.6702600717544556,
  "val_mae": 0.0,
  "val_afmae": 0.6699535846710205,
  "val_power_log_loss": 0.0,
  "power_log_loss": 0.0,
  "lr": 0.003599999938160181,
  "elapsed_time": 115.75266814231873,
  "remaining_time": 0.0,
  "expected_finish_time": "2026-04-13 19:11:36",
  "smoothed_speed": 45609.70690609721
}