{
  "completed_epoch": 1000,
  "min_loss": 0.04340754821896553,
  "min_val_loss": 0.04334110766649246,
  "current_epoch": 1000,
  "model_name": "GRN",
  "training_alive": false,
  "timestamp": "20260428043308.8",
  "best_weights_file": "projects/01_LR_STUDY/GRNu16_e1k_lr7e6_puremae_r24/data\\GRNu16_e1k_lr7e6_puremae_r24_best_weights.h5",
  "best_val_weights_file": "projects/01_LR_STUDY/GRNu16_e1k_lr7e6_puremae_r24/data\\GRNu16_e1k_lr7e6_puremae_r24_best_val_weights.h5",
  "loss": 0.043368153274059296,
  "val_loss": 0.043300990015268326,
  "mae": 0.0,
  "afmae": 2.2873618602752686,
  "val_mae": 0.0,
  "val_afmae": 2.2874228954315186,
  "val_power_log_loss": 0.0,
  "power_log_loss": 0.0,
  "lr": 1.4000000192027073e-05,
  "elapsed_time": 2037.245272397995,
  "remaining_time": 0.0,
  "expected_finish_time": "2026-04-28 04:33:08",
  "smoothed_speed": 1820.3384594832664
}