{
  "completed_epoch": 1000,
  "min_loss": 0.03124692104756832,
  "min_val_loss": 0.030977820977568626,
  "current_epoch": 1000,
  "model_name": "FRIMLP",
  "training_alive": false,
  "timestamp": "20260411124532.5",
  "best_weights_file": "projects/04_FRIMLP/FRIMLPh8u6l6_e1k_lr2e3_mlp28l5_tanh_d00/data\\FRIMLPh8u6l6_e1k_lr2e3_mlp28l5_tanh_d00_best_weights.h5",
  "best_val_weights_file": "projects/04_FRIMLP/FRIMLPh8u6l6_e1k_lr2e3_mlp28l5_tanh_d00/data\\FRIMLPh8u6l6_e1k_lr2e3_mlp28l5_tanh_d00_best_val_weights.h5",
  "loss": 0.03212882578372955,
  "val_loss": 0.030946124345064163,
  "mae": 0.0,
  "afmae": 0.5750949382781982,
  "val_mae": 0.0,
  "val_afmae": 0.5734638571739197,
  "val_power_log_loss": 0.07032407820224762,
  "power_log_loss": 0.07637233287096024,
  "lr": 0.00039999998989515007,
  "elapsed_time": 157.32529401779175,
  "remaining_time": 0.0,
  "expected_finish_time": "2026-04-11 12:44:55",
  "smoothed_speed": 32122.29526836233
}