{
    "total_epochs": 1000,
    "min_loss": 0.031247,
    "params@min_loss": {
        "epoch": 903,
        "val_loss": 0.031876,
        "mae": 0.0,
        "val_mae": 0.0,
        "power_log_loss": 0.072056,
        "val_power_log_loss": 0.0721
    },
    "min_val_loss": 0.030946,
    "params@min_val_loss": {
        "epoch": 1000,
        "val_loss": 0.030946,
        "mae": 0.0,
        "val_mae": 0.0,
        "power_log_loss": 0.076372,
        "val_power_log_loss": 0.070324
    },
    "min_mae": 0.0,
    "params@min_mae": {
        "epoch": 1,
        "val_loss": 0.22266,
        "mae": 0.0,
        "val_mae": 0.0,
        "power_log_loss": 0.48588,
        "val_power_log_loss": 0.4195
    },
    "min_val_mae": 0.0,
    "params@min_val_mae": {
        "epoch": 1,
        "val_loss": 0.22266,
        "mae": 0.0,
        "val_mae": 0.0,
        "power_log_loss": 0.48588,
        "val_power_log_loss": 0.4195
    },
    "min_power_log_loss": 0.070483,
    "params@min_power_log_loss": {
        "epoch": 909,
        "val_loss": 0.032668,
        "mae": 0.0,
        "val_mae": 0.0,
        "power_log_loss": 0.070483,
        "val_power_log_loss": 0.07138
    },
    "min_val_power_log_loss": 0.069096,
    "params@min_val_power_log_loss": {
        "epoch": 996,
        "val_loss": 0.030996,
        "mae": 0.0,
        "val_mae": 0.0,
        "power_log_loss": 0.072587,
        "val_power_log_loss": 0.069096
    },
    "learning_rate_max": 0.0004,
    "learning_rate_min": 0.0004,
    "learning_rate_mean": 0.00040000000000000013,
    "evaluation_metrics": {
        "weights_source": "best_val",
        "train_loss": 0.030592745169997215,
        "val_loss": 0.030946124345064163,
        "train_mae": 0.024233747273683548,
        "train_afmae": 0.06938230246305466,
        "val_mae": 0.02434653416275978,
        "val_afmae": 0.07032407820224762
    }
}