{
  "completed_epoch": 1000,
  "min_loss": 0.029105128720402718,
  "min_val_loss": 0.02932906523346901,
  "current_epoch": 1000,
  "model_name": "FRIMLP",
  "training_alive": false,
  "timestamp": "20260411153340.1",
  "best_weights_file": "projects/04_FRIMLP/FRIMLPh8u6l6_e1k_lr2e3_mlp20l5_tanh_d00/data\\FRIMLPh8u6l6_e1k_lr2e3_mlp20l5_tanh_d00_best_weights.h5",
  "best_val_weights_file": "projects/04_FRIMLP/FRIMLPh8u6l6_e1k_lr2e3_mlp20l5_tanh_d00/data\\FRIMLPh8u6l6_e1k_lr2e3_mlp20l5_tanh_d00_best_val_weights.h5",
  "loss": 0.029982248321175575,
  "val_loss": 0.029476381838321686,
  "mae": 0.0,
  "afmae": 0.8779114484786987,
  "val_mae": 0.0,
  "val_afmae": 0.8779406547546387,
  "val_power_log_loss": 0.06718545407056808,
  "power_log_loss": 0.06990461051464081,
  "lr": 0.00039999998989515007,
  "elapsed_time": 141.55911421775818,
  "remaining_time": 0,
  "expected_finish_time": "2026-04-11 12:49:13",
  "smoothed_speed": 37531.96152026078
}