{
  "timestamp": "2025-07-13T20:32:14.179318",
  "plot_name": "statistics_summary_table",
  "plot_type": "statistics_summary_table",
  "data": {
    "table": [
      [
        "指标",
        "基准",
        "补偿后",
        "改进 (%)",
        "p值"
      ],
      [
        "平均偏置误差",
        "0.0051",
        "0.0011",
        "78.3",
        "0.0038"
      ],
      [
        "标准差",
        "0.0132",
        "0.0020",
        "85.1",
        "-"
      ],
      [
        "最大误差",
        "0.0678",
        "0.0089",
        "86.8",
        "-"
      ],
      [
        "RMS误差",
        "0.0142",
        "0.0023",
        "84.1",
        "-"
      ],
      [
        "Cohen's d",
        "-",
        "-",
        "0.402 (小)",
        "-"
      ]
    ],
    "statistics": {
      "overall": {
        "mean_improvement": 78.34217355905143,
        "std_improvement": 85.1301008294319,
        "max_improvement": 86.84736229594404,
        "rms_improvement": 84.07366521689164,
        "baseline_mean": 0.005132669908808338,
        "compensated_mean": 0.001111624740636503,
        "baseline_std": 0.013207155063645457,
        "compensated_std": 0.0019638906412646584,
        "baseline_max": 0.0677619458609065,
        "compensated_max": 0.008912483240303581,
        "baseline_rms": 0.014169447599252498,
        "compensated_rms": 0.002256673661574062
      },
      "significance": {
        "test_type": "wilcoxon",
        "sample_size": 25,
        "statistic": 23.0,
        "p_value": 0.0037622518256999957,
        "significant": "True"
      },
      "effect_size": {
        "cohens_d": 0.4019430398333117,
        "interpretation": "小",
        "mean_difference": 0.0038909434206676713,
        "pooled_std": 0.009680335358664924
      },
      "layer_statistics": {
        "1": {
          "improvement": {
            "mean_improvement": 0.0,
            "std_improvement": 0.0,
            "max_improvement": 0.0,
            "rms_improvement": 0.0,
            "baseline_mean": 0.00010835323737802305,
            "compensated_mean": 0.00010835323737802305,
            "baseline_std": 0.0001259662359183815,
            "compensated_std": 0.0001259662359183815,
            "baseline_max": 0.00029130467459911777,
            "compensated_max": 0.00029130467459911777,
            "baseline_rms": 0.00016615630184180062,
            "compensated_rms": 0.00016615630184180062
          },
          "baseline_summary": {
            "mean_bias_error": -2.213494791997039e-09,
            "std_bias_error": 0.00016615630182705682,
            "max_bias_error": 0.00029130467459911777,
            "method": "auto(steady_state)",
            "parameters": {}
          },
          "compensated_summary": {
            "mean_bias_error": -2.213494791997039e-09,
            "std_bias_error": 0.00016615630182705682,
            "max_bias_error": 0.00029130467459911777,
            "method": "auto(steady_state)",
            "parameters": {}
          }
        },
        "2": {
          "improvement": {
            "mean_improvement": 80.01009273810442,
            "std_improvement": 70.57900988274423,
            "max_improvement": 74.41259980417608,
            "rms_improvement": 76.34147311051855,
            "baseline_mean": 0.005577759819709506,
            "compensated_mean": 0.0011149890152512044,
            "baseline_std": 0.004035784068398952,
            "compensated_std": 0.0011873676319174389,
            "baseline_max": 0.014258062125845128,
            "compensated_max": 0.003648267416309192,
            "baseline_rms": 0.006884690091290139,
            "compensated_rms": 0.0016288162565053423
          },
          "baseline_summary": {
            "mean_bias_error": 0.005577759819709506,
            "std_bias_error": 0.004035784068398952,
            "max_bias_error": 0.014258062125845128,
            "method": "auto(steady_state)",
            "parameters": {}
          },
          "compensated_summary": {
            "mean_bias_error": 0.0011149890152512044,
            "std_bias_error": 0.0011873676319174389,
            "max_bias_error": 0.003648267416309192,
            "method": "auto(steady_state)",
            "parameters": {}
          }
        },
        "3": {
          "improvement": {
            "mean_improvement": 52.408254306679666,
            "std_improvement": 51.38144110091183,
            "max_improvement": 50.12894169412184,
            "rms_improvement": 51.79132360721066,
            "baseline_mean": 0.002638790471137957,
            "compensated_mean": 0.001255846450403546,
            "baseline_std": 0.0032201666808195214,
            "compensated_std": 0.0015655986343630515,
            "baseline_max": 0.009474694172683346,
            "compensated_max": 0.004725130255162552,
            "baseline_rms": 0.004163254568583177,
            "compensated_rms": 0.0020070499223762816
          },
          "baseline_summary": {
            "mean_bias_error": 0.0020966998565372765,
            "std_bias_error": 0.003596739956464084,
            "max_bias_error": 0.009474694172683346,
            "method": "auto(steady_state)",
            "parameters": {}
          },
          "compensated_summary": {
            "mean_bias_error": 0.001255846450403546,
            "std_bias_error": 0.0015655986343630515,
            "max_bias_error": 0.004725130255162552,
            "method": "auto(steady_state)",
            "parameters": {}
          }
        },
        "4": {
          "improvement": {
            "mean_improvement": 62.254980047947825,
            "std_improvement": 50.63892516644917,
            "max_improvement": 52.51817178296564,
            "rms_improvement": 55.82597499677073,
            "baseline_mean": 0.001767563448324838,
            "compensated_mean": 0.0006671671762353915,
            "baseline_std": 0.001841585211352694,
            "compensated_std": 0.0009090262542994086,
            "baseline_max": 0.0045534610774210504,
            "compensated_max": 0.0021620665667105854,
            "baseline_rms": 0.00255259018146802,
            "compensated_rms": 0.0011275818249916584
          },
          "baseline_summary": {
            "mean_bias_error": 0.001767563448324838,
            "std_bias_error": 0.001841585211352694,
            "max_bias_error": 0.0045534610774210504,
            "method": "auto(steady_state)",
            "parameters": {}
          },
          "compensated_summary": {
            "mean_bias_error": 0.0006671671762353915,
            "std_bias_error": 0.0009090262542994086,
            "max_bias_error": 0.0021620665667105854,
            "method": "auto(steady_state)",
            "parameters": {}
          }
        },
        "5": {
          "improvement": {
            "mean_improvement": 86.84736229594404,
            "std_improvement": 0,
            "max_improvement": 86.84736229594404,
            "rms_improvement": 86.84736229594404,
            "baseline_mean": 0.0677619458609065,
            "compensated_mean": 0.008912483240303581,
            "baseline_std": 0.0,
            "compensated_std": 0.0,
            "baseline_max": 0.0677619458609065,
            "compensated_max": 0.008912483240303581,
            "baseline_rms": 0.0677619458609065,
            "compensated_rms": 0.008912483240303581
          },
          "baseline_summary": {
            "mean_bias_error": 0.0677619458609065,
            "std_bias_error": 0.0,
            "max_bias_error": 0.0677619458609065,
            "method": "auto(steady_state)",
            "parameters": {}
          },
          "compensated_summary": {
            "mean_bias_error": 0.008912483240303581,
            "std_bias_error": 0.0,
            "max_bias_error": 0.008912483240303581,
            "method": "auto(steady_state)",
            "parameters": {}
          }
        }
      },
      "sample_info": {
        "total_channels": 25,
        "layers": 5
      }
    }
  },