{
    "completed_epoch": 1,
    "min_loss": 1.644119381904602,
    "min_val_loss": 1.6984537839889526,
    "current_epoch": 1,
    "model_name": "FRIKAN",
    "training_alive": false,
    "timestamp": "20260420160241.5",
    "best_weights_file": "projects/08_IIR_AB/FRIKANh8u6l6_e1k_lr2e4_sysiir_trainable_trueiir_mb32/data\\FRIKANh8u6l6_e1k_lr2e4_sysiir_trainable_trueiir_mb32_best_weights.h5",
    "best_val_weights_file": "projects/08_IIR_AB/FRIKANh8u6l6_e1k_lr2e4_sysiir_trainable_trueiir_mb32/data\\FRIKANh8u6l6_e1k_lr2e4_sysiir_trainable_trueiir_mb32_best_val_weights.h5",
    "loss": 1.5728404521942139,
    "val_loss": 1.5355873107910156,
    "mae": 0.0,
    "afmae": 1.8960316181182861,
    "val_mae": 0.0,
    "val_afmae": 1.88404381275177,
    "val_power_log_loss": 1.814233422279358,
    "power_log_loss": 1.8678221702575684,
    "lr": 3.9999998989515007e-05,
    "elapsed_time": 41.89052987098694,
    "remaining_time": 41810.70962691307,
    "expected_finish_time": "2026-04-21 03:39:32",
    "smoothed_speed": 86.01623919066513
}
