{
    "total_epochs": 3000,
    "min_loss": 0.020839,
    "params@min_loss": {
        "epoch": 2635,
        "val_loss": 0.021527,
        "mae": 0.0,
        "val_mae": 0.0,
        "power_log_loss": 0.037112,
        "val_power_log_loss": 0.040613
    },
    "min_val_loss": 0.021118,
    "params@min_val_loss": {
        "epoch": 2624,
        "val_loss": 0.021118,
        "mae": 0.0,
        "val_mae": 0.0,
        "power_log_loss": 0.037453,
        "val_power_log_loss": 0.039614
    },
    "min_mae": 0.0,
    "params@min_mae": {
        "epoch": 1,
        "val_loss": 0.31514,
        "mae": 0.0,
        "val_mae": 0.0,
        "power_log_loss": 1.3848,
        "val_power_log_loss": 1.1495
    },
    "min_val_mae": 0.0,
    "params@min_val_mae": {
        "epoch": 1,
        "val_loss": 0.31514,
        "mae": 0.0,
        "val_mae": 0.0,
        "power_log_loss": 1.3848,
        "val_power_log_loss": 1.1495
    },
    "min_power_log_loss": 0.037064,
    "params@min_power_log_loss": {
        "epoch": 2619,
        "val_loss": 0.021871,
        "mae": 0.0,
        "val_mae": 0.0,
        "power_log_loss": 0.037064,
        "val_power_log_loss": 0.04105
    },
    "min_val_power_log_loss": 0.03945,
    "params@min_val_power_log_loss": {
        "epoch": 2646,
        "val_loss": 0.0212,
        "mae": 0.0,
        "val_mae": 0.0,
        "power_log_loss": 0.037851,
        "val_power_log_loss": 0.03945
    },
    "learning_rate_max": 0.00014,
    "learning_rate_min": 0.00014,
    "learning_rate_mean": 0.00013999999999999993,
    "evaluation_metrics": {
        "train_loss": 0.02078111842274666,
        "val_loss": 0.021117916330695152,
        "train_mae": 0.015624813735485077,
        "train_afmae": 0.03706821799278259,
        "val_mae": 0.01568695344030857,
        "val_afmae": 0.03961402177810669
    }
}