{
  "completed_epoch": 3000,
  "min_loss": 0.020838771015405655,
  "min_val_loss": 0.0211179181933403,
  "current_epoch": 3000,
  "model_name": "LSTM",
  "training_alive": false,
  "timestamp": "20260403231955.3",
  "best_weights_file": "projects/01_EPOCH1000/LSTMu16_e3k_lr7e4/data\\LSTMu16_e3k_lr7e4_best_weights.h5",
  "best_val_weights_file": "projects/01_EPOCH1000/LSTMu16_e3k_lr7e4/data\\LSTMu16_e3k_lr7e4_best_val_weights.h5",
  "loss": 0.02947923354804516,
  "val_loss": 0.030119726434350014,
  "mae": 0.0,
  "afmae": 1.6461530923843384,
  "val_mae": 0.0,
  "val_afmae": 1.6462862491607666,
  "val_power_log_loss": 0.06030123308300972,
  "power_log_loss": 0.057881176471710205,
  "lr": 0.00014000000373926014,
  "elapsed_time": 5487.330754995346,
  "remaining_time": 1.7817493397654076,
  "expected_finish_time": "2026-04-03 23:18:45",
  "smoothed_speed": 2020.4862264598853
}