{
  "completed_epoch": 1000,
  "min_loss": 0.025150075554847717,
  "min_val_loss": 0.026605039834976196,
  "current_epoch": 1000,
  "model_name": "FRIKAN",
  "training_alive": false,
  "timestamp": "20260424031007.3",
  "best_weights_file": "projects/09_HPARAM_SENSITIVITY/FRIKANh9u6l6g8s2_e1k_lr7e4_axisH/data\\FRIKANh9u6l6g8s2_e1k_lr7e4_axisH_best_weights.h5",
  "best_val_weights_file": "projects/09_HPARAM_SENSITIVITY/FRIKANh9u6l6g8s2_e1k_lr7e4_axisH/data\\FRIKANh9u6l6g8s2_e1k_lr7e4_axisH_best_val_weights.h5",
  "loss": 0.025806302204728127,
  "val_loss": 0.027021223679184914,
  "mae": 0.0,
  "afmae": 2.070612907409668,
  "val_mae": 0.0,
  "val_afmae": 2.0621578693389893,
  "val_power_log_loss": 0.044108789414167404,
  "power_log_loss": 0.037983741611242294,
  "lr": 0.00014000000373926014,
  "elapsed_time": 2093.5730805397034,
  "remaining_time": 0.0,
  "expected_finish_time": "2026-04-24 03:10:07",
  "smoothed_speed": 1762.73518057516
}