{
    "completed_epoch": 2,
    "min_loss": 1.7233716249465942,
    "min_val_loss": 1.7623951435089111,
    "current_epoch": 2,
    "model_name": "FRIKAN",
    "training_alive": false,
    "timestamp": "20260420160528.8",
    "best_weights_file": "projects/08_IIR_AB/FRIKANh8u6l6_e1k_lr1e4_randiir_trainable_trueiir_rawfast_mb48/data\\FRIKANh8u6l6_e1k_lr1e4_randiir_trainable_trueiir_rawfast_mb48_best_weights.h5",
    "best_val_weights_file": "projects/08_IIR_AB/FRIKANh8u6l6_e1k_lr1e4_randiir_trainable_trueiir_rawfast_mb48/data\\FRIKANh8u6l6_e1k_lr1e4_randiir_trainable_trueiir_rawfast_mb48_best_val_weights.h5",
    "loss": 1.7057656049728394,
    "val_loss": 1.7425782680511475,
    "mae": 0.0,
    "afmae": 1.9159696102142334,
    "val_mae": 0.0,
    "val_afmae": 1.9062857627868652,
    "val_power_log_loss": 1.8755278587341309,
    "power_log_loss": 1.8865591287612915,
    "lr": 1.9999999494757503e-05,
    "elapsed_time": 56.21885323524475,
    "remaining_time": 29964.80535386345,
    "expected_finish_time": "2026-04-21 00:24:53",
    "smoothed_speed": 119.90066204574129
}
