{
  "completed_epoch": 1000,
  "min_loss": 0.029786741361021996,
  "min_val_loss": 0.02932516299188137,
  "current_epoch": 1000,
  "model_name": "FRIMLP",
  "training_alive": false,
  "timestamp": "20260411034241.8",
  "best_weights_file": "projects/04_FRIMLP/FRIMLPh8u6l6_e1k_lr2e3_mlp20l6_tanh_d00/data\\FRIMLPh8u6l6_e1k_lr2e3_mlp20l6_tanh_d00_best_weights.h5",
  "best_val_weights_file": "projects/04_FRIMLP/FRIMLPh8u6l6_e1k_lr2e3_mlp20l6_tanh_d00/data\\FRIMLPh8u6l6_e1k_lr2e3_mlp20l6_tanh_d00_best_val_weights.h5",
  "loss": 0.03020680882036686,
  "val_loss": 0.029412299394607544,
  "mae": 0.0,
  "afmae": 0.7723524570465088,
  "val_mae": 0.0,
  "val_afmae": 0.7723108530044556,
  "val_power_log_loss": 0.06805794686079025,
  "power_log_loss": 0.07163511961698532,
  "lr": 0.00039999998989515007,
  "elapsed_time": 162.3364496231079,
  "remaining_time": 0.0,
  "expected_finish_time": "2026-04-11 03:42:03",
  "smoothed_speed": 34395.27322917416
}