{
  "project_name": "CNNKANh8u6l6",
  "generated_at": "2026-04-10T00:36:26.620066+08:00",
  "status": "partial",
  "calculation_standard": "ablation-study-v1",
  "sources": {
    "training_info": true,
    "compute_analysis": false,
    "model_info": true,
    "linear_response": true,
    "linearity_by_frequency": true
  },
  "missing_sources": [
    "compute_analysis.json"
  ],
  "missing_sections": [
    "training_info.evaluation_metrics"
  ],
  "epochs": 10,
  "min_loss": 0.62449,
  "min_val_loss": 0.60013,
  "train_loss": null,
  "val_loss": null,
  "train_mae": null,
  "train_afmae": null,
  "val_mae": null,
  "val_afmae": null,
  "weights_source": null,
  "freq_drift_hz": 909823.4186971689,
  "sens_drift_percent": 99.03239815871827,
  "linearity_percent": 44.70740527361476,
  "compute_cost": null,
  "total_params": 2409,
  "metric_details": {
    "natural_frequency_drift": {
      "min": 8.112846624249078,
      "max": 910080.3077271795,
      "median": 256.88903001055286,
      "count": 25,
      "unit": "Hz",
      "method": "max(|max-median|, |median-min|) from fn_comped",
      "drift": 909823.4186971689
    },
    "sensitivity_drift": {
      "min": 0.24965546680085726,
      "max": 104.07214917191075,
      "median": 5.039751013192482,
      "count": 25,
      "unit": "%",
      "method": "max(|max-median|, |median-min|) from interpolated sensitivity",
      "drift": 99.03239815871827,
      "frequency_hz": 100.0
    },
    "linearity": {
      "mean": 44.70740527361476,
      "max": 86.75466323428958,
      "min": 12.730319428297786,
      "count": 14,
      "unit": "%",
      "method": "mean(1 - R^2) across frequency points"
    },
    "natural_frequency_drift_origin": {
      "min": 34.24511189190977,
      "max": 93.39109037552112,
      "median": 58.893451232916746,
      "count": 25,
      "unit": "Hz",
      "method": "max(|max-median|, |median-min|) from fn_origin",
      "drift": 34.49763914260437
    },
    "sensitivity_drift_origin": {
      "min": 60.00193475436049,
      "max": 203.37127543371568,
      "median": 144.56283404568921,
      "count": 25,
      "unit": "%",
      "method": "max(|max-median|, |median-min|) from interpolated origin sensitivity",
      "drift": 84.56089929132872,
      "frequency_hz": 100.0
    },
    "linearity_origin": {
      "mean": 2.549956840185786,
      "max": 6.418887454845679,
      "min": 0.3592420460827306,
      "count": 14,
      "unit": "%",
      "method": "mean(1 - R^2) across frequency points"
    }
  },
  "compute_details": null,
  "display_metrics": {
    "TRAIN_MAE": null,
    "TRAIN_AFMAE": null,
    "VAL_MAE": null,
    "VAL_AFMAE": null,
    "Freq Drift (Hz)": 909823.4186971689,
    "Sens Drift (%)": 99.03239815871827,
    "Linearity (%)": 44.70740527361476,
    "Compute Cost": null,
    "Total Params": 2409,
    "Epochs": 10
  }
}