{
    "total_epochs": 30000,
    "min_loss": 0.0037905,
    "params@min_loss": {
        "epoch": 29968,
        "val_loss": 0.003914,
        "power_log_loss": 0.0055753,
        "val_power_log_loss": 0.0061588
    },
    "min_val_loss": 0.0039053,
    "params@min_val_loss": {
        "epoch": 27379,
        "val_loss": 0.0039053,
        "power_log_loss": 0.0057818,
        "val_power_log_loss": 0.0061282
    },
    "min_power_log_loss": 0.0055751,
    "params@min_power_log_loss": {
        "epoch": 29972,
        "val_loss": 0.0039139,
        "power_log_loss": 0.0055751,
        "val_power_log_loss": 0.0061585
    },
    "min_val_power_log_loss": 0.0060868,
    "params@min_val_power_log_loss": {
        "epoch": 29249,
        "val_loss": 0.0039279,
        "power_log_loss": 0.0058205,
        "val_power_log_loss": 0.0060868
    },
    "learning_rate_max": 0.02,
    "learning_rate_min": 8.4782e-06,
    "learning_rate_mean": 0.0035399541795733333
}