{
  "completed_epoch": 30000,
  "min_loss": 0.003790533170104027,
  "min_val_loss": 0.003905293997377157,
  "current_epoch": 0,
  "model_name": "WaveNet5",
  "training_alive": false,
  "timestamp": "20250706123757.0",
  "best_weights_file": "projects/WNET5_EFF_D1/data\\WNET5_EFF_D1_best_weights.h5",
  "best_val_weights_file": "projects/WNET5_EFF_D1/data\\WNET5_EFF_D1_best_val_weights.h5",
  "loss": 0.0037905743811279535,
  "val_loss": 0.003914009314030409,
  "val_power_log_loss": 0.006158844567835331,
  "power_log_loss": 0.005575313698500395,
  "lr": 8.478225936414674e-06,
  "elapsed_time": 3820.3431832790375,
  "remaining_time": 0.08519157600834523,
  "expected_finish_time": "2025-07-06 12:37:56",
  "smoothed_speed": 42257.69927824025
}