{
  "project_name": "FRIKANh8u6l6_e2k_lr1e4_pureafmae",
  "generated_at": "2026-04-13T10:12:09.323944+08:00",
  "status": "complete",
  "calculation_standard": "ablation-study-v1",
  "sources": {
    "training_info": true,
    "compute_analysis": true,
    "model_info": true,
    "linear_response": true,
    "linearity_by_frequency": true,
    "config": true
  },
  "missing_sources": [],
  "missing_sections": [],
  "epochs": 2000,
  "min_loss": 0.012118,
  "min_val_loss": 0.031366,
  "train_loss": 0.013785626739263535,
  "val_loss": 0.03136631101369858,
  "train_mae": 0.0751224085688591,
  "train_afmae": 0.013785626739263535,
  "val_mae": 0.07562591880559921,
  "val_afmae": 0.03136631101369858,
  "weights_source": "best_val",
  "freq_drift_hz": 5.062897721645829,
  "sens_drift_percent": 23.00972312001082,
  "linearity_percent": 1.3378442400508592,
  "compute_cost": 1710.0,
  "total_params": 2569,
  "lr": 0.0001,
  "use_cosine_annealing": false,
  "metric_details": {
    "natural_frequency_drift": {
      "min": 23.932371861242178,
      "max": 33.49856059650106,
      "median": 28.995269582888007,
      "count": 25,
      "unit": "Hz",
      "method": "max(|max-median|, |median-min|) from fn_comped",
      "drift": 5.062897721645829
    },
    "sensitivity_drift": {
      "min": 24.344496219366423,
      "max": 64.25203101129416,
      "median": 41.242307891283346,
      "count": 25,
      "unit": "%",
      "method": "max(|max-median|, |median-min|) from interpolated sensitivity",
      "drift": 23.00972312001082,
      "frequency_hz": 100.0
    },
    "linearity": {
      "mean": 1.3378442400508592,
      "max": 4.760006719225373,
      "min": 0.36830788445193496,
      "count": 14,
      "unit": "%",
      "method": "mean(1 - R^2) across frequency points"
    },
    "natural_frequency_drift_origin": {
      "min": 34.24511188160566,
      "max": 93.39109038646993,
      "median": 58.89345106524416,
      "count": 25,
      "unit": "Hz",
      "method": "max(|max-median|, |median-min|) from fn_origin",
      "drift": 34.49763932122577
    },
    "sensitivity_drift_origin": {
      "min": 60.001934754356135,
      "max": 203.37127543336493,
      "median": 144.5628340451216,
      "count": 25,
      "unit": "%",
      "method": "max(|max-median|, |median-min|) from interpolated origin sensitivity",
      "drift": 84.56089929076546,
      "frequency_hz": 100.0
    },
    "linearity_origin": {
      "mean": 2.5499568401843997,
      "max": 6.418887454843169,
      "min": 0.359242046082775,
      "count": 14,
      "unit": "%",
      "method": "mean(1 - R^2) across frequency points"
    }
  },
  "compute_details": {
    "total_params": 2569,
    "additions": 266,
    "multiplications": 40,
    "maps": 234,
    "total_ops": 540,
    "weighted_total": 1710.0,
    "weighted_additions": 266.0,
    "weighted_multiplications": 40.0,
    "weighted_maps": 1404.0
  },
  "compute_cost_status": "complete",
  "compute_has_unsupported_layers": false,
  "compute_unsupported_layer_count": 0,
  "compute_unsupported_layers": [],
  "compute_unsupported_layer_details": [],
  "compute_cost_warning": null,
  "loss_function": "AFMAE",
  "loss_function_key": "pure_power_log_mae",
  "loss_function_source": "config.use_pure_power_loss",
  "display_metrics": {
    "Loss Function": "AFMAE",
    "TRAIN_MAE": 0.0751224085688591,
    "TRAIN_AFMAE": 0.013785626739263535,
    "VAL_MAE": 0.07562591880559921,
    "VAL_AFMAE": 0.03136631101369858,
    "Freq Drift (Hz)": 5.062897721645829,
    "Sens Drift (%)": 23.00972312001082,
    "Linearity (%)": 1.3378442400508592,
    "Compute Cost": 1710.0,
    "Total Params": 2569,
    "Epochs": 2000,
    "LR": 0.0001,
    "Cosine Annealing": false
  }
}