{
  "completed_epoch": 2000,
  "min_loss": 0.0121183255687356,
  "min_val_loss": 0.03136631101369858,
  "current_epoch": 2000,
  "model_name": "FRIKAN",
  "training_alive": false,
  "timestamp": "20260410165043.4",
  "best_weights_file": "projects/03_FRIKAN_PUREAFME/FRIKANh8u6l6_e2k_lr1e4_pureafmae/data\\FRIKANh8u6l6_e2k_lr1e4_pureafmae_best_weights.h5",
  "best_val_weights_file": "projects/03_FRIKAN_PUREAFME/FRIKANh8u6l6_e2k_lr1e4_pureafmae/data\\FRIKANh8u6l6_e2k_lr1e4_pureafmae_best_val_weights.h5",
  "loss": 0.02233218587934971,
  "val_loss": 0.0350690633058548,
  "mae": 0.0,
  "afmae": 2.0120015144348145,
  "val_mae": 0.0,
  "val_afmae": 2.0039472579956055,
  "val_power_log_loss": 0.0350690633058548,
  "power_log_loss": 0.02233218401670456,
  "lr": 0.00019999999494757503,
  "elapsed_time": 4082.6988639831543,
  "remaining_time": 2.078682310735453,
  "expected_finish_time": "2026-04-10 16:50:01",
  "smoothed_speed": 1731.8663758322425
}