{
    "total_epochs": 2000,
    "min_loss": 0.012118,
    "params@min_loss": {
        "epoch": 1963,
        "val_loss": 0.032277,
        "mae": 0.0,
        "val_mae": 0.0,
        "power_log_loss": 0.012118,
        "val_power_log_loss": 0.032277
    },
    "min_val_loss": 0.031366,
    "params@min_val_loss": {
        "epoch": 1962,
        "val_loss": 0.031366,
        "mae": 0.0,
        "val_mae": 0.0,
        "power_log_loss": 0.014186,
        "val_power_log_loss": 0.031366
    },
    "min_mae": 0.0,
    "params@min_mae": {
        "epoch": 1,
        "val_loss": 1.9426,
        "mae": 0.0,
        "val_mae": 0.0,
        "power_log_loss": 1.9873,
        "val_power_log_loss": 1.9426
    },
    "min_val_mae": 0.0,
    "params@min_val_mae": {
        "epoch": 1,
        "val_loss": 1.9426,
        "mae": 0.0,
        "val_mae": 0.0,
        "power_log_loss": 1.9873,
        "val_power_log_loss": 1.9426
    },
    "min_power_log_loss": 0.012118,
    "params@min_power_log_loss": {
        "epoch": 1963,
        "val_loss": 0.032277,
        "mae": 0.0,
        "val_mae": 0.0,
        "power_log_loss": 0.012118,
        "val_power_log_loss": 0.032277
    },
    "min_val_power_log_loss": 0.031366,
    "params@min_val_power_log_loss": {
        "epoch": 1962,
        "val_loss": 0.031366,
        "mae": 0.0,
        "val_mae": 0.0,
        "power_log_loss": 0.014186,
        "val_power_log_loss": 0.031366
    },
    "learning_rate_max": 0.0002,
    "learning_rate_min": 0.0002,
    "learning_rate_mean": 0.00020000000000000006,
    "evaluation_metrics": {
        "weights_source": "best_val",
        "train_loss": 0.013785626739263535,
        "val_loss": 0.03136631101369858,
        "train_mae": 0.0751224085688591,
        "train_afmae": 0.013785626739263535,
        "val_mae": 0.07562591880559921,
        "val_afmae": 0.03136631101369858
    }
}