{
  "project_name": "TCNc4d1248k3_nopd_true_e1k_lr2e3",
  "generated_at": "2026-04-13T17:19:05.579973+08:00",
  "status": "complete",
  "calculation_standard": "ablation-study-v1",
  "sources": {
    "training_info": true,
    "compute_analysis": true,
    "model_info": true,
    "linear_response": true,
    "linearity_by_frequency": true,
    "config": true
  },
  "missing_sources": [],
  "missing_sections": [],
  "epochs": 1000,
  "min_loss": 0.0078859,
  "min_val_loss": 0.0077595,
  "train_loss": 0.007764131762087345,
  "val_loss": 0.00775950076058507,
  "train_mae": 0.007764131762087345,
  "train_afmae": 0.039397746324539185,
  "val_mae": 0.00775950076058507,
  "val_afmae": 0.043712783604860306,
  "weights_source": "best_val",
  "freq_drift_hz": 2.6468781196413502,
  "sens_drift_percent": 16.08122666832773,
  "linearity_percent": 0.5032510795157081,
  "compute_cost": 3904.0,
  "total_params": 1697,
  "lr": 0.002,
  "use_cosine_annealing": false,
  "metric_details": {
    "natural_frequency_drift": {
      "min": 31.6087716412393,
      "max": 36.17608760986208,
      "median": 34.25564976088065,
      "count": 25,
      "unit": "Hz",
      "method": "max(|max-median|, |median-min|) from fn_comped",
      "drift": 2.6468781196413502
    },
    "sensitivity_drift": {
      "min": 47.12994007444538,
      "max": 68.7039577730375,
      "median": 63.21116674277311,
      "count": 25,
      "unit": "%",
      "method": "max(|max-median|, |median-min|) from interpolated sensitivity",
      "drift": 16.08122666832773,
      "frequency_hz": 100.0
    },
    "linearity": {
      "mean": 0.5032510795157081,
      "max": 2.521726201328356,
      "min": 0.17029810292119585,
      "count": 14,
      "unit": "%",
      "method": "mean(1 - R^2) across frequency points"
    },
    "natural_frequency_drift_origin": {
      "min": 34.24511188160566,
      "max": 93.39109038646993,
      "median": 58.89345106524416,
      "count": 25,
      "unit": "Hz",
      "method": "max(|max-median|, |median-min|) from fn_origin",
      "drift": 34.49763932122577
    },
    "sensitivity_drift_origin": {
      "min": 60.001934754356135,
      "max": 203.37127543336493,
      "median": 144.5628340451216,
      "count": 25,
      "unit": "%",
      "method": "max(|max-median|, |median-min|) from interpolated origin sensitivity",
      "drift": 84.56089929076546,
      "frequency_hz": 100.0
    },
    "linearity_origin": {
      "mean": 2.5499568401843997,
      "max": 6.418887454843169,
      "min": 0.359242046082775,
      "count": 14,
      "unit": "%",
      "method": "mean(1 - R^2) across frequency points"
    }
  },
  "compute_details": {
    "total_params": 1697,
    "additions": 1616,
    "multiplications": 1616,
    "maps": 112,
    "total_ops": 3344,
    "weighted_total": 3904.0,
    "weighted_additions": 1616.0,
    "weighted_multiplications": 1616.0,
    "weighted_maps": 672.0
  },
  "compute_cost_status": "complete",
  "compute_has_unsupported_layers": false,
  "compute_unsupported_layer_count": 0,
  "compute_unsupported_layers": [],
  "compute_unsupported_layer_details": [],
  "compute_cost_warning": null,
  "loss_function": "MAE",
  "loss_function_key": "mae",
  "loss_function_source": "config.use_power_loss",
  "display_metrics": {
    "Loss Function": "MAE",
    "TRAIN_MAE": 0.007764131762087345,
    "TRAIN_AFMAE": 0.039397746324539185,
    "VAL_MAE": 0.00775950076058507,
    "VAL_AFMAE": 0.043712783604860306,
    "Freq Drift (Hz)": 2.6468781196413502,
    "Sens Drift (%)": 16.08122666832773,
    "Linearity (%)": 0.5032510795157081,
    "Compute Cost": 3904.0,
    "Total Params": 1697,
    "Epochs": 1000,
    "LR": 0.002,
    "Cosine Annealing": false
  }
}