{
  "completed_epoch": 1000,
  "min_loss": 0.00788585189729929,
  "min_val_loss": 0.007759501691907644,
  "current_epoch": 1000,
  "model_name": "TCN",
  "training_alive": false,
  "timestamp": "20260413171858.8",
  "best_weights_file": "projects/06_TCN/TCNc4d1248k3_nopd_true_e1k_lr2e3/data\\TCNc4d1248k3_nopd_true_e1k_lr2e3_best_weights.h5",
  "best_val_weights_file": "projects/06_TCN/TCNc4d1248k3_nopd_true_e1k_lr2e3/data\\TCNc4d1248k3_nopd_true_e1k_lr2e3_best_val_weights.h5",
  "loss": 0.009872820228338242,
  "val_loss": 0.008594625629484653,
  "mae": 0.0,
  "afmae": 5.820963382720947,
  "val_mae": 0.0,
  "val_afmae": 5.820862770080566,
  "val_power_log_loss": 0.0,
  "power_log_loss": 0.0,
  "lr": 0.004000000189989805,
  "elapsed_time": 208.18879413604736,
  "remaining_time": 0.0,
  "expected_finish_time": "2026-04-13 17:18:49",
  "smoothed_speed": 20209.274514278743
}