{
    "epoch_train": 30000,
    "step_per_epoch": 1,
    "learning_rate": 0.02,
    "auto_lr_decay_steps": 1000,
    "dataset_type": "MET",
    "use_model": "WaveNet5",
    "model_subcfg": {
        "init_center_freqs": [10, 80],         
        "init_quality_factors": [0.5, 0.5],
        "post_dense": true,
        "post_dense_activation": "relu",
        "post_dense_units": 6,
        "post_dense_layers": 4
    },
    "use_predict_features": true,
    "inference_config": {
        "bias_compensation": {
            "enabled": true,
            "layer_bias_adjustments": {
                "0": [0.000162, -0.000473, 0.000573, -0.000209, 0.000087, 0.000065],
                "1": [0.082190, 0.206930, 0.018564, -0.017553, 0.059135, -0.013796],
                "2": [0.121065, -0.130951, 0.028882, 0.188602, -0.022717, 0.375695],
                "3": [0.053083, 0.000000, 0.292966, 0.043555, 0.211957, -0.152215],
                "4": [-0.000000, 0.000000, 0.000000, -0.000000, 0.000000, 0.000000],
                "5": [-0.010938]
            }
        }
    }
}