{
  "completed_epoch": 1000,
  "min_loss": 0.07484453171491623,
  "min_val_loss": 0.07581882178783417,
  "current_epoch": 1000,
  "model_name": "CNNKAN",
  "training_alive": false,
  "timestamp": "20260407025016.6",
  "best_weights_file": "projects/01_LR_STUDY/CNNKANh8u6l6_e1k_lr29e5_c8k3d05/data\\CNNKANh8u6l6_e1k_lr29e5_c8k3d05_best_weights.h5",
  "best_val_weights_file": "projects/01_LR_STUDY/CNNKANh8u6l6_e1k_lr29e5_c8k3d05/data\\CNNKANh8u6l6_e1k_lr29e5_c8k3d05_best_val_weights.h5",
  "loss": 0.08724072575569153,
  "val_loss": 0.09062299877405167,
  "mae": 0.0,
  "afmae": 2.032517671585083,
  "val_mae": 0.0,
  "val_afmae": 2.0260705947875977,
  "val_power_log_loss": 0.09019072353839874,
  "power_log_loss": 0.06525757908821106,
  "lr": 5.8000001445179805e-05,
  "elapsed_time": 8915.080688238144,
  "remaining_time": 10.01621354668769,
  "expected_finish_time": "2026-04-07 02:50:26",
  "smoothed_speed": 359.4172571520803
}