{
  "completed_epoch": 1000,
  "min_loss": 0.032743457704782486,
  "min_val_loss": 0.03292015194892883,
  "current_epoch": 1000,
  "model_name": "FRIMLP",
  "training_alive": false,
  "timestamp": "20260411143431.8",
  "best_weights_file": "projects/04_FRIMLP/FRIMLPh8u6l6_e1k_lr2e3_mlp14l8_tanh_d00/data\\FRIMLPh8u6l6_e1k_lr2e3_mlp14l8_tanh_d00_best_weights.h5",
  "best_val_weights_file": "projects/04_FRIMLP/FRIMLPh8u6l6_e1k_lr2e3_mlp14l8_tanh_d00/data\\FRIMLPh8u6l6_e1k_lr2e3_mlp14l8_tanh_d00_best_val_weights.h5",
  "loss": 0.04248475283384323,
  "val_loss": 0.033781249076128006,
  "mae": 0.0,
  "afmae": 0.7151833176612854,
  "val_mae": 0.0,
  "val_afmae": 0.71062171459198,
  "val_power_log_loss": 0.08687858283519745,
  "power_log_loss": 0.09796099364757538,
  "lr": 0.00039999998989515007,
  "elapsed_time": 144.0420069694519,
  "remaining_time": 0.0,
  "expected_finish_time": "2026-04-11 14:33:39",
  "smoothed_speed": 33897.45290304949
}