{
  "project_name": "FRIKANh8u6l6_e1k_lr7e5_randiir_trainable",
  "generated_at": "2026-04-19T11:58:24.757408+08:00",
  "status": "complete",
  "calculation_standard": "ablation-study-v1",
  "sources": {
    "training_info": true,
    "compute_analysis": true,
    "model_info": true,
    "linear_response": true,
    "linearity_by_frequency": true,
    "config": true
  },
  "missing_sources": [],
  "missing_sections": [],
  "epochs": 470,
  "min_loss": 0.61872,
  "min_val_loss": 0.63222,
  "train_loss": 0.6182482838630676,
  "val_loss": 0.6322234869003296,
  "train_mae": 0.2575729489326477,
  "train_afmae": 1.067983627319336,
  "val_mae": 0.2573047876358032,
  "val_afmae": 1.0661567449569702,
  "weights_source": "best_val",
  "freq_drift_hz": 700952.8183545587,
  "sens_drift_percent": 887.3334587324294,
  "linearity_percent": 22.808408679811247,
  "compute_cost": 1710.0,
  "total_params": 2569,
  "lr": 7e-05,
  "use_cosine_annealing": false,
  "metric_details": {
    "natural_frequency_drift": {
      "min": 391.85308610169074,
      "max": 1263313.9021905176,
      "median": 562361.083835959,
      "count": 25,
      "unit": "Hz",
      "method": "max(|max-median|, |median-min|) from fn_comped",
      "drift": 700952.8183545587
    },
    "sensitivity_drift": {
      "min": 35.662613094172144,
      "max": 1011.5389399865256,
      "median": 124.2054812540962,
      "count": 25,
      "unit": "%",
      "method": "max(|max-median|, |median-min|) from interpolated sensitivity",
      "drift": 887.3334587324294,
      "frequency_hz": 100.0
    },
    "linearity": {
      "mean": 22.808408679811247,
      "max": 96.17294985794834,
      "min": 4.1871987140592815,
      "count": 14,
      "unit": "%",
      "method": "mean(1 - R^2) across frequency points"
    },
    "natural_frequency_drift_origin": {
      "min": 34.24511188160566,
      "max": 93.39109038646993,
      "median": 58.89345106524416,
      "count": 25,
      "unit": "Hz",
      "method": "max(|max-median|, |median-min|) from fn_origin",
      "drift": 34.49763932122577
    },
    "sensitivity_drift_origin": {
      "min": 60.001934754356135,
      "max": 203.37127543336493,
      "median": 144.5628340451216,
      "count": 25,
      "unit": "%",
      "method": "max(|max-median|, |median-min|) from interpolated origin sensitivity",
      "drift": 84.56089929076546,
      "frequency_hz": 100.0
    },
    "linearity_origin": {
      "mean": 2.5499568401843997,
      "max": 6.418887454843169,
      "min": 0.359242046082775,
      "count": 14,
      "unit": "%",
      "method": "mean(1 - R^2) across frequency points"
    }
  },
  "compute_details": {
    "total_params": 2569,
    "additions": 266,
    "multiplications": 40,
    "maps": 234,
    "total_ops": 540,
    "weighted_total": 1710.0,
    "weighted_additions": 266.0,
    "weighted_multiplications": 40.0,
    "weighted_maps": 1404.0
  },
  "compute_cost_status": "complete",
  "compute_has_unsupported_layers": false,
  "compute_unsupported_layer_count": 0,
  "compute_unsupported_layers": [],
  "compute_unsupported_layer_details": [],
  "compute_cost_warning": null,
  "loss_function": "MAE+AFMAE",
  "loss_function_key": "power_log_mae",
  "loss_function_source": "config.use_power_loss",
  "display_metrics": {
    "Loss Function": "MAE+AFMAE",
    "TRAIN_MAE": 0.2575729489326477,
    "TRAIN_AFMAE": 1.067983627319336,
    "VAL_MAE": 0.2573047876358032,
    "VAL_AFMAE": 1.0661567449569702,
    "Freq Drift (Hz)": 700952.8183545587,
    "Sens Drift (%)": 887.3334587324294,
    "Linearity (%)": 22.808408679811247,
    "Compute Cost": 1710.0,
    "Total Params": 2569,
    "Epochs": 470,
    "LR": 7e-05,
    "Cosine Annealing": false
  }
}