{
  "completed_epoch": 470,
  "min_loss": 0.6194821000099182,
  "min_val_loss": 0.6330574154853821,
  "current_epoch": 470,
  "model_name": "FRIKAN",
  "training_alive": true,
  "timestamp": "20260419115805.2",
  "best_weights_file": "projects/08_IIR_AB/FRIKANh8u6l6_e1k_lr7e5_randiir_trainable/data\\FRIKANh8u6l6_e1k_lr7e5_randiir_trainable_best_weights.h5",
  "best_val_weights_file": "projects/08_IIR_AB/FRIKANh8u6l6_e1k_lr7e5_randiir_trainable/data\\FRIKANh8u6l6_e1k_lr7e5_randiir_trainable_best_val_weights.h5",
  "loss": 0.6187229752540588,
  "val_loss": 0.6322234869003296,
  "mae": 0.0,
  "afmae": 1.9426257610321045,
  "val_mae": 0.0,
  "val_afmae": 1.9331227540969849,
  "val_power_log_loss": 1.0661568641662598,
  "power_log_loss": 1.068537950515747,
  "lr": 1.4000000192027073e-05,
  "elapsed_time": 1125.9714732170105,
  "remaining_time": 1182.3698954399188,
  "expected_finish_time": "2026-04-19 12:02:59",
  "smoothed_speed": 1613.7082036329246
}