{
  "completed_epoch": 1000,
  "min_loss": 0.031837549060583115,
  "min_val_loss": 0.031571824103593826,
  "current_epoch": 1000,
  "model_name": "FRIMLP",
  "training_alive": false,
  "timestamp": "20260411033811.3",
  "best_weights_file": "projects/04_FRIMLP/FRIMLPh8u6l6_e1k_lr15e4_mlp20l6_tanh_d00/data\\FRIMLPh8u6l6_e1k_lr15e4_mlp20l6_tanh_d00_best_weights.h5",
  "best_val_weights_file": "projects/04_FRIMLP/FRIMLPh8u6l6_e1k_lr15e4_mlp20l6_tanh_d00/data\\FRIMLPh8u6l6_e1k_lr15e4_mlp20l6_tanh_d00_best_val_weights.h5",
  "loss": 0.03283994644880295,
  "val_loss": 0.0318138487637043,
  "mae": 0.0,
  "afmae": 0.8762785196304321,
  "val_mae": 0.0,
  "val_afmae": 0.8765209317207336,
  "val_power_log_loss": 0.07213056832551956,
  "power_log_loss": 0.07463288307189941,
  "lr": 0.0003000000142492354,
  "elapsed_time": 149.80897784233093,
  "remaining_time": 0.0,
  "expected_finish_time": "2026-04-11 03:37:21",
  "smoothed_speed": 33530.2491286292
}