{
  "project_name": "RNNu16d24l2_e1k_puremae_r7",
  "generated_at": "2026-04-14T10:13:10.100690+08:00",
  "status": "complete",
  "calculation_standard": "ablation-study-v1",
  "sources": {
    "training_info": true,
    "compute_analysis": true,
    "model_info": true,
    "linear_response": true,
    "linearity_by_frequency": true,
    "config": true
  },
  "missing_sources": [],
  "missing_sections": [],
  "epochs": 1000,
  "min_loss": 0.01082,
  "min_val_loss": 0.010785,
  "train_loss": 0.010833819396793842,
  "val_loss": 0.010784780606627464,
  "train_mae": 0.010833819396793842,
  "train_afmae": 0.13088460266590118,
  "val_mae": 0.010784780606627464,
  "val_afmae": 0.13118912279605865,
  "weights_source": "best_val",
  "freq_drift_hz": 10.027418080679091,
  "sens_drift_percent": 25.593247141206966,
  "linearity_percent": 1.1280474497077586,
  "compute_cost": 2896.0,
  "total_params": 1321,
  "lr": 0.0007,
  "use_cosine_annealing": false,
  "metric_details": {
    "natural_frequency_drift": {
      "min": 24.997613494868546,
      "max": 36.40164458836437,
      "median": 35.02503157554764,
      "count": 25,
      "unit": "Hz",
      "method": "max(|max-median|, |median-min|) from fn_comped",
      "drift": 10.027418080679091
    },
    "sensitivity_drift": {
      "min": 38.849089493008584,
      "max": 69.66108271493476,
      "median": 64.44233663421555,
      "count": 25,
      "unit": "%",
      "method": "max(|max-median|, |median-min|) from interpolated sensitivity",
      "drift": 25.593247141206966,
      "frequency_hz": 100.0
    },
    "linearity": {
      "mean": 1.1280474497077586,
      "max": 3.2708645627826716,
      "min": 0.2800518024966614,
      "count": 14,
      "unit": "%",
      "method": "mean(1 - R^2) across frequency points"
    },
    "natural_frequency_drift_origin": {
      "min": 34.24511188160566,
      "max": 93.39109038646993,
      "median": 58.89345106524416,
      "count": 25,
      "unit": "Hz",
      "method": "max(|max-median|, |median-min|) from fn_origin",
      "drift": 34.49763932122577
    },
    "sensitivity_drift_origin": {
      "min": 60.001934754356135,
      "max": 203.37127543336493,
      "median": 144.5628340451216,
      "count": 25,
      "unit": "%",
      "method": "max(|max-median|, |median-min|) from interpolated origin sensitivity",
      "drift": 84.56089929076546,
      "frequency_hz": 100.0
    },
    "linearity_origin": {
      "mean": 2.5499568401843997,
      "max": 6.418887454843169,
      "min": 0.359242046082775,
      "count": 14,
      "unit": "%",
      "method": "mean(1 - R^2) across frequency points"
    }
  },
  "compute_details": {
    "total_params": 1321,
    "additions": 1256,
    "multiplications": 1256,
    "maps": 64,
    "total_ops": 2576,
    "weighted_total": 2896.0,
    "weighted_additions": 1256.0,
    "weighted_multiplications": 1256.0,
    "weighted_maps": 384.0
  },
  "compute_cost_status": "complete",
  "compute_has_unsupported_layers": false,
  "compute_unsupported_layer_count": 0,
  "compute_unsupported_layers": [],
  "compute_unsupported_layer_details": [],
  "compute_cost_warning": null,
  "loss_function": "MAE",
  "loss_function_key": "mae",
  "loss_function_source": "config.use_power_loss",
  "display_metrics": {
    "Loss Function": "MAE",
    "TRAIN_MAE": 0.010833819396793842,
    "TRAIN_AFMAE": 0.13088460266590118,
    "VAL_MAE": 0.010784780606627464,
    "VAL_AFMAE": 0.13118912279605865,
    "Freq Drift (Hz)": 10.027418080679091,
    "Sens Drift (%)": 25.593247141206966,
    "Linearity (%)": 1.1280474497077586,
    "Compute Cost": 2896.0,
    "Total Params": 1321,
    "Epochs": 1000,
    "LR": 0.0007,
    "Cosine Annealing": false
  }
}