{
  "completed_epoch": 1000,
  "min_loss": 0.010954012162983418,
  "min_val_loss": 0.010906045325100422,
  "current_epoch": 1000,
  "model_name": "RNN",
  "training_alive": false,
  "timestamp": "20260414101240.0",
  "best_weights_file": "projects/07_RNN/RNNu16d24l2_e1k_puremae_r7/data\\RNNu16d24l2_e1k_puremae_r7_best_weights.h5",
  "best_val_weights_file": "projects/07_RNN/RNNu16d24l2_e1k_puremae_r7/data\\RNNu16d24l2_e1k_puremae_r7_best_val_weights.h5",
  "loss": 0.010819806717336178,
  "val_loss": 0.010784780606627464,
  "mae": 0.0,
  "afmae": 1.285202980041504,
  "val_mae": 0.0,
  "val_afmae": 1.2931939363479614,
  "val_power_log_loss": 0.0,
  "power_log_loss": 0.0,
  "lr": 0.00139999995008111,
  "elapsed_time": 13240.710893392563,
  "remaining_time": 0.0,
  "expected_finish_time": "2026-04-14 06:11:30",
  "smoothed_speed": 299.9220211660295
}