{
  "project_name": "FRIKANh8u6l6_e1k_lr5e5_sysiir_trainable",
  "generated_at": "2026-04-19T11:59:17.848245+08:00",
  "status": "complete",
  "calculation_standard": "ablation-study-v1",
  "sources": {
    "training_info": true,
    "compute_analysis": true,
    "model_info": true,
    "linear_response": true,
    "linearity_by_frequency": true,
    "config": true
  },
  "missing_sources": [],
  "missing_sections": [],
  "epochs": 213,
  "min_loss": 0.98969,
  "min_val_loss": 1.017,
  "train_loss": 0.9884514808654785,
  "val_loss": 1.016984462738037,
  "train_mae": 0.2079872488975525,
  "train_afmae": 1.4817720651626587,
  "val_mae": 0.2057347297668457,
  "val_afmae": 1.4670300483703613,
  "weights_source": "best_val",
  "freq_drift_hz": 1053796.4084390504,
  "sens_drift_percent": 3589.929122109268,
  "linearity_percent": 40.13753674363719,
  "compute_cost": 1710.0,
  "total_params": 2569,
  "lr": 5e-05,
  "use_cosine_annealing": false,
  "metric_details": {
    "natural_frequency_drift": {
      "min": 180.18614684201714,
      "max": 1540428.0802782304,
      "median": 1053976.5945858925,
      "count": 25,
      "unit": "Hz",
      "method": "max(|max-median|, |median-min|) from fn_comped",
      "drift": 1053796.4084390504
    },
    "sensitivity_drift": {
      "min": 183.76418227062604,
      "max": 3889.0158281944364,
      "median": 299.08670608516826,
      "count": 25,
      "unit": "%",
      "method": "max(|max-median|, |median-min|) from interpolated sensitivity",
      "drift": 3589.929122109268,
      "frequency_hz": 100.0
    },
    "linearity": {
      "mean": 40.13753674363719,
      "max": 92.21100354684086,
      "min": 10.429801946956118,
      "count": 14,
      "unit": "%",
      "method": "mean(1 - R^2) across frequency points"
    },
    "natural_frequency_drift_origin": {
      "min": 34.24511188160566,
      "max": 93.39109038646993,
      "median": 58.89345106524416,
      "count": 25,
      "unit": "Hz",
      "method": "max(|max-median|, |median-min|) from fn_origin",
      "drift": 34.49763932122577
    },
    "sensitivity_drift_origin": {
      "min": 60.001934754356135,
      "max": 203.37127543336493,
      "median": 144.5628340451216,
      "count": 25,
      "unit": "%",
      "method": "max(|max-median|, |median-min|) from interpolated origin sensitivity",
      "drift": 84.56089929076546,
      "frequency_hz": 100.0
    },
    "linearity_origin": {
      "mean": 2.5499568401843997,
      "max": 6.418887454843169,
      "min": 0.359242046082775,
      "count": 14,
      "unit": "%",
      "method": "mean(1 - R^2) across frequency points"
    }
  },
  "compute_details": {
    "total_params": 2569,
    "additions": 266,
    "multiplications": 40,
    "maps": 234,
    "total_ops": 540,
    "weighted_total": 1710.0,
    "weighted_additions": 266.0,
    "weighted_multiplications": 40.0,
    "weighted_maps": 1404.0
  },
  "compute_cost_status": "complete",
  "compute_has_unsupported_layers": false,
  "compute_unsupported_layer_count": 0,
  "compute_unsupported_layers": [],
  "compute_unsupported_layer_details": [],
  "compute_cost_warning": null,
  "loss_function": "MAE+AFMAE",
  "loss_function_key": "power_log_mae",
  "loss_function_source": "config.use_power_loss",
  "display_metrics": {
    "Loss Function": "MAE+AFMAE",
    "TRAIN_MAE": 0.2079872488975525,
    "TRAIN_AFMAE": 1.4817720651626587,
    "VAL_MAE": 0.2057347297668457,
    "VAL_AFMAE": 1.4670300483703613,
    "Freq Drift (Hz)": 1053796.4084390504,
    "Sens Drift (%)": 3589.929122109268,
    "Linearity (%)": 40.13753674363719,
    "Compute Cost": 1710.0,
    "Total Params": 2569,
    "Epochs": 213,
    "LR": 5e-05,
    "Cosine Annealing": false
  }
}