{
  "completed_epoch": 213,
  "min_loss": 0.9917779564857483,
  "min_val_loss": 1.0191553831100464,
  "current_epoch": 213,
  "model_name": "FRIKAN",
  "training_alive": true,
  "timestamp": "20260419115858.7",
  "best_weights_file": "projects/08_IIR_AB/FRIKANh8u6l6_e1k_lr5e5_sysiir_trainable/data\\FRIKANh8u6l6_e1k_lr5e5_sysiir_trainable_best_weights.h5",
  "best_val_weights_file": "projects/08_IIR_AB/FRIKANh8u6l6_e1k_lr5e5_sysiir_trainable/data\\FRIKANh8u6l6_e1k_lr5e5_sysiir_trainable_best_val_weights.h5",
  "loss": 0.9896851181983948,
  "val_loss": 1.016984462738037,
  "mae": 0.0,
  "afmae": 2.0140738487243652,
  "val_mae": 0.0,
  "val_afmae": 2.0056700706481934,
  "val_power_log_loss": 1.4670299291610718,
  "power_log_loss": 1.4828382730484009,
  "lr": 9.999999747378752e-06,
  "elapsed_time": 512.4866864681244,
  "remaining_time": 1751.5512526978646,
  "expected_finish_time": "2026-04-19 10:30:29",
  "smoothed_speed": 1617.537594538614
}