{
  "project_name": "TCNu8d1248k3_e1k_lr2e3_pd8l1_relu",
  "generated_at": "2026-04-13T02:26:17.579221+08:00",
  "status": "complete",
  "calculation_standard": "ablation-study-v1",
  "sources": {
    "training_info": true,
    "compute_analysis": true,
    "model_info": true,
    "linear_response": true,
    "linearity_by_frequency": true,
    "config": true
  },
  "missing_sources": [],
  "missing_sections": [],
  "epochs": 1000,
  "min_loss": 0.0082928,
  "min_val_loss": 0.008194,
  "train_loss": 0.00822084303945303,
  "val_loss": 0.008193990215659142,
  "train_mae": 0.00822084303945303,
  "train_afmae": 0.04992229864001274,
  "val_mae": 0.008193990215659142,
  "val_afmae": 0.05242398381233215,
  "weights_source": "best_val",
  "freq_drift_hz": 4.5868125844073795,
  "sens_drift_percent": 14.755031986932352,
  "linearity_percent": 0.5912631810352779,
  "compute_cost": 2112.0,
  "total_params": 1105,
  "lr": 0.002,
  "use_cosine_annealing": false,
  "metric_details": {
    "natural_frequency_drift": {
      "min": 29.81349866647277,
      "max": 36.287628036822035,
      "median": 34.40031125088015,
      "count": 25,
      "unit": "Hz",
      "method": "max(|max-median|, |median-min|) from fn_comped",
      "drift": 4.5868125844073795
    },
    "sensitivity_drift": {
      "min": 49.76905575662282,
      "max": 68.60075943930467,
      "median": 64.52408774355517,
      "count": 25,
      "unit": "%",
      "method": "max(|max-median|, |median-min|) from interpolated sensitivity",
      "drift": 14.755031986932352,
      "frequency_hz": 100.0
    },
    "linearity": {
      "mean": 0.5912631810352779,
      "max": 3.1165855606473225,
      "min": 0.12050605807648607,
      "count": 14,
      "unit": "%",
      "method": "mean(1 - R^2) across frequency points"
    },
    "natural_frequency_drift_origin": {
      "min": 34.24511188160566,
      "max": 93.39109038646993,
      "median": 58.89345106524416,
      "count": 25,
      "unit": "Hz",
      "method": "max(|max-median|, |median-min|) from fn_origin",
      "drift": 34.49763932122577
    },
    "sensitivity_drift_origin": {
      "min": 60.001934754356135,
      "max": 203.37127543336493,
      "median": 144.5628340451216,
      "count": 25,
      "unit": "%",
      "method": "max(|max-median|, |median-min|) from interpolated origin sensitivity",
      "drift": 84.56089929076546,
      "frequency_hz": 100.0
    },
    "linearity_origin": {
      "mean": 2.5499568401843997,
      "max": 6.418887454843169,
      "min": 0.359242046082775,
      "count": 14,
      "unit": "%",
      "method": "mean(1 - R^2) across frequency points"
    }
  },
  "compute_details": {
    "total_params": 1105,
    "additions": 1056,
    "multiplications": 1056,
    "maps": 0,
    "total_ops": 2112,
    "weighted_total": 2112.0,
    "weighted_additions": 1056.0,
    "weighted_multiplications": 1056.0,
    "weighted_maps": 0.0
  },
  "compute_cost_status": "partial",
  "compute_has_unsupported_layers": true,
  "compute_unsupported_layer_count": 6,
  "compute_unsupported_layers": [
    "activation_9",
    "activation_11",
    "activation_13",
    "activation_15",
    "concatenate_1",
    "post_dense_activation_1"
  ],
  "compute_unsupported_layer_details": [
    {
      "name": "activation_9",
      "type": "Activation",
      "reason": "unsupported_layer_type"
    },
    {
      "name": "activation_11",
      "type": "Activation",
      "reason": "unsupported_layer_type"
    },
    {
      "name": "activation_13",
      "type": "Activation",
      "reason": "unsupported_layer_type"
    },
    {
      "name": "activation_15",
      "type": "Activation",
      "reason": "unsupported_layer_type"
    },
    {
      "name": "concatenate_1",
      "type": "Concatenate",
      "reason": "unsupported_layer_type"
    },
    {
      "name": "post_dense_activation_1",
      "type": "Activation",
      "reason": "unsupported_layer_type"
    }
  ],
  "compute_cost_warning": "Compute cost may be underestimated because unsupported layers were detected: activation_9, activation_11, activation_13, activation_15, concatenate_1, ....",
  "display_metrics": {
    "TRAIN_MAE": 0.00822084303945303,
    "TRAIN_AFMAE": 0.04992229864001274,
    "VAL_MAE": 0.008193990215659142,
    "VAL_AFMAE": 0.05242398381233215,
    "Freq Drift (Hz)": 4.5868125844073795,
    "Sens Drift (%)": 14.755031986932352,
    "Linearity (%)": 0.5912631810352779,
    "Compute Cost": 2112.0,
    "Total Params": 1105,
    "Epochs": 1000,
    "LR": 0.002,
    "Cosine Annealing": false
  }
}