{
  "completed_epoch": 1000,
  "min_loss": 0.008292775601148605,
  "min_val_loss": 0.008193990215659142,
  "current_epoch": 1000,
  "model_name": "WaveNet2",
  "training_alive": false,
  "timestamp": "20260413022610.6",
  "best_weights_file": "projects/06_TCN/TCNu8d1248k3_e1k_lr2e2_pd8l1_relu/data\\TCNu8d1248k3_e1k_lr2e2_pd8l1_relu_best_weights.h5",
  "best_val_weights_file": "projects/06_TCN/TCNu8d1248k3_e1k_lr2e2_pd8l1_relu/data\\TCNu8d1248k3_e1k_lr2e2_pd8l1_relu_best_val_weights.h5",
  "loss": 0.008447431027889252,
  "val_loss": 0.008588473312556744,
  "mae": 0.0,
  "afmae": 0.8273069262504578,
  "val_mae": 0.0,
  "val_afmae": 0.827250599861145,
  "val_power_log_loss": 0.0,
  "power_log_loss": 0.0,
  "lr": 0.004000000189989805,
  "elapsed_time": 159.4923403263092,
  "remaining_time": 0.0,
  "expected_finish_time": "2026-04-13 02:26:00",
  "smoothed_speed": 27308.43761701472
}