{
  "completed_epoch": 9,
  "min_loss": 0.10993774235248566,
  "min_val_loss": 0.10844209045171738,
  "current_epoch": 9,
  "model_name": "LSTM",
  "training_alive": true,
  "timestamp": "20260427203403.7",
  "best_weights_file": "projects/01_LR_STUDY/LSTMu16_e1k_lr7e5_puremae_r8_r24/data\\LSTMu16_e1k_lr7e5_puremae_r8_r24_best_weights.h5",
  "best_val_weights_file": "projects/01_LR_STUDY/LSTMu16_e1k_lr7e5_puremae_r8_r24/data\\LSTMu16_e1k_lr7e5_puremae_r8_r24_best_val_weights.h5",
  "loss": 0.10724201798439026,
  "val_loss": 0.10574416071176529,
  "mae": 0.0,
  "afmae": 2.318107843399048,
  "val_mae": 0.0,
  "val_afmae": 2.3180525302886963,
  "val_power_log_loss": 0.0,
  "power_log_loss": 0.0,
  "lr": 0.00014000000373926014,
  "elapsed_time": 31.93137264251709,
  "remaining_time": 5056.772215767953,
  "expected_finish_time": "2026-04-27 21:58:20",
  "smoothed_speed": 705.5093343685844
