{
  "completed_epoch": 1000,
  "min_loss": 0.012076104991137981,
  "min_val_loss": 0.012121851556003094,
  "current_epoch": 1000,
  "model_name": "LSTM",
  "training_alive": false,
  "timestamp": "20260427211237.1",
  "best_weights_file": "projects/01_LR_STUDY/LSTMu16_e1k_lr7e5_puremae_r8_r24/data\\LSTMu16_e1k_lr7e5_puremae_r8_r24_best_weights.h5",
  "best_val_weights_file": "projects/01_LR_STUDY/LSTMu16_e1k_lr7e5_puremae_r8_r24/data\\LSTMu16_e1k_lr7e5_puremae_r8_r24_best_val_weights.h5",
  "loss": 0.012073807418346405,
  "val_loss": 0.012119658291339874,
  "mae": 0.0,
  "afmae": 2.318107843399048,
  "val_mae": 0.0,
  "val_afmae": 2.3180525302886963,
  "val_power_log_loss": 0.0,
  "power_log_loss": 0.0,
  "lr": 0.00014000000373926014,
  "elapsed_time": 2345.34720659256,
  "remaining_time": 0.0,
  "expected_finish_time": "2026-04-27 21:12:37",
  "smoothed_speed": 1570.8076571008064
}