{
  "project_name": "LSTMu16_e1k_lr7e4",
  "generated_at": "2026-04-09T23:48:48.739455+08:00",
  "status": "complete",
  "sources": {
    "training_info": true,
    "compute_analysis": true,
    "model_info": true,
    "linear_response": true
  },
  "missing_sources": [],
  "missing_sections": [],
  "epochs": 1000,
  "min_loss": 0.034596,
  "min_val_loss": 0.035166,
  "train_loss": 0.03458855673670769,
  "val_loss": 0.03516564145684242,
  "train_mae": 0.04047481343150139,
  "train_afmae": 0.0572151318192482,
  "val_mae": 0.03989912569522858,
  "val_afmae": 0.060148030519485474,
  "weights_source": null,
  "freq_drift_hz": 32.0,
  "sens_drift_percent": 27.698502882009517,
  "linearity_percent": 23.945211059415882,
  "compute_cost": 3360.0,
  "total_params": 1441,
  "display_metrics": {
    "TRAIN_MAE": 0.04047481343150139,
    "TRAIN_AFMAE": 0.0572151318192482,
    "VAL_MAE": 0.03989912569522858,
    "VAL_AFMAE": 0.060148030519485474,
    "Freq Drift (Hz)": 32.0,
    "Sens Drift (%)": 27.698502882009517,
    "Linearity (%)": 23.945211059415882,
    "Compute Cost": 3360.0,
    "Total Params": 1441,
    "Epochs": 1000
  }
}