{
  "project_name": "LSTMu16_e1k_lr7e4",
  "generated_at": "2026-04-10T00:36:26.205976+08:00",
  "status": "complete",
  "calculation_standard": "ablation-study-v1",
  "sources": {
    "training_info": true,
    "compute_analysis": true,
    "model_info": true,
    "linear_response": true,
    "linearity_by_frequency": true
  },
  "missing_sources": [],
  "missing_sections": [],
  "epochs": 1000,
  "min_loss": 0.034596,
  "min_val_loss": 0.035166,
  "train_loss": 0.03458855673670769,
  "val_loss": 0.03516564145684242,
  "train_mae": 0.04047481343150139,
  "train_afmae": 0.0572151318192482,
  "val_mae": 0.03989912569522858,
  "val_afmae": 0.060148030519485474,
  "weights_source": null,
  "freq_drift_hz": 7.4840721635291345,
  "sens_drift_percent": 17.603893372544434,
  "linearity_percent": 0.6403170507138678,
  "compute_cost": 3360.0,
  "total_params": 1441,
  "metric_details": {
    "natural_frequency_drift": {
      "min": 29.697446251726955,
      "max": 40.92677656754243,
      "median": 33.4427044040133,
      "count": 25,
      "unit": "Hz",
      "method": "max(|max-median|, |median-min|) from fn_comped",
      "drift": 7.4840721635291345
    },
    "sensitivity_drift": {
      "min": 51.18431531650839,
      "max": 77.37209638065568,
      "median": 59.76820300811124,
      "count": 25,
      "unit": "%",
      "method": "max(|max-median|, |median-min|) from interpolated sensitivity",
      "drift": 17.603893372544434,
      "frequency_hz": 100.0
    },
    "linearity": {
      "mean": 0.6403170507138678,
      "max": 2.1606271394278065,
      "min": 0.2335370570751727,
      "count": 14,
      "unit": "%",
      "method": "mean(1 - R^2) across frequency points"
    },
    "natural_frequency_drift_origin": {
      "min": 34.24511188160566,
      "max": 93.39109038646993,
      "median": 58.89345106524416,
      "count": 25,
      "unit": "Hz",
      "method": "max(|max-median|, |median-min|) from fn_origin",
      "drift": 34.49763932122577
    },
    "sensitivity_drift_origin": {
      "min": 60.001934754356135,
      "max": 203.37127543336493,
      "median": 144.5628340451216,
      "count": 25,
      "unit": "%",
      "method": "max(|max-median|, |median-min|) from interpolated origin sensitivity",
      "drift": 84.56089929076546,
      "frequency_hz": 100.0
    },
    "linearity_origin": {
      "mean": 2.5499568401843997,
      "max": 6.418887454843169,
      "min": 0.359242046082775,
      "count": 14,
      "unit": "%",
      "method": "mean(1 - R^2) across frequency points"
    }
  },
  "compute_details": {
    "total_params": 1441,
    "additions": 1376,
    "multiplications": 1408,
    "maps": 96,
    "total_ops": 2880,
    "weighted_total": 3360.0,
    "weighted_additions": 1376.0,
    "weighted_multiplications": 1408.0,
    "weighted_maps": 576.0
  },
  "display_metrics": {
    "TRAIN_MAE": 0.04047481343150139,
    "TRAIN_AFMAE": 0.0572151318192482,
    "VAL_MAE": 0.03989912569522858,
    "VAL_AFMAE": 0.060148030519485474,
    "Freq Drift (Hz)": 7.4840721635291345,
    "Sens Drift (%)": 17.603893372544434,
    "Linearity (%)": 0.6403170507138678,
    "Compute Cost": 3360.0,
    "Total Params": 1441,
    "Epochs": 1000
  }
}