{
  "completed_epoch": 1000,
  "min_loss": 0.034765247255563736,
  "min_val_loss": 0.035165634006261826,
  "current_epoch": 1000,
  "model_name": "LSTM",
  "training_alive": false,
  "timestamp": "20260403195152.4",
  "best_weights_file": "projects/01_EPOCH1000/LSTMu16_e1k_lr7e4/data\\LSTMu16_e1k_lr7e4_best_weights.h5",
  "best_val_weights_file": "projects/01_EPOCH1000/LSTMu16_e1k_lr7e4/data\\LSTMu16_e1k_lr7e4_best_val_weights.h5",
  "loss": 0.034596193581819534,
  "val_loss": 0.03530716150999069,
  "mae": 0.0,
  "afmae": 2.5889811515808105,
  "val_mae": 0.0,
  "val_afmae": 2.589308738708496,
  "val_power_log_loss": 0.06053764373064041,
  "power_log_loss": 0.05528516322374344,
  "lr": 0.00014000000373926014,
  "elapsed_time": 1960.439160823822,
  "remaining_time": 1.8315256621372027,
  "expected_finish_time": "2026-04-03 19:51:27",
  "smoothed_speed": 1965.574424875472
}