{
    "total_epochs": 1000,
    "min_loss": 0.034596,
    "params@min_loss": {
        "epoch": 1000,
        "val_loss": 0.035307,
        "mae": 0.0,
        "val_mae": 0.0,
        "power_log_loss": 0.055285,
        "val_power_log_loss": 0.060538
    },
    "min_val_loss": 0.035166,
    "params@min_val_loss": {
        "epoch": 999,
        "val_loss": 0.035166,
        "mae": 0.0,
        "val_mae": 0.0,
        "power_log_loss": 0.056299,
        "val_power_log_loss": 0.060148
    },
    "min_mae": 0.0,
    "params@min_mae": {
        "epoch": 1,
        "val_loss": 0.43062,
        "mae": 0.0,
        "val_mae": 0.0,
        "power_log_loss": 2.1553,
        "val_power_log_loss": 1.7725
    },
    "min_val_mae": 0.0,
    "params@min_val_mae": {
        "epoch": 1,
        "val_loss": 0.43062,
        "mae": 0.0,
        "val_mae": 0.0,
        "power_log_loss": 2.1553,
        "val_power_log_loss": 1.7725
    },
    "min_power_log_loss": 0.053522,
    "params@min_power_log_loss": {
        "epoch": 817,
        "val_loss": 0.042616,
        "mae": 0.0,
        "val_mae": 0.0,
        "power_log_loss": 0.053522,
        "val_power_log_loss": 0.058102
    },
    "min_val_power_log_loss": 0.055781,
    "params@min_val_power_log_loss": {
        "epoch": 641,
        "val_loss": 0.081551,
        "mae": 0.0,
        "val_mae": 0.0,
        "power_log_loss": 0.056649,
        "val_power_log_loss": 0.055781
    },
    "learning_rate_max": 0.00014,
    "learning_rate_min": 0.00014,
    "learning_rate_mean": 0.00013999999999999996,
    "evaluation_metrics": {
        "train_loss": 0.03458855673670769,
        "val_loss": 0.03516564145684242,
        "train_mae": 0.04047481343150139,
        "train_afmae": 0.0572151318192482,
        "val_mae": 0.03989912569522858,
        "val_afmae": 0.060148030519485474
    }
}