{
    "total_epochs": 30000,
    "min_loss": 0.0019017,
    "params@min_loss": {
        "epoch": 29968,
        "val_loss": 0.0022436,
        "power_log_loss": 0.00077254,
        "val_power_log_loss": 0.0022425
    },
    "min_val_loss": 0.0021947,
    "params@min_val_loss": {
        "epoch": 29272,
        "val_loss": 0.0021947,
        "power_log_loss": 0.0011422,
        "val_power_log_loss": 0.00207
    },
    "min_power_log_loss": 0.00077165,
    "params@min_power_log_loss": {
        "epoch": 29993,
        "val_loss": 0.0022436,
        "power_log_loss": 0.00077165,
        "val_power_log_loss": 0.0022424
    },
    "min_val_power_log_loss": 0.0020413,
    "params@min_val_power_log_loss": {
        "epoch": 27099,
        "val_loss": 0.0021959,
        "power_log_loss": 0.0017611,
        "val_power_log_loss": 0.0020413
    },
    "learning_rate_max": 0.02,
    "learning_rate_min": 8.4782e-06,
    "learning_rate_mean": 0.0035399541795733333
}