{
  "completed_epoch": 30000,
  "min_loss": 0.0019016701262444258,
  "min_val_loss": 0.0021947117056697607,
  "current_epoch": 0,
  "model_name": "WaveNet5",
  "training_alive": false,
  "timestamp": "20250706030903.0",
  "best_weights_file": "projects/WNET5_RealAlias_E07/data\\WNET5_RealAlias_E07_best_weights.h5",
  "best_val_weights_file": "projects/WNET5_RealAlias_E07/data\\WNET5_RealAlias_E07_best_val_weights.h5",
  "loss": 0.0019017683807760477,
  "val_loss": 0.002244011266157031,
  "val_power_log_loss": 0.002243734197691083,
  "power_log_loss": 0.0007719494751654565,
  "lr": 8.478225936414674e-06,
  "elapsed_time": 7781.64456987381,
  "remaining_time": 0.16665299969217315,
  "expected_finish_time": "2025-07-06 03:09:03",
  "smoothed_speed": 21601.771385151213
}