{
  "completed_epoch": 1000,
  "min_loss": 0.03374467045068741,
  "min_val_loss": 0.03348803520202637,
  "current_epoch": 1000,
  "model_name": "FRIMLP",
  "training_alive": false,
  "timestamp": "20260411140819.5",
  "best_weights_file": "projects/04_FRIMLP/FRIMLPh8u6l6_e1k_lr2e3_mlp15l8_tanh_d00/data\\FRIMLPh8u6l6_e1k_lr2e3_mlp15l8_tanh_d00_best_weights.h5",
  "best_val_weights_file": "projects/04_FRIMLP/FRIMLPh8u6l6_e1k_lr2e3_mlp15l8_tanh_d00/data\\FRIMLPh8u6l6_e1k_lr2e3_mlp15l8_tanh_d00_best_val_weights.h5",
  "loss": 0.03346572443842888,
  "val_loss": 0.03317078575491905,
  "mae": 0.0,
  "afmae": 1.8263572454452515,
  "val_mae": 0.0,
  "val_afmae": 1.825807809829712,
  "val_power_log_loss": 0.07815506309270859,
  "power_log_loss": 0.07908695191144943,
  "lr": 0.00039999998989515007,
  "elapsed_time": 149.68456268310547,
  "remaining_time": 0.0,
  "expected_finish_time": "2026-04-11 14:07:42",
  "smoothed_speed": 34039.89638286409
}