{
    "total_epochs": 1000,
    "min_loss": 0.033466,
    "params@min_loss": {
        "epoch": 1000,
        "val_loss": 0.033171,
        "mae": 0.0,
        "val_mae": 0.0,
        "power_log_loss": 0.079087,
        "val_power_log_loss": 0.078155
    },
    "min_val_loss": 0.033171,
    "params@min_val_loss": {
        "epoch": 1000,
        "val_loss": 0.033171,
        "mae": 0.0,
        "val_mae": 0.0,
        "power_log_loss": 0.079087,
        "val_power_log_loss": 0.078155
    },
    "min_mae": 0.0,
    "params@min_mae": {
        "epoch": 1,
        "val_loss": 0.22356,
        "mae": 0.0,
        "val_mae": 0.0,
        "power_log_loss": 1.1246,
        "val_power_log_loss": 0.74939
    },
    "min_val_mae": 0.0,
    "params@min_val_mae": {
        "epoch": 1,
        "val_loss": 0.22356,
        "mae": 0.0,
        "val_mae": 0.0,
        "power_log_loss": 1.1246,
        "val_power_log_loss": 0.74939
    },
    "min_power_log_loss": 0.077774,
    "params@min_power_log_loss": {
        "epoch": 974,
        "val_loss": 0.034083,
        "mae": 0.0,
        "val_mae": 0.0,
        "power_log_loss": 0.077774,
        "val_power_log_loss": 0.083513
    },
    "min_val_power_log_loss": 0.077063,
    "params@min_val_power_log_loss": {
        "epoch": 979,
        "val_loss": 0.034222,
        "mae": 0.0,
        "val_mae": 0.0,
        "power_log_loss": 0.078603,
        "val_power_log_loss": 0.077063
    },
    "learning_rate_max": 0.0004,
    "learning_rate_min": 0.0004,
    "learning_rate_mean": 0.00040000000000000013,
    "evaluation_metrics": {
        "weights_source": "best_val",
        "train_loss": 0.032770849764347076,
        "val_loss": 0.033170782029628754,
        "train_mae": 0.021519096568226814,
        "train_afmae": 0.07711407542228699,
        "val_mae": 0.02182094193994999,
        "val_afmae": 0.07815506309270859
    }
}