{
    "total_epochs": 30000,
    "min_loss": 0.0011836,
    "params@min_loss": {
        "epoch": 29987,
        "val_loss": 0.001283,
        "power_log_loss": 0.0017477,
        "val_power_log_loss": 0.0021377
    },
    "min_val_loss": 0.0012826,
    "params@min_val_loss": {
        "epoch": 29984,
        "val_loss": 0.0012826,
        "power_log_loss": 0.0017473,
        "val_power_log_loss": 0.0021342
    },
    "min_power_log_loss": 0.0017465,
    "params@min_power_log_loss": {
        "epoch": 29997,
        "val_loss": 0.0012828,
        "power_log_loss": 0.0017465,
        "val_power_log_loss": 0.002134
    },
    "min_val_power_log_loss": 0.002128,
    "params@min_val_power_log_loss": {
        "epoch": 29274,
        "val_loss": 0.0012841,
        "power_log_loss": 0.0017638,
        "val_power_log_loss": 0.002128
    },
    "learning_rate_max": 0.002,
    "learning_rate_min": 1.0629e-05,
    "learning_rate_mean": 0.0008660532481000001
}