{
  "completed_epoch": 1000,
  "min_loss": 0.032279253005981445,
  "min_val_loss": 0.031744956970214844,
  "current_epoch": 1000,
  "model_name": "FRIMLP",
  "training_alive": false,
  "timestamp": "20260411150013.5",
  "best_weights_file": "projects/04_FRIMLP/FRIMLPh8u6l6_e1k_lr2e3_mlp20l7_tanh_d00/data\\FRIMLPh8u6l6_e1k_lr2e3_mlp20l7_tanh_d00_best_weights.h5",
  "best_val_weights_file": "projects/04_FRIMLP/FRIMLPh8u6l6_e1k_lr2e3_mlp20l7_tanh_d00/data\\FRIMLPh8u6l6_e1k_lr2e3_mlp20l7_tanh_d00_best_val_weights.h5",
  "loss": 0.03667421638965607,
  "val_loss": 0.03358643874526024,
  "mae": 0.0,
  "afmae": 0.6462177634239197,
  "val_mae": 0.0,
  "val_afmae": 0.6458390355110168,
  "val_power_log_loss": 0.076457679271698,
  "power_log_loss": 0.08723118901252747,
  "lr": 0.00039999998989515007,
  "elapsed_time": 155.98377299308777,
  "remaining_time": 0.0,
  "expected_finish_time": "2026-04-11 14:59:22",
  "smoothed_speed": 30409.354853390865
}