{
  "project_name": "FRIKANh8u6l6_e1k_lr4e4_nopositive",
  "generated_at": "2026-04-21T23:26:09.149287+08:00",
  "status": "complete",
  "calculation_standard": "ablation-study-v1",
  "sources": {
    "training_info": true,
    "compute_analysis": true,
    "model_info": true,
    "linear_response": true,
    "linearity_by_frequency": true,
    "config": true,
    "board_inference_config": false,
    "board_inference_qemu": false,
    "board_inference_keil": false
  },
  "missing_sources": [],
  "missing_sections": [],
  "epochs": 27,
  "min_loss": 0.41005,
  "min_val_loss": 0.41365,
  "train_loss": 0.409013569355011,
  "val_loss": 0.4136470556259155,
  "train_mae": 0.17767606675624847,
  "train_afmae": 1.0040239095687866,
  "val_mae": 0.17753343284130096,
  "val_afmae": 1.0167059898376465,
  "weights_source": "best_val",
  "freq_drift_hz": 658252.9414485251,
  "sens_drift_percent": 281.75113754297786,
  "linearity_percent": 60.11956582718404,
  "compute_cost": 1710.0,
  "total_params": 2569,
  "lr": 0.0004,
  "use_cosine_annealing": false,
  "metric_details": {
    "natural_frequency_drift": {
      "min": 106.12259242317337,
      "max": 658438.8943301009,
      "median": 185.95288157584318,
      "count": 25,
      "unit": "Hz",
      "method": "max(|max-median|, |median-min|) from fn_comped",
      "drift": 658252.9414485251
    },
    "sensitivity_drift": {
      "min": 17.378522053565646,
      "max": 334.2327842536075,
      "median": 52.48164671062965,
      "count": 25,
      "unit": "%",
      "method": "max(|max-median|, |median-min|) from interpolated sensitivity",
      "drift": 281.75113754297786,
      "frequency_hz": 100.0
    },
    "linearity": {
      "mean": 60.11956582718404,
      "max": 95.26893699928914,
      "min": 30.711152801140184,
      "count": 14,
      "unit": "%",
      "method": "mean(1 - R^2) across frequency points"
    },
    "natural_frequency_drift_origin": {
      "min": 34.24511188160566,
      "max": 93.39109038646993,
      "median": 58.89345106524416,
      "count": 25,
      "unit": "Hz",
      "method": "max(|max-median|, |median-min|) from fn_origin",
      "drift": 34.49763932122577
    },
    "sensitivity_drift_origin": {
      "min": 60.001934754356135,
      "max": 203.37127543336493,
      "median": 144.5628340451216,
      "count": 25,
      "unit": "%",
      "method": "max(|max-median|, |median-min|) from interpolated origin sensitivity",
      "drift": 84.56089929076546,
      "frequency_hz": 100.0
    },
    "linearity_origin": {
      "mean": 2.5499568401843997,
      "max": 6.418887454843169,
      "min": 0.359242046082775,
      "count": 14,
      "unit": "%",
      "method": "mean(1 - R^2) across frequency points"
    }
  },
  "compute_details": {
    "total_params": 2569,
    "additions": 266,
    "multiplications": 40,
    "maps": 234,
    "total_ops": 540,
    "weighted_total": 1710.0,
    "weighted_additions": 266.0,
    "weighted_multiplications": 40.0,
    "weighted_maps": 1404.0
  },
  "compute_cost_status": "complete",
  "compute_has_unsupported_layers": false,
  "compute_unsupported_layer_count": 0,
  "compute_unsupported_layers": [],
  "compute_unsupported_layer_details": [],
  "compute_cost_warning": null,
  "loss_function": "MAE+AFMAE",
  "loss_function_key": "power_log_mae",
  "loss_function_source": "config.use_power_loss",
  "board_inference_ep_path": null,
  "board_qemu_mae": null,
  "board_keil_mae": null,
  "board_keil_speed": null,
  "board_inference": {
    "configured": false,
    "ep_path": null,
    "project_dir": null,
    "qemu_summary_path": null,
    "keil_summary_path": null,
    "qemu_summary_exists": false,
    "keil_summary_exists": false,
    "qemu_mae": null,
    "keil_mae": null,
    "keil_wall_time_per_iter_ms": null,
    "keil_point_count_per_iter": null,
    "keil_speed_ms_per_point": null,
    "keil_speed_unit": "ms/point",
    "missing_sources": [],
    "missing_sections": []
  },
  "display_metrics": {
    "Loss Function": "MAE+AFMAE",
    "TRAIN_MAE": 0.17767606675624847,
    "TRAIN_AFMAE": 1.0040239095687866,
    "VAL_MAE": 0.17753343284130096,
    "VAL_AFMAE": 1.0167059898376465,
    "Freq Drift (Hz)": 658252.9414485251,
    "Sens Drift (%)": 281.75113754297786,
    "Linearity (%)": 60.11956582718404,
    "Compute Cost": 1710.0,
    "Total Params": 2569,
    "Epochs": 27,
    "LR": 0.0004,
    "Cosine Annealing": false,
    "QEMU-MAE": null,
    "KEIL-MAE": null,
    "KEIL-SPEED": null
  }
}