{
  "completed_epoch": 27,
  "min_loss": 0.4100459814071655,
  "min_val_loss": 0.41364702582359314,
  "current_epoch": 27,
  "model_name": "FRIKAN",
  "training_alive": true,
  "timestamp": "20260418232436.3",
  "best_weights_file": "projects/01_LR_STUDY/FRIKANh8u6l6_e1k_lr4e4_nopositive/data\\FRIKANh8u6l6_e1k_lr4e4_nopositive_best_weights.h5",
  "best_val_weights_file": "projects/01_LR_STUDY/FRIKANh8u6l6_e1k_lr4e4_nopositive/data\\FRIKANh8u6l6_e1k_lr4e4_nopositive_best_val_weights.h5",
  "loss": 0.4184514880180359,
  "val_loss": 0.4199143648147583,
  "mae": 0.0,
  "afmae": 1.1813788414001465,
  "val_mae": 0.0,
  "val_afmae": 1.188856601715088,
  "val_power_log_loss": 1.0137691497802734,
  "power_log_loss": 1.004534125328064,
  "lr": 7.999999797903001e-05,
  "elapsed_time": 62.4964702129364,
  "remaining_time": 2304.776943187459,
  "expected_finish_time": "2026-04-19 00:03:01",
  "smoothed_speed": 1519.800000756559
}