{
    "total_epochs": 30000,
    "min_loss": 0.010763,
    "params@min_loss": {
        "epoch": 29752,
        "val_loss": 0.038251,
        "power_log_loss": 0.016337,
        "val_power_log_loss": 0.13041
    },
    "min_val_loss": 0.014986,
    "params@min_val_loss": {
        "epoch": 5524,
        "val_loss": 0.014986,
        "power_log_loss": 0.034744,
        "val_power_log_loss": 0.034642
    },
    "min_power_log_loss": 0.016337,
    "params@min_power_log_loss": {
        "epoch": 29752,
        "val_loss": 0.038251,
        "power_log_loss": 0.016337,
        "val_power_log_loss": 0.13041
    },
    "min_val_power_log_loss": 0.031833,
    "params@min_val_power_log_loss": {
        "epoch": 5239,
        "val_loss": 0.016104,
        "power_log_loss": 0.030345,
        "val_power_log_loss": 0.031833
    },
    "learning_rate_max": 0.002,
    "learning_rate_min": 1.1453e-07,
    "learning_rate_mean": 0.000200958921228,
    "evaluation_metrics": {
        "train_loss": 0.08652044832706451,
        "val_loss": 0.08708973228931427,
        "train_mae": 0.03811570256948471,
        "train_afmae": 0.2230779230594635,
        "val_mae": 0.03786340728402138,
        "val_afmae": 0.2255905568599701
    }
}