{
  "completed_epoch": 30000,
  "min_loss": 0.011112770065665245,
  "min_val_loss": 0.01289401762187481,
  "current_epoch": 0,
  "model_name": "WaveNet5",
  "training_alive": true,
  "timestamp": "20250707201533.7",
  "best_weights_file": "projects/WNET5q0.5h6u8l4nrelu/data\\WNET5q0.5h6u8l4nrelu_best_weights.h5",
  "best_val_weights_file": "projects/WNET5q0.5h6u8l4nrelu/data\\WNET5q0.5h6u8l4nrelu_best_val_weights.h5",
  "loss": 0.011112847365438938,
  "val_loss": 0.012966014444828033,
  "val_power_log_loss": 0.02748735435307026,
  "power_log_loss": 0.018296459689736366,
  "lr": 8.478225936414674e-06,
  "elapsed_time": 3641.7780458927155,
  "remaining_time": 0.13872722088874248,
  "expected_finish_time": "2025-04-25 11:27:45",
  "smoothed_speed": 25950.206289270045
}