{
  "completed_epoch": 2,
  "min_loss": 1.7499287128448486,
  "min_val_loss": 1.8673099279403687,
  "current_epoch": 2,
  "model_name": "FRIKAN",
  "training_alive": false,
  "timestamp": "20260420172253.2",
  "best_weights_file": "projects/08_IIR_AB/FRIKANh8u6l6_e1k_lr1e4_randiir_trainable_trueiir_rawfast_mb48_simoiirprobe_20260420/data\\FRIKANh8u6l6_e1k_lr1e4_randiir_trainable_trueiir_rawfast_mb48_simoiirprobe_20260420_best_weights.h5",
  "best_val_weights_file": "projects/08_IIR_AB/FRIKANh8u6l6_e1k_lr1e4_randiir_trainable_trueiir_rawfast_mb48_simoiirprobe_20260420/data\\FRIKANh8u6l6_e1k_lr1e4_randiir_trainable_trueiir_rawfast_mb48_simoiirprobe_20260420_best_val_weights.h5",
  "loss": 1.7288926839828491,
  "val_loss": 1.8449680805206299,
  "mae": 0.0,
  "afmae": 1.9513169527053833,
  "val_mae": 0.0,
  "val_afmae": 1.9414393901824951,
  "val_power_log_loss": 1.9080631732940674,
  "power_log_loss": 1.8917862176895142,
  "lr": 1.9999999494757503e-05,
  "elapsed_time": 586.1529929637909,
  "remaining_time": 287404.21797675506,
  "expected_finish_time": "2026-04-24 01:12:57",
  "smoothed_speed": 12.500860374605157
}