{
  "completed_epoch": 2,
  "min_loss": 1.6686636209487915,
  "min_val_loss": 1.7432661056518555,
  "current_epoch": 2,
  "model_name": "FRIKAN",
  "training_alive": false,
  "timestamp": "20260420211834.6",
  "best_weights_file": "projects/08_IIR_AB/FRIKANh8u6l6_e1k_lr1e4_randiir_trainable_trueiir_rawfast_mb62_simoiirprobe_20260420/data\\FRIKANh8u6l6_e1k_lr1e4_randiir_trainable_trueiir_rawfast_mb62_simoiirprobe_20260420_best_weights.h5",
  "best_val_weights_file": "projects/08_IIR_AB/FRIKANh8u6l6_e1k_lr1e4_randiir_trainable_trueiir_rawfast_mb62_simoiirprobe_20260420/data\\FRIKANh8u6l6_e1k_lr1e4_randiir_trainable_trueiir_rawfast_mb62_simoiirprobe_20260420_best_val_weights.h5",
  "loss": 1.6504923105239868,
  "val_loss": 1.7283631563186646,
  "mae": 0.0,
  "afmae": 1.844799280166626,
  "val_mae": 0.0,
  "val_afmae": 1.830358862876892,
  "val_power_log_loss": 1.8091882467269897,
  "power_log_loss": 1.8259369134902954,
  "lr": 1.9999999494757503e-05,
  "elapsed_time": 475.72821044921875,
  "remaining_time": 221951.62854779742,
  "expected_finish_time": "2026-04-23 10:57:46",
  "smoothed_speed": 16.187310827621562
}