{
  "project_name": "GRNu16_e1k_lr7e4",
  "generated_at": "2026-04-21T23:24:24.495760+08:00",
  "status": "complete",
  "calculation_standard": "ablation-study-v1",
  "sources": {
    "training_info": true,
    "compute_analysis": true,
    "model_info": true,
    "linear_response": true,
    "linearity_by_frequency": true,
    "config": true,
    "board_inference_config": false,
    "board_inference_qemu": false,
    "board_inference_keil": false
  },
  "missing_sources": [],
  "missing_sections": [],
  "epochs": 1000,
  "min_loss": 0.048461,
  "min_val_loss": 0.048862,
  "train_loss": 0.04850832745432854,
  "val_loss": 0.04886150732636452,
  "train_mae": 0.017304619774222374,
  "train_afmae": 0.1404130756855011,
  "val_mae": 0.01768304780125618,
  "val_afmae": 0.14020094275474548,
  "weights_source": "best_val",
  "freq_drift_hz": 9.326396116219591,
  "sens_drift_percent": 35.03093011750126,
  "linearity_percent": 2.389910751373509,
  "compute_cost": 2688.0,
  "total_params": 1201,
  "lr": 0.0007,
  "use_cosine_annealing": false,
  "metric_details": {
    "natural_frequency_drift": {
      "min": 24.077927903617358,
      "max": 41.17076804919281,
      "median": 33.40432401983695,
      "count": 25,
      "unit": "Hz",
      "method": "max(|max-median|, |median-min|) from fn_comped",
      "drift": 9.326396116219591
    },
    "sensitivity_drift": {
      "min": 24.6276422357504,
      "max": 80.80261522938085,
      "median": 59.658572353251664,
      "count": 25,
      "unit": "%",
      "method": "max(|max-median|, |median-min|) from interpolated sensitivity",
      "drift": 35.03093011750126,
      "frequency_hz": 100.0
    },
    "linearity": {
      "mean": 2.389910751373509,
      "max": 9.234792679776127,
      "min": 0.44097590349646554,
      "count": 14,
      "unit": "%",
      "method": "mean(1 - R^2) across frequency points"
    },
    "natural_frequency_drift_origin": {
      "min": 34.24511188160566,
      "max": 93.39109038646993,
      "median": 58.89345106524416,
      "count": 25,
      "unit": "Hz",
      "method": "max(|max-median|, |median-min|) from fn_origin",
      "drift": 34.49763932122577
    },
    "sensitivity_drift_origin": {
      "min": 60.001934754356135,
      "max": 203.37127543336493,
      "median": 144.5628340451216,
      "count": 25,
      "unit": "%",
      "method": "max(|max-median|, |median-min|) from interpolated origin sensitivity",
      "drift": 84.56089929076546,
      "frequency_hz": 100.0
    },
    "linearity_origin": {
      "mean": 2.5499568401843997,
      "max": 6.418887454843169,
      "min": 0.359242046082775,
      "count": 14,
      "unit": "%",
      "method": "mean(1 - R^2) across frequency points"
    }
  },
  "compute_details": {
    "total_params": 1201,
    "additions": 1168,
    "multiplications": 1136,
    "maps": 64,
    "total_ops": 2368,
    "weighted_total": 2688.0,
    "weighted_additions": 1168.0,
    "weighted_multiplications": 1136.0,
    "weighted_maps": 384.0
  },
  "compute_cost_status": "complete",
  "compute_has_unsupported_layers": false,
  "compute_unsupported_layer_count": 0,
  "compute_unsupported_layers": [],
  "compute_unsupported_layer_details": [],
  "compute_cost_warning": null,
  "loss_function": "MAE+AFMAE",
  "loss_function_key": "power_log_mae",
  "loss_function_source": "config.use_power_loss",
  "board_inference_ep_path": null,
  "board_qemu_mae": null,
  "board_keil_mae": null,
  "board_keil_speed": null,
  "board_inference": {
    "configured": false,
    "ep_path": null,
    "project_dir": null,
    "qemu_summary_path": null,
    "keil_summary_path": null,
    "qemu_summary_exists": false,
    "keil_summary_exists": false,
    "qemu_mae": null,
    "keil_mae": null,
    "keil_wall_time_per_iter_ms": null,
    "keil_point_count_per_iter": null,
    "keil_speed_ms_per_point": null,
    "keil_speed_unit": "ms/point",
    "missing_sources": [],
    "missing_sections": []
  },
  "display_metrics": {
    "Loss Function": "MAE+AFMAE",
    "TRAIN_MAE": 0.017304619774222374,
    "TRAIN_AFMAE": 0.1404130756855011,
    "VAL_MAE": 0.01768304780125618,
    "VAL_AFMAE": 0.14020094275474548,
    "Freq Drift (Hz)": 9.326396116219591,
    "Sens Drift (%)": 35.03093011750126,
    "Linearity (%)": 2.389910751373509,
    "Compute Cost": 2688.0,
    "Total Params": 1201,
    "Epochs": 1000,
    "LR": 0.0007,
    "Cosine Annealing": false,
    "QEMU-MAE": null,
    "KEIL-MAE": null,
    "KEIL-SPEED": null
  }
}