{
  "completed_epoch": 1000,
  "min_loss": 0.04846116900444031,
  "min_val_loss": 0.04886150732636452,
  "current_epoch": 1000,
  "model_name": "GRN",
  "training_alive": false,
  "timestamp": "20260405000336.8",
  "best_weights_file": "projects/01_LR_STUDY/GRNu16_e1k_lr7e4/data\\GRNu16_e1k_lr7e4_best_weights.h5",
  "best_val_weights_file": "projects/01_LR_STUDY/GRNu16_e1k_lr7e4/data\\GRNu16_e1k_lr7e4_best_val_weights.h5",
  "loss": 0.048896919935941696,
  "val_loss": 0.04899824410676956,
  "mae": 0.0,
  "afmae": 2.577000617980957,
  "val_mae": 0.0,
  "val_afmae": 2.57698392868042,
  "val_power_log_loss": 0.13872547447681427,
  "power_log_loss": 0.13972637057304382,
  "lr": 0.00014000000373926014,
  "elapsed_time": 1815.2394378185272,
  "remaining_time": 1.7659307973434597,
  "expected_finish_time": "2026-04-04 01:32:12",
  "smoothed_speed": 2038.584980462192
}