{
  "project_name": "RNNu16_e1k_puremae_r15_relu",
  "generated_at": "2026-04-15T04:18:18.715200+08:00",
  "status": "complete",
  "calculation_standard": "ablation-study-v1",
  "sources": {
    "training_info": true,
    "compute_analysis": true,
    "model_info": true,
    "linear_response": true,
    "linearity_by_frequency": true,
    "config": true
  },
  "missing_sources": [],
  "missing_sections": [],
  "epochs": 1000,
  "min_loss": 0.011273,
  "min_val_loss": 0.010896,
  "train_loss": 0.010863001458346844,
  "val_loss": 0.010895807296037674,
  "train_mae": 0.010863001458346844,
  "train_afmae": 0.11547660082578659,
  "val_mae": 0.010895807296037674,
  "val_afmae": 0.11513258516788483,
  "weights_source": "best_val",
  "freq_drift_hz": 7.453469980385702,
  "sens_drift_percent": 28.26305879768843,
  "linearity_percent": 1.1875837793387316,
  "compute_cost": 1280.0,
  "total_params": 577,
  "lr": 0.0015,
  "use_cosine_annealing": false,
  "metric_details": {
    "natural_frequency_drift": {
      "min": 28.116980837165368,
      "max": 37.41309065557949,
      "median": 35.57045081755107,
      "count": 25,
      "unit": "Hz",
      "method": "max(|max-median|, |median-min|) from fn_comped",
      "drift": 7.453469980385702
    },
    "sensitivity_drift": {
      "min": 39.718178768202336,
      "max": 71.08705146133511,
      "median": 67.98123756589077,
      "count": 25,
      "unit": "%",
      "method": "max(|max-median|, |median-min|) from interpolated sensitivity",
      "drift": 28.26305879768843,
      "frequency_hz": 100.0
    },
    "linearity": {
      "mean": 1.1875837793387316,
      "max": 4.04021586019534,
      "min": 0.3220457764653184,
      "count": 14,
      "unit": "%",
      "method": "mean(1 - R^2) across frequency points"
    },
    "natural_frequency_drift_origin": {
      "min": 34.24511188160566,
      "max": 93.39109038646993,
      "median": 58.89345106524416,
      "count": 25,
      "unit": "Hz",
      "method": "max(|max-median|, |median-min|) from fn_origin",
      "drift": 34.49763932122577
    },
    "sensitivity_drift_origin": {
      "min": 60.001934754356135,
      "max": 203.37127543336493,
      "median": 144.5628340451216,
      "count": 25,
      "unit": "%",
      "method": "max(|max-median|, |median-min|) from interpolated origin sensitivity",
      "drift": 84.56089929076546,
      "frequency_hz": 100.0
    },
    "linearity_origin": {
      "mean": 2.5499568401843997,
      "max": 6.418887454843169,
      "min": 0.359242046082775,
      "count": 14,
      "unit": "%",
      "method": "mean(1 - R^2) across frequency points"
    }
  },
  "compute_details": {
    "total_params": 577,
    "additions": 544,
    "multiplications": 544,
    "maps": 32,
    "total_ops": 1120,
    "weighted_total": 1280.0,
    "weighted_additions": 544.0,
    "weighted_multiplications": 544.0,
    "weighted_maps": 192.0
  },
  "compute_cost_status": "complete",
  "compute_has_unsupported_layers": false,
  "compute_unsupported_layer_count": 0,
  "compute_unsupported_layers": [],
  "compute_unsupported_layer_details": [],
  "compute_cost_warning": null,
  "loss_function": "MAE",
  "loss_function_key": "mae",
  "loss_function_source": "config.use_power_loss",
  "display_metrics": {
    "Loss Function": "MAE",
    "TRAIN_MAE": 0.010863001458346844,
    "TRAIN_AFMAE": 0.11547660082578659,
    "VAL_MAE": 0.010895807296037674,
    "VAL_AFMAE": 0.11513258516788483,
    "Freq Drift (Hz)": 7.453469980385702,
    "Sens Drift (%)": 28.26305879768843,
    "Linearity (%)": 1.1875837793387316,
    "Compute Cost": 1280.0,
    "Total Params": 577,
    "Epochs": 1000,
    "LR": 0.0015,
    "Cosine Annealing": false
  }
}