{
  "completed_epoch": 1000,
  "min_loss": 0.011272751726210117,
  "min_val_loss": 0.010895807296037674,
  "current_epoch": 1000,
  "model_name": "RNN",
  "training_alive": false,
  "timestamp": "20260415041751.4",
  "best_weights_file": "projects/07_RNN/RNNu16_e1k_puremae_r15_relu/data\\RNNu16_e1k_puremae_r15_relu_best_weights.h5",
  "best_val_weights_file": "projects/07_RNN/RNNu16_e1k_puremae_r15_relu/data\\RNNu16_e1k_puremae_r15_relu_best_val_weights.h5",
  "loss": 0.01268878672271967,
  "val_loss": 0.01117068063467741,
  "mae": 0.0,
  "afmae": 0.3982371389865875,
  "val_mae": 0.0,
  "val_afmae": 0.39715301990509033,
  "val_power_log_loss": 0.0,
  "power_log_loss": 0.0,
  "lr": 0.003000000026077032,
  "elapsed_time": 12688.253916978836,
  "remaining_time": 0.0,
  "expected_finish_time": "2026-04-15 04:17:25",
  "smoothed_speed": 282.9891606621733
}