{
  "project_name": "WNET5q1h2u6l3",
  "task_type": "wnet5-circuit-validation",
  "analysis_layer": 2,
  "frequency_range": {
    "start_freq": 2,
    "stop_freq": 500
  },
  "svf": {
    "center_freqs": [
      10.0,
      80.0
    ],
    "quality_factors": [
      1.0,
      1.0
    ],
    "transfer_functions": []
  },
  "dense_layer": {
    "layer_name": "Dense_Layer_Model_2",
    "weights": [
      [
        0.18034206330776215,
        0.08071932196617126,
        -0.24813523888587952,
        -2.2428173906519078e-05,
        0.01780608668923378,
        -1.123763084411621
      ],
      [
        0.8715378046035767,
        0.15219774842262268,
        0.8671615719795227,
        0.6347566246986389,
        0.27394887804985046,
        -0.9001896381378174
      ],
      [
        -0.20364683866500854,
        -2.329371452331543,
        0.46387264132499695,
        -0.48990342020988464,
        -0.22962906956672668,
        0.4614340662956238
      ],
      [
        0.5846133828163147,
        -0.23233646154403687,
        -0.6675431132316589,
        -1.3350926637649536,
        -0.27809882164001465,
        0.34244704246520996
      ],
      [
        -0.3079776167869568,
        0.5584430694580078,
        0.8696979284286499,
        1.0033634901046753,
        1.141150712966919,
        0.208673357963562
      ],
      [
        -4.3692708015441895,
        -4.738905906677246,
        -0.5534973740577698,
        1.5616390705108643,
        -4.669037818908691,
        -0.5084484219551086
      ]
    ],
    "bias": [
      -0.1523178368806839,
      -0.2778867483139038,
      0.12361112982034683,
      -0.08005724102258682,
      -0.36769530177116394,
      0.04478456452488899
    ]
  },
  "combined_transfer_functions": [],
  "frequency_response": null,
  "artifacts": {
    "plots": [
      "plots\\svf_fit_comparison.png",
      "plots\\svf_error_comparison_merged.png",
      "plots\\svf_dense_error_comparison.png"
    ],
    "report": "reports\\report.md"
  },
  "error_analysis": {
    "frequencies": [
      2.0,
      2.519842,
      3.174802,
      4.0,
      5.039684,
      6.349604,
      8.0,
      10.079369,
      12.699208,
      16.0,
      20.158737,
      25.398417,
      32.0,
      40.317474,
      50.796833,
      64.0,
      80.634949,
      101.593666,
      128.0,
      161.269897,
      203.187332,
      256.0,
      322.540009,
      406.369995,
      512.0
    ],
    "error_ratios": [
      {
        "channel": "D2_1",
        "ratios": [
          0.7042703531875975,
          0.7008078897216432,
          0.6963983751751335,
          0.6898415641787581,
          0.6783656410818427,
          0.6582449836517018,
          0.6292896492781525,
          0.6298415379100804,
          0.7441317734265973,
          0.9063748155438704,
          0.9812824669182881,
          0.99375449052889,
          0.9950113201772016,
          1.0010818581193541,
          1.0193443608155555,
          1.0358869451131205,
          1.0512484728614233,
          1.0921752847136639,
          1.209922228835545,
          1.4382346161869684,
          1.8406784091462518,
          2.5475048712260424,
          3.784500410689965,
          5.510932399788986,
          NaN
        ]
      },
      {
        "channel": "D2_2",
        "ratios": [
          1.1006397190134416,
          1.1014395350796784,
          1.1014535039141031,
          1.0978839097218718,
          1.0989191060780026,
          1.0824804226906288,
          1.0358084052067822,
          0.9550623052281683,
          0.9454995532952947,
          1.0327472588181457,
          1.0913587344569087,
          1.099102504195559,
          1.0947301153947608,
          1.0854815442626853,
          1.0717610462556912,
          1.0389604043651408,
          0.9644108712201294,
          0.888801441851803,
          0.8074776513927205,
          0.7015248816808091,
          0.5336924407074859,
          0.31856702914333074,
          0.6665559031019853,
          1.7482515603485398,
          NaN
        ]
      },
      {
        "channel": "D2_3",
        "ratios": [
          0.6549314672785944,
          0.8390530706656718,
          1.0974742215429116,
          1.4597462884451562,
          1.9418242056434014,
          2.3731523274406414,
          2.317848906220971,
          1.762045167522805,
          1.2172587000613013,
          0.908936492046933,
          0.7568563368615779,
          0.6794702819607481,
          0.6579281281116401,
          0.7106811844484436,
          0.8878718995264799,
          1.1804736993229945,
          1.2918444429769318,
          1.168137322948321,
          1.0491010246025192,
          0.9812023843614869,
          0.9417285773144586,
          0.9197810896380647,
          0.9070027169579278,
          0.8992814431778278,
          NaN
        ]
      },
      {
        "channel": "D2_4",
        "ratios": [
          0.9710393783357042,
          0.9814875417671218,
          0.9966601195891098,
          1.0182590074471982,
          1.0547992925702359,
          1.0962706114224319,
          1.1175595129930138,
          1.0647880855339333,
          0.9696775368499762,
          0.9219486971982451,
          0.9258441940024963,
          0.9434218976897376,
          0.9658924188765102,
          0.9860933939098776,
          1.002431076385943,
          1.0066855832975214,
          0.9872011024579186,
          0.9628060142686661,
          0.9592349753314806,
          0.9732045665704473,
          0.9883151843219123,
          1.0029336185279745,
          1.014652317424129,
          1.0247759736132942,
          NaN
        ]
      },
      {
        "channel": "D2_5",
        "ratios": [
          2.010177723873483,
          2.0118247615285303,
          2.0122764838525606,
          2.0114160068859923,
          2.010876876914145,
          2.0066347280252717,
          2.0083384195624667,
          2.0606255974312857,
          2.1926788689507823,
          2.255676954180963,
          2.2392314959909534,
          2.2001237132529594,
          2.168852922722006,
          2.1331945662700518,
          2.080508362179366,
          1.9817908188625026,
          1.8025159513319862,
          1.5730583429905203,
          1.317128506939781,
          1.0033016999207425,
          0.697999222682464,
          0.761759272273131,
          1.1970968949906977,
          1.6391091373252542,
          NaN
        ]
      },
      {
        "channel": "D2_6",
        "ratios": [
          0.3083858139651091,
          0.3894633448841433,
          0.49262811465029654,
          0.6235200225012338,
          0.7873779086202064,
          0.9820626484840317,
          1.1728969798705062,
          1.2816118341599911,
          1.3146236917678744,
          1.392788547741142,
          1.5307460493173537,
          1.6749768044911129,
          1.7929809672555075,
          1.858140122492077,
          1.842673293154149,
          1.6663671018808395,
          1.284581378981582,
          0.8856188244518325,
          0.7020495709726692,
          0.7013722058060291,
          0.7527494612934312,
          0.8013264856053731,
          0.8364628039006337,
          0.8609498566099768,
          NaN
        ]
      }
    ],
    "statistics": [
      {
        "channel": "D2_1",
        "mean_error_ratio": 1.3141301965948597,
        "std_error_ratio": 1.1183839253259114,
        "min_error_ratio": 0.6292896492781525,
        "max_error_ratio": 5.510932399788986,
        "median_error_ratio": 0.9943829053530457,
        "within_10_percent": 37.5,