{
  "completed_epoch": 1000,
  "min_loss": 0.029138635843992233,
  "min_val_loss": 0.029935361817479134,
  "current_epoch": 1000,
  "model_name": "FRIKAN",
  "training_alive": false,
  "timestamp": "20260423231946.8",
  "best_weights_file": "projects/09_HPARAM_SENSITIVITY/FRIKANh8u3l6g8s2_e1k_lr7e4_axisU/data\\FRIKANh8u3l6g8s2_e1k_lr7e4_axisU_best_weights.h5",
  "best_val_weights_file": "projects/09_HPARAM_SENSITIVITY/FRIKANh8u3l6g8s2_e1k_lr7e4_axisU/data\\FRIKANh8u3l6g8s2_e1k_lr7e4_axisU_best_val_weights.h5",
  "loss": 0.029677744954824448,
  "val_loss": 0.03036653809249401,
  "mae": 0.0,
  "afmae": 1.2067664861679077,
  "val_mae": 0.0,
  "val_afmae": 1.2076162099838257,
  "val_power_log_loss": 0.06234978511929512,
  "power_log_loss": 0.05856935307383537,
  "lr": 0.00014000000373926014,
  "elapsed_time": 1195.7870466709137,
  "remaining_time": 0.0,
  "expected_finish_time": "2026-04-23 23:19:46",
  "smoothed_speed": 3184.2841515216646
}