{
  "overall": {
    "record_count": 1,
    "sample_count": 400,
    "mae": 0.0006196590498126872,
    "mse": 4.72430531992548e-07,
    "max_abs_error": 0.0021807556428909275,
    "c_output_stats": {
      "min": -0.281485,
      "max": 0.011271,
      "mean": -0.005701469999999999,
      "energy": 0.49503338256799995
    },
    "tf_output_stats": {
      "min": -0.28158944845199585,
      "max": 0.009693514555692673,
      "mean": -0.006257818166473044,
      "energy": 0.4951369557527239
    },
    "diff_stats": {
      "min": -0.0018231298549175254,
      "max": 0.0021807556428909275,
      "mean": 0.0005563481664730439,
      "energy": 0.0001889722127970192
    }
  },
  "per_record": [
    {
      "record_id": "mag0.24_freq10",
      "magnitude": 0.24,
      "frequency": 10.0,
      "mae": 0.0006196590498126872,
      "mse": 4.72430531992548e-07,
      "max_abs_error": 0.0021807556428909275,
      "c_output_stats": {
        "min": -0.281485,
        "max": 0.011271,
        "mean": -0.005701469999999999,
        "energy": 0.49503338256799995
      },
      "tf_output_stats": {
        "min": -0.28158944845199585,
        "max": 0.009693514555692673,
        "mean": -0.006257818166473044,
        "energy": 0.4951369557527239
      },
      "diff_stats": {
        "min": -0.0018231298549175254,
        "max": 0.0021807556428909275,
        "mean": 0.0005563481664730439,
        "energy": 0.0001889722127970192
      }
    }
  ],
  "wave_paths": {
    "keil_output_wave": "ex_projects/inference/qemu-c-inference/lstm_u16_base/data/waves/keil_output.wave"
  }
}