{
  "completed_epoch": 1000,
  "min_loss": 0.03234027698636055,
  "min_val_loss": 0.03168346360325813,
  "current_epoch": 1000,
  "model_name": "FRIMLP",
  "training_alive": false,
  "timestamp": "20260411150350.5",
  "best_weights_file": "projects/04_FRIMLP/FRIMLPh8u6l6_e1k_lr2e3_mlp15l7_tanh_d00/data\\FRIMLPh8u6l6_e1k_lr2e3_mlp15l7_tanh_d00_best_weights.h5",
  "best_val_weights_file": "projects/04_FRIMLP/FRIMLPh8u6l6_e1k_lr2e3_mlp15l7_tanh_d00/data\\FRIMLPh8u6l6_e1k_lr2e3_mlp15l7_tanh_d00_best_val_weights.h5",
  "loss": 0.034372419118881226,
  "val_loss": 0.03845991939306259,
  "mae": 0.0,
  "afmae": 1.2904510498046875,
  "val_mae": 0.0,
  "val_afmae": 1.2894304990768433,
  "val_power_log_loss": 0.08319239318370819,
  "power_log_loss": 0.07689077407121658,
  "lr": 0.00039999998989515007,
  "elapsed_time": 137.73421835899353,
  "remaining_time": 0.0,
  "expected_finish_time": "2026-04-11 15:03:03",
  "smoothed_speed": 36981.63526536602
}