{
  "completed_epoch": 30000,
  "min_loss": 0.0023980261757969856,
  "min_val_loss": 0.0026843640953302383,
  "current_epoch": 0,
  "model_name": "WaveNet5",
  "training_alive": false,
  "timestamp": "20250705231759.0",
  "best_weights_file": "projects/WNET5_RealAlias_E02/data\\WNET5_RealAlias_E02_best_weights.h5",
  "best_val_weights_file": "projects/WNET5_RealAlias_E02/data\\WNET5_RealAlias_E02_best_val_weights.h5",
  "loss": 0.0023980559781193733,
  "val_loss": 0.002701746765524149,
  "val_power_log_loss": 0.003868581959977746,
  "power_log_loss": 0.0025342856533825397,
  "lr": 8.478225936414674e-06,
  "elapsed_time": 7119.28316617012,
  "remaining_time": 0.11427635865572894,
  "expected_finish_time": "2025-07-05 23:17:59",
  "smoothed_speed": 31502.57885662446
}