{
    "total_epochs": 30000,
    "min_loss": 0.002398,
    "params@min_loss": {
        "epoch": 29985,
        "val_loss": 0.0027018,
        "power_log_loss": 0.0025342,
        "val_power_log_loss": 0.0038687
    },
    "min_val_loss": 0.0026844,
    "params@min_val_loss": {
        "epoch": 29432,
        "val_loss": 0.0026844,
        "power_log_loss": 0.0032173,
        "val_power_log_loss": 0.0038294
    },
    "min_power_log_loss": 0.0025341,
    "params@min_power_log_loss": {
        "epoch": 29995,
        "val_loss": 0.0027018,
        "power_log_loss": 0.0025341,
        "val_power_log_loss": 0.0038689
    },
    "min_val_power_log_loss": 0.0038274,
    "params@min_val_power_log_loss": {
        "epoch": 29134,
        "val_loss": 0.0027139,
        "power_log_loss": 0.0027496,
        "val_power_log_loss": 0.0038274
    },
    "learning_rate_max": 0.02,
    "learning_rate_min": 8.4782e-06,
    "learning_rate_mean": 0.0035399541795733333
}