{
  "project_name": "FRIMLPh8u6l6_e1k_lr2e3_mlp32l6_tanh_d00",
  "generated_at": "2026-04-13T10:12:10.028589+08:00",
  "status": "complete",
  "calculation_standard": "ablation-study-v1",
  "sources": {
    "training_info": true,
    "compute_analysis": true,
    "model_info": true,
    "linear_response": true,
    "linearity_by_frequency": true,
    "config": true
  },
  "missing_sources": [],
  "missing_sections": [],
  "epochs": 1000,
  "min_loss": 0.026131,
  "min_val_loss": 0.025774,
  "train_loss": 0.025430947542190552,
  "val_loss": 0.025773756206035614,
  "train_mae": 0.018022708594799042,
  "train_afmae": 0.06042046844959259,
  "val_mae": 0.01808306761085987,
  "val_afmae": 0.06172261759638786,
  "weights_source": "best_val",
  "freq_drift_hz": 3.5208331459605446,
  "sens_drift_percent": 10.596245008493646,
  "linearity_percent": 0.9410324553268425,
  "compute_cost": 12040.0,
  "total_params": 5793,
  "lr": 0.002,
  "use_cosine_annealing": false,
  "metric_details": {
    "natural_frequency_drift": {
      "min": 31.71140814785326,
      "max": 37.537140797310016,
      "median": 34.01630765134947,
      "count": 25,
      "unit": "Hz",
      "method": "max(|max-median|, |median-min|) from fn_comped",
      "drift": 3.5208331459605446
    },
    "sensitivity_drift": {
      "min": 52.49796665216678,
      "max": 71.91511495516025,
      "median": 63.09421166066043,
      "count": 25,
      "unit": "%",
      "method": "max(|max-median|, |median-min|) from interpolated sensitivity",
      "drift": 10.596245008493646,
      "frequency_hz": 100.0
    },
    "linearity": {
      "mean": 0.9410324553268425,
      "max": 3.4952665906351044,
      "min": 0.23836424986294347,
      "count": 14,
      "unit": "%",
      "method": "mean(1 - R^2) across frequency points"
    },
    "natural_frequency_drift_origin": {
      "min": 34.24511188160566,
      "max": 93.39109038646993,
      "median": 58.89345106524416,
      "count": 25,
      "unit": "Hz",
      "method": "max(|max-median|, |median-min|) from fn_origin",
      "drift": 34.49763932122577
    },
    "sensitivity_drift_origin": {
      "min": 60.001934754356135,
      "max": 203.37127543336493,
      "median": 144.5628340451216,
      "count": 25,
      "unit": "%",
      "method": "max(|max-median|, |median-min|) from interpolated origin sensitivity",
      "drift": 84.56089929076546,
      "frequency_hz": 100.0
    },
    "linearity_origin": {
      "mean": 2.5499568401843997,
      "max": 6.418887454843169,
      "min": 0.359242046082775,
      "count": 14,
      "unit": "%",
      "method": "mean(1 - R^2) across frequency points"
    }
  },
  "compute_details": {
    "total_params": 5793,
    "additions": 5440,
    "multiplications": 5448,
    "maps": 192,
    "total_ops": 11080,
    "weighted_total": 12040.0,
    "weighted_additions": 5440.0,
    "weighted_multiplications": 5448.0,
    "weighted_maps": 1152.0
  },
  "compute_cost_status": "complete",
  "compute_has_unsupported_layers": false,
  "compute_unsupported_layer_count": 0,
  "compute_unsupported_layers": [],
  "compute_unsupported_layer_details": [],
  "compute_cost_warning": null,
  "loss_function": "MAE+AFMAE",
  "loss_function_key": "power_log_mae",
  "loss_function_source": "config.use_power_loss",
  "display_metrics": {
    "Loss Function": "MAE+AFMAE",
    "TRAIN_MAE": 0.018022708594799042,
    "TRAIN_AFMAE": 0.06042046844959259,
    "VAL_MAE": 0.01808306761085987,
    "VAL_AFMAE": 0.06172261759638786,
    "Freq Drift (Hz)": 3.5208331459605446,
    "Sens Drift (%)": 10.596245008493646,
    "Linearity (%)": 0.9410324553268425,
    "Compute Cost": 12040.0,
    "Total Params": 5793,
    "Epochs": 1000,
    "LR": 0.002,
    "Cosine Annealing": false
  }
}