{
  "completed_epoch": 1000,
  "min_loss": 0.02613072842359543,
  "min_val_loss": 0.025773756206035614,
  "current_epoch": 1000,
  "model_name": "FRIMLP",
  "training_alive": false,
  "timestamp": "20260411035148.4",
  "best_weights_file": "projects/04_FRIMLP/FRIMLPh8u6l6_e1k_lr2e3_mlp32l6_tanh_d00/data\\FRIMLPh8u6l6_e1k_lr2e3_mlp32l6_tanh_d00_best_weights.h5",
  "best_val_weights_file": "projects/04_FRIMLP/FRIMLPh8u6l6_e1k_lr2e3_mlp32l6_tanh_d00/data\\FRIMLPh8u6l6_e1k_lr2e3_mlp32l6_tanh_d00_best_val_weights.h5",
  "loss": 0.032299116253852844,
  "val_loss": 0.028338951990008354,
  "mae": 0.0,
  "afmae": 0.7551310658454895,
  "val_mae": 0.0,
  "val_afmae": 0.7549756765365601,
  "val_power_log_loss": 0.07404715567827225,
  "power_log_loss": 0.07725249975919724,
  "lr": 0.00039999998989515007,
  "elapsed_time": 174.66376614570618,
  "remaining_time": 0.0,
  "expected_finish_time": "2026-04-11 03:51:05",
  "smoothed_speed": 26823.54307346655
}