{
    "total_epochs": 1000,
    "min_loss": 0.026131,
    "params@min_loss": {
        "epoch": 987,
        "val_loss": 0.025959,
        "mae": 0.0,
        "val_mae": 0.0,
        "power_log_loss": 0.060998,
        "val_power_log_loss": 0.061561
    },
    "min_val_loss": 0.025774,
    "params@min_val_loss": {
        "epoch": 984,
        "val_loss": 0.025774,
        "mae": 0.0,
        "val_mae": 0.0,
        "power_log_loss": 0.071843,
        "val_power_log_loss": 0.061723
    },
    "min_mae": 0.0,
    "params@min_mae": {
        "epoch": 1,
        "val_loss": 0.10006,
        "mae": 0.0,
        "val_mae": 0.0,
        "power_log_loss": 0.35284,
        "val_power_log_loss": 0.28142
    },
    "min_val_mae": 0.0,
    "params@min_val_mae": {
        "epoch": 1,
        "val_loss": 0.10006,
        "mae": 0.0,
        "val_mae": 0.0,
        "power_log_loss": 0.35284,
        "val_power_log_loss": 0.28142
    },
    "min_power_log_loss": 0.060998,
    "params@min_power_log_loss": {
        "epoch": 987,
        "val_loss": 0.025959,
        "mae": 0.0,
        "val_mae": 0.0,
        "power_log_loss": 0.060998,
        "val_power_log_loss": 0.061561
    },
    "min_val_power_log_loss": 0.061561,
    "params@min_val_power_log_loss": {
        "epoch": 987,
        "val_loss": 0.025959,
        "mae": 0.0,
        "val_mae": 0.0,
        "power_log_loss": 0.060998,
        "val_power_log_loss": 0.061561
    },
    "learning_rate_max": 0.0004,
    "learning_rate_min": 0.0004,
    "learning_rate_mean": 0.00040000000000000013,
    "evaluation_metrics": {
        "weights_source": "best_val",
        "train_loss": 0.025430947542190552,
        "val_loss": 0.025773756206035614,
        "train_mae": 0.018022708594799042,
        "train_afmae": 0.06042046844959259,
        "val_mae": 0.01808306761085987,
        "val_afmae": 0.06172261759638786
    }
}