{
  "completed_epoch": 45000,
  "min_loss": 0.0029700673185288906,
  "min_val_loss": 0.003182393731549382,
  "current_epoch": 0,
  "model_name": "WaveNet5",
  "training_alive": false,
  "timestamp": "20250705233110.5",
  "best_weights_file": "projects/WNET5_RealAlias_E03/data\\WNET5_RealAlias_E03_best_weights.h5",
  "best_val_weights_file": "projects/WNET5_RealAlias_E03/data\\WNET5_RealAlias_E03_best_val_weights.h5",
  "loss": 0.0029803169891238213,
  "val_loss": 0.0032065724954009056,
  "val_power_log_loss": 0.004570342600345612,
  "power_log_loss": 0.00355240679346025,
  "lr": 0.0003419261483941227,
  "elapsed_time": 7841.803774833679,
  "remaining_time": 0.06392703246399727,
  "expected_finish_time": "2025-07-05 23:31:10",
  "smoothed_speed": 56314.20482449995
}