{
    "total_epochs": 45000,
    "min_loss": 0.0029701,
    "params@min_loss": {
        "epoch": 44867,
        "val_loss": 0.0032045,
        "power_log_loss": 0.0034972,
        "val_power_log_loss": 0.0045401
    },
    "min_val_loss": 0.0031824,
    "params@min_val_loss": {
        "epoch": 44204,
        "val_loss": 0.0031824,
        "power_log_loss": 0.0042306,
        "val_power_log_loss": 0.0045046
    },
    "min_power_log_loss": 0.0034894,
    "params@min_power_log_loss": {
        "epoch": 44919,
        "val_loss": 0.0032221,
        "power_log_loss": 0.0034894,
        "val_power_log_loss": 0.0045877
    },
    "min_val_power_log_loss": 0.0044598,
    "params@min_val_power_log_loss": {
        "epoch": 44492,
        "val_loss": 0.00321,
        "power_log_loss": 0.0040142,
        "val_power_log_loss": 0.0044598
    },
    "learning_rate_max": 0.005,
    "learning_rate_min": 4.9239e-06,
    "learning_rate_mean": 0.0011200358999044443
}