{
  "overall": {
    "record_count": 1,
    "sample_count": 400,
    "mae": 0.00019023291761639783,
    "mse": 4.597682753356533e-08,
    "max_abs_error": 0.0007859937877556997,
    "c_output_stats": {
      "min": -0.086075,
      "max": 0.107963,
      "mean": 0.0029748724999999997,
      "energy": 0.210847949601
    },
    "tf_output_stats": {
      "min": -0.08575947358650836,
      "max": 0.10754314605276995,
      "mean": 0.0029351753189268675,
      "energy": 0.20830241078317024
    },
    "diff_stats": {
      "min": -0.0006873796299760246,
      "max": 0.0007859937877556997,
      "mean": 3.9697181073132674e-05,
      "energy": 1.8390731013426134e-05
    }
  },
  "per_record": [
    {
      "record_id": "mag0.24_freq10",
      "magnitude": 0.24,
      "frequency": 10.0,
      "mae": 0.00019023291761639783,
      "mse": 4.597682753356533e-08,
      "max_abs_error": 0.0007859937877556997,
      "c_output_stats": {
        "min": -0.086075,
        "max": 0.107963,
        "mean": 0.0029748724999999997,
        "energy": 0.210847949601
      },
      "tf_output_stats": {
        "min": -0.08575947358650836,
        "max": 0.10754314605276995,
        "mean": 0.0029351753189268675,
        "energy": 0.20830241078317024
      },
      "diff_stats": {
        "min": -0.0006873796299760246,
        "max": 0.0007859937877556997,
        "mean": 3.9697181073132674e-05,
        "energy": 1.8390731013426134e-05
      }
    }
  ],
  "wave_paths": {
    "keil_output_wave": "ex_projects/inference/qemu-c-inference/frikan_h8u6l6_e1k_lr7e4_interp/data/waves/keil_output.wave"
  }
}