{
    "total_epochs": 1000,
    "min_loss": 0.024652,
    "params@min_loss": {
        "epoch": 988,
        "val_loss": 0.025402,
        "mae": 0.0,
        "val_mae": 0.0,
        "power_log_loss": 0.045615,
        "val_power_log_loss": 0.048269
    },
    "min_val_loss": 0.025402,
    "params@min_val_loss": {
        "epoch": 988,
        "val_loss": 0.025402,
        "mae": 0.0,
        "val_mae": 0.0,
        "power_log_loss": 0.045615,
        "val_power_log_loss": 0.048269
    },
    "min_mae": 0.0,
    "params@min_mae": {
        "epoch": 1,
        "val_loss": 1.37,
        "mae": 0.0,
        "val_mae": 0.0,
        "power_log_loss": 1.7542,
        "val_power_log_loss": 1.7042
    },
    "min_val_mae": 0.0,
    "params@min_val_mae": {
        "epoch": 1,
        "val_loss": 1.37,
        "mae": 0.0,
        "val_mae": 0.0,
        "power_log_loss": 1.7542,
        "val_power_log_loss": 1.7042
    },
    "min_power_log_loss": 0.045581,
    "params@min_power_log_loss": {
        "epoch": 952,
        "val_loss": 0.02566,
        "mae": 0.0,
        "val_mae": 0.0,
        "power_log_loss": 0.045581,
        "val_power_log_loss": 0.049582
    },
    "min_val_power_log_loss": 0.048269,
    "params@min_val_power_log_loss": {
        "epoch": 988,
        "val_loss": 0.025402,
        "mae": 0.0,
        "val_mae": 0.0,
        "power_log_loss": 0.045615,
        "val_power_log_loss": 0.048269
    },
    "learning_rate_max": 0.00014,
    "learning_rate_min": 0.00014,
    "learning_rate_mean": 0.00013999999999999996,
    "evaluation_metrics": {
        "weights_source": "best_val",
        "train_loss": 0.02436157502233982,
        "val_loss": 0.025402329862117767,
        "train_mae": 0.018992751836776733,
        "train_afmae": 0.04408981651067734,
        "val_mae": 0.019383255392313004,
        "val_afmae": 0.04826943576335907
    }
}