{
  "completed_epoch": 1000,
  "min_loss": 0.024651752784848213,
  "min_val_loss": 0.025402327999472618,
  "current_epoch": 1000,
  "model_name": "FRIKAN",
  "training_alive": false,
  "timestamp": "20260424190845.2",
  "best_weights_file": "projects/09_HPARAM_SENSITIVITY/FRIKANh8u6l6g8s3_e1k_lr7e4_axisS/data\\FRIKANh8u6l6g8s3_e1k_lr7e4_axisS_best_weights.h5",
  "best_val_weights_file": "projects/09_HPARAM_SENSITIVITY/FRIKANh8u6l6g8s3_e1k_lr7e4_axisS/data\\FRIKANh8u6l6g8s3_e1k_lr7e4_axisS_best_val_weights.h5",
  "loss": 0.025607973337173462,
  "val_loss": 0.027213897556066513,
  "mae": 0.0,
  "afmae": 1.7789992094039917,
  "val_mae": 0.0,
  "val_afmae": 1.76329505443573,
  "val_power_log_loss": 0.05825359746813774,
  "power_log_loss": 0.05009567737579346,
  "lr": 0.00014000000373926014,
  "elapsed_time": 1646.2152063846588,
  "remaining_time": 0.0,
  "expected_finish_time": "2026-04-24 19:08:45",
  "smoothed_speed": 2380.9668165137386
}