{
  "project_name": "RNNu12r2d16_e1k_puremae_r10",
  "generated_at": "2026-04-18T01:51:40.918612+08:00",
  "status": "complete",
  "calculation_standard": "ablation-study-v1",
  "sources": {
    "training_info": true,
    "compute_analysis": true,
    "model_info": true,
    "linear_response": true,
    "linearity_by_frequency": true,
    "config": true
  },
  "missing_sources": [],
  "missing_sections": [],
  "epochs": 1000,
  "min_loss": 0.011283,
  "min_val_loss": 0.010964,
  "train_loss": 0.010938812978565693,
  "val_loss": 0.010963605716824532,
  "train_mae": 0.010938812978565693,
  "train_afmae": 0.12487722188234329,
  "val_mae": 0.010963605716824532,
  "val_afmae": 0.12349651753902435,
  "weights_source": "best_val",
  "freq_drift_hz": 9.156923568390358,
  "sens_drift_percent": 32.91646506612776,
  "linearity_percent": 1.439224443387717,
  "compute_cost": 1544.0,
  "total_params": 693,
  "lr": 0.001,
  "use_cosine_annealing": false,
  "metric_details": {
    "natural_frequency_drift": {
      "min": 26.106598930536922,
      "max": 37.16720650593309,
      "median": 35.26352249892728,
      "count": 25,
      "unit": "Hz",
      "method": "max(|max-median|, |median-min|) from fn_comped",
      "drift": 9.156923568390358
    },
    "sensitivity_drift": {
      "min": 33.77269038293719,
      "max": 72.12113516935753,
      "median": 66.68915544906496,
      "count": 25,
      "unit": "%",
      "method": "max(|max-median|, |median-min|) from interpolated sensitivity",
      "drift": 32.91646506612776,
      "frequency_hz": 100.0
    },
    "linearity": {
      "mean": 1.439224443387717,
      "max": 4.883261299112151,
      "min": 0.31423568133087665,
      "count": 14,
      "unit": "%",
      "method": "mean(1 - R^2) across frequency points"
    },
    "natural_frequency_drift_origin": {
      "min": 34.24511188160566,
      "max": 93.39109038646993,
      "median": 58.89345106524416,
      "count": 25,
      "unit": "Hz",
      "method": "max(|max-median|, |median-min|) from fn_origin",
      "drift": 34.49763932122577
    },
    "sensitivity_drift_origin": {
      "min": 60.001934754356135,
      "max": 203.37127543336493,
      "median": 144.5628340451216,
      "count": 25,
      "unit": "%",
      "method": "max(|max-median|, |median-min|) from interpolated origin sensitivity",
      "drift": 84.56089929076546,
      "frequency_hz": 100.0
    },
    "linearity_origin": {
      "mean": 2.5499568401843997,
      "max": 6.418887454843169,
      "min": 0.359242046082775,
      "count": 14,
      "unit": "%",
      "method": "mean(1 - R^2) across frequency points"
    }
  },
  "compute_details": {
    "total_params": 693,
    "additions": 652,
    "multiplications": 652,
    "maps": 40,
    "total_ops": 1344,
    "weighted_total": 1544.0,
    "weighted_additions": 652.0,
    "weighted_multiplications": 652.0,
    "weighted_maps": 240.0
  },
  "compute_cost_status": "complete",
  "compute_has_unsupported_layers": false,
  "compute_unsupported_layer_count": 0,
  "compute_unsupported_layers": [],
  "compute_unsupported_layer_details": [],
  "compute_cost_warning": null,
  "loss_function": "MAE",
  "loss_function_key": "mae",
  "loss_function_source": "config.use_power_loss",
  "display_metrics": {
    "Loss Function": "MAE",
    "TRAIN_MAE": 0.010938812978565693,
    "TRAIN_AFMAE": 0.12487722188234329,
    "VAL_MAE": 0.010963605716824532,
    "VAL_AFMAE": 0.12349651753902435,
    "Freq Drift (Hz)": 9.156923568390358,
    "Sens Drift (%)": 32.91646506612776,
    "Linearity (%)": 1.439224443387717,
    "Compute Cost": 1544.0,
    "Total Params": 693,
    "Epochs": 1000,
    "LR": 0.001,
    "Cosine Annealing": false
  }
}