{
  "completed_epoch": 1000,
  "min_loss": 0.011282808147370815,
  "min_val_loss": 0.010963605716824532,
  "current_epoch": 1000,
  "model_name": "RNN",
  "training_alive": false,
  "timestamp": "20260418015052.9",
  "best_weights_file": "projects/07_RNN/RNNu12r2d16_e1k_puremae_r10/data\\RNNu12r2d16_e1k_puremae_r10_best_weights.h5",
  "best_val_weights_file": "projects/07_RNN/RNNu12r2d16_e1k_puremae_r10/data\\RNNu12r2d16_e1k_puremae_r10_best_val_weights.h5",
  "loss": 0.011431312188506126,
  "val_loss": 0.011383757926523685,
  "mae": 0.0,
  "afmae": 0.8743503093719482,
  "val_mae": 0.0,
  "val_afmae": 0.8772357106208801,
  "val_power_log_loss": 0.0,
  "power_log_loss": 0.0,
  "lr": 0.0020000000949949026,
  "elapsed_time": 42984.48583030701,
  "remaining_time": 0.0,
  "expected_finish_time": "2026-04-18 01:45:48",
  "smoothed_speed": 114.1892977513568
}