{
  "completed_epoch": 30000,
  "min_loss": 0.004377460107207298,
  "min_val_loss": 0.0044762855395674706,
  "current_epoch": 0,
  "model_name": "WaveNet5",
  "training_alive": false,
  "timestamp": "20250706004254.5",
  "best_weights_file": "projects/WNET5_RealAlias_E06/data\\WNET5_RealAlias_E06_best_weights.h5",
  "best_val_weights_file": "projects/WNET5_RealAlias_E06/data\\WNET5_RealAlias_E06_best_val_weights.h5",
  "loss": 0.004377460107207298,
  "val_loss": 0.0044762855395674706,
  "val_power_log_loss": 0.010947616770863533,
  "power_log_loss": 0.01044423971325159,
  "lr": 8.478225936414674e-06,
  "elapsed_time": 6520.197975158691,
  "remaining_time": 0.1239725678019387,
  "expected_finish_time": "2025-07-05 23:09:38",
  "smoothed_speed": 29038.682216790403
}