{
  "project_name": "LSTMu16_e1k_lr7e4_r6",
  "generated_at": "2026-04-09T23:48:48.801332+08:00",
  "status": "complete",
  "sources": {
    "training_info": true,
    "compute_analysis": true,
    "model_info": true,
    "linear_response": true
  },
  "missing_sources": [],
  "missing_sections": [],
  "epochs": 1000,
  "min_loss": 0.02827,
  "min_val_loss": 0.028711,
  "train_loss": 0.028200721368193626,
  "val_loss": 0.028710629791021347,
  "train_mae": 0.017405878752470016,
  "train_afmae": 0.04970642924308777,
  "val_mae": 0.01768677681684494,
  "val_afmae": 0.05198172852396965,
  "weights_source": null,
  "freq_drift_hz": 32.0,
  "sens_drift_percent": 27.12248767224759,
  "linearity_percent": 26.174780391014874,
  "compute_cost": 3360.0,
  "total_params": 1441,
  "display_metrics": {
    "TRAIN_MAE": 0.017405878752470016,
    "TRAIN_AFMAE": 0.04970642924308777,
    "VAL_MAE": 0.01768677681684494,
    "VAL_AFMAE": 0.05198172852396965,
    "Freq Drift (Hz)": 32.0,
    "Sens Drift (%)": 27.12248767224759,
    "Linearity (%)": 26.174780391014874,
    "Compute Cost": 3360.0,
    "Total Params": 1441,
    "Epochs": 1000
  }
}