{
  "project_name": "LSTMu16_e1k_lr7e4_r6",
  "generated_at": "2026-04-10T12:56:21.865792+08:00",
  "status": "complete",
  "calculation_standard": "ablation-study-v1",
  "sources": {
    "training_info": true,
    "compute_analysis": true,
    "model_info": true,
    "linear_response": true,
    "linearity_by_frequency": true,
    "config": true
  },
  "missing_sources": [],
  "missing_sections": [],
  "epochs": 1000,
  "min_loss": 0.02827,
  "min_val_loss": 0.028711,
  "train_loss": 0.028200721368193626,
  "val_loss": 0.028710629791021347,
  "train_mae": 0.017405878752470016,
  "train_afmae": 0.04970642924308777,
  "val_mae": 0.01768677681684494,
  "val_afmae": 0.05198172852396965,
  "weights_source": null,
  "freq_drift_hz": 3.004224956470267,
  "sens_drift_percent": 19.54962036201279,
  "linearity_percent": 0.6239673602218364,
  "compute_cost": 3360.0,
  "total_params": 1441,
  "lr": 0.0007,
  "use_cosine_annealing": false,
  "metric_details": {
    "natural_frequency_drift": {
      "min": 30.956905055198114,
      "max": 35.95304097616292,
      "median": 33.96113001166838,
      "count": 25,
      "unit": "Hz",
      "method": "max(|max-median|, |median-min|) from fn_comped",
      "drift": 3.004224956470267
    },
    "sensitivity_drift": {
      "min": 51.347075176788735,
      "max": 78.65057373332357,
      "median": 59.10095337131078,
      "count": 25,
      "unit": "%",
      "method": "max(|max-median|, |median-min|) from interpolated sensitivity",
      "drift": 19.54962036201279,
      "frequency_hz": 100.0
    },
    "linearity": {
      "mean": 0.6239673602218364,
      "max": 2.635881062152945,
      "min": 0.2054577464162377,
      "count": 14,
      "unit": "%",
      "method": "mean(1 - R^2) across frequency points"
    },
    "natural_frequency_drift_origin": {
      "min": 34.24511188160566,
      "max": 93.39109038646993,
      "median": 58.89345106524416,
      "count": 25,
      "unit": "Hz",
      "method": "max(|max-median|, |median-min|) from fn_origin",
      "drift": 34.49763932122577
    },
    "sensitivity_drift_origin": {
      "min": 60.001934754356135,
      "max": 203.37127543336493,
      "median": 144.5628340451216,
      "count": 25,
      "unit": "%",
      "method": "max(|max-median|, |median-min|) from interpolated origin sensitivity",
      "drift": 84.56089929076546,
      "frequency_hz": 100.0
    },
    "linearity_origin": {
      "mean": 2.5499568401843997,
      "max": 6.418887454843169,
      "min": 0.359242046082775,
      "count": 14,
      "unit": "%",
      "method": "mean(1 - R^2) across frequency points"
    }
  },
  "compute_details": {
    "total_params": 1441,
    "additions": 1376,
    "multiplications": 1408,
    "maps": 96,
    "total_ops": 2880,
    "weighted_total": 3360.0,
    "weighted_additions": 1376.0,
    "weighted_multiplications": 1408.0,
    "weighted_maps": 576.0
  },
  "display_metrics": {
    "TRAIN_MAE": 0.017405878752470016,
    "TRAIN_AFMAE": 0.04970642924308777,
    "VAL_MAE": 0.01768677681684494,
    "VAL_AFMAE": 0.05198172852396965,
    "Freq Drift (Hz)": 3.004224956470267,
    "Sens Drift (%)": 19.54962036201279,
    "Linearity (%)": 0.6239673602218364,
    "Compute Cost": 3360.0,
    "Total Params": 1441,
    "Epochs": 1000,
    "LR": 0.0007,
    "Cosine Annealing": false
  }
}