{
  "completed_epoch": 1000,
  "min_loss": 0.028289979323744774,
  "min_val_loss": 0.028712701052427292,
  "current_epoch": 1000,
  "model_name": "LSTM",
  "training_alive": false,
  "timestamp": "20260404232429.2",
  "best_weights_file": "projects/01_LR_STUDY/LSTMu16_e1k_lr7e4_r6/data\\LSTMu16_e1k_lr7e4_r6_best_weights.h5",
  "best_val_weights_file": "projects/01_LR_STUDY/LSTMu16_e1k_lr7e4_r6/data\\LSTMu16_e1k_lr7e4_r6_best_val_weights.h5",
  "loss": 0.028270145878195763,
  "val_loss": 0.028710629791021347,
  "mae": 0.0,
  "afmae": 2.1407408714294434,
  "val_mae": 0.0,
  "val_afmae": 2.14050030708313,
  "val_power_log_loss": 0.05198172852396965,
  "power_log_loss": 0.05006914213299751,
  "lr": 0.00014000000373926014,
  "elapsed_time": 1913.9625413417816,
  "remaining_time": 1.8675985451707806,
  "expected_finish_time": "2026-04-04 23:23:07",
  "smoothed_speed": 1927.609126334376
}