{
  "overall": {
    "record_count": 1,
    "sample_count": 400,
    "mae": 0.007114359431113517,
    "mse": 8.668397498991078e-05,
    "max_abs_error": 0.05133537962997602,
    "c_output_stats": {
      "min": -0.098662,
      "max": 0.113203,
      "mean": 0.008003742500000001,
      "energy": 0.25602362224499997
    },
    "tf_output_stats": {
      "min": -0.08575947358650836,
      "max": 0.10754314605276995,
      "mean": 0.0029351753189268675,
      "energy": 0.20830241078317024
    },
    "diff_stats": {
      "min": -0.05133537962997602,
      "max": 0.03389796292667848,
      "mean": 0.0050685671810731334,
      "energy": 0.034673589995964316
    }
  },
  "per_record": [
    {
      "record_id": "mag0.24_freq10",
      "magnitude": 0.24,
      "frequency": 10.0,
      "mae": 0.007114359431113517,
      "mse": 8.668397498991078e-05,
      "max_abs_error": 0.05133537962997602,
      "c_output_stats": {
        "min": -0.098662,
        "max": 0.113203,
        "mean": 0.008003742500000001,
        "energy": 0.25602362224499997
      },
      "tf_output_stats": {
        "min": -0.08575947358650836,
        "max": 0.10754314605276995,
        "mean": 0.0029351753189268675,
        "energy": 0.20830241078317024
      },
      "diff_stats": {
        "min": -0.05133537962997602,
        "max": 0.03389796292667848,
        "mean": 0.0050685671810731334,
        "energy": 0.034673589995964316
      }
    }
  ],
  "wave_paths": {
    "keil_output_wave": "ex_projects/inference/qemu-c-inference/frikan_h8u6l6_e1k_lr7e4/data/waves/keil_output_o0.wave"
  }
}