{
  "completed_epoch": 1000,
  "min_loss": 0.011496570892632008,
  "min_val_loss": 0.01053758803755045,
  "current_epoch": 1000,
  "model_name": "1DCNN",
  "training_alive": false,
  "timestamp": "20260413180918.7",
  "best_weights_file": "projects/05_1DCNN/1DCNNc4u8k20l8_e1k_lr2e3_pd8l2_d001_true/data\\1DCNNc4u8k20l8_e1k_lr2e3_pd8l2_d001_true_best_weights.h5",
  "best_val_weights_file": "projects/05_1DCNN/1DCNNc4u8k20l8_e1k_lr2e3_pd8l2_d001_true/data\\1DCNNc4u8k20l8_e1k_lr2e3_pd8l2_d001_true_best_val_weights.h5",
  "loss": 0.011658717878162861,
  "val_loss": 0.011156362481415272,
  "mae": 0.0,
  "afmae": 0.46439358592033386,
  "val_mae": 0.0,
  "val_afmae": 0.4643480181694031,
  "val_power_log_loss": 0.0,
  "power_log_loss": 0.0,
  "lr": 0.004000000189989805,
  "elapsed_time": 115.93919610977173,
  "remaining_time": 0.0,
  "expected_finish_time": "2026-04-13 18:09:09",
  "smoothed_speed": 49203.86232806817
}