{
  "completed_epoch": 0,
  "min_loss": 2.21720552444458,
  "min_val_loss": 2.295670509338379,
  "current_epoch": 0,
  "model_name": "FRIKAN",
  "training_alive": true,
  "timestamp": "20260403144847.5",
  "best_weights_file": "projects/01_EPOCH1000/FRIKANh6u6l6_e1k_5/data\\FRIKANh6u6l6_e1k_5_best_weights.h5",
  "best_val_weights_file": "projects/01_EPOCH1000/FRIKANh6u6l6_e1k_5/data\\FRIKANh6u6l6_e1k_5_best_val_weights.h5",
  "loss": 2.21720552444458,
  "val_loss": 2.295670509338379,
  "mae": 0.47853320837020874,
  "afmae": 2.1630349159240723,
  "val_mae": 0.4764281213283539,
  "val_afmae": 2.1556856632232666
}