{
    "total_epochs": 30000,
    "min_loss": 0.0011054,
    "params@min_loss": {
        "epoch": 13795,
        "val_loss": 0.0011115,
        "power_log_loss": 0.0014229,
        "val_power_log_loss": 0.0014836
    },
    "min_val_loss": 0.0011115,
    "params@min_val_loss": {
        "epoch": 13144,
        "val_loss": 0.0011115,
        "power_log_loss": 0.0014231,
        "val_power_log_loss": 0.0014837
    },
    "min_power_log_loss": 0.0014228,
    "params@min_power_log_loss": {
        "epoch": 14754,
        "val_loss": 0.0011115,
        "power_log_loss": 0.0014228,
        "val_power_log_loss": 0.0014835
    },
    "min_val_power_log_loss": 0.0014835,
    "params@min_val_power_log_loss": {
        "epoch": 13859,
        "val_loss": 0.0011115,
        "power_log_loss": 0.0014229,
        "val_power_log_loss": 0.0014835
    },
    "learning_rate_max": 0.1,
    "learning_rate_min": 2.0821e-17,
    "learning_rate_mean": 0.0018483334314177832
}