{
  "completed_epoch": 1000,
  "min_loss": 0.08277937024831772,
  "min_val_loss": 0.08386136591434479,
  "current_epoch": 1000,
  "model_name": "CNNKAN",
  "training_alive": false,
  "timestamp": "20260406171905.4",
  "best_weights_file": "projects/01_LR_STUDY/CNNKANh8u6l6_e1k_lr22e5_c8k3d05/data\\CNNKANh8u6l6_e1k_lr22e5_c8k3d05_best_weights.h5",
  "best_val_weights_file": "projects/01_LR_STUDY/CNNKANh8u6l6_e1k_lr22e5_c8k3d05/data\\CNNKANh8u6l6_e1k_lr22e5_c8k3d05_best_val_weights.h5",
  "loss": 0.0853627473115921,
  "val_loss": 0.09310092031955719,
  "mae": 0.0,
  "afmae": 1.6576886177062988,
  "val_mae": 0.0,
  "val_afmae": 1.6451587677001953,
  "val_power_log_loss": 0.09642384201288223,
  "power_log_loss": 0.0652027577161789,
  "lr": 4.400000034365803e-05,
  "elapsed_time": 9184.085106372833,
  "remaining_time": 2.833619253407795,
  "expected_finish_time": "2026-04-06 17:19:08",
  "smoothed_speed": 1270.4600294025151
}