{
  "completed_epoch": 51,
  "min_loss": 0.5687915682792664,
  "min_val_loss": 0.5796833038330078,
  "current_epoch": 51,
  "model_name": "FRIKAN",
  "training_alive": true,
  "timestamp": "20260403132907.1",
  "best_weights_file": "projects/FRIKANh6u6l6_e1k_4/data\\FRIKANh6u6l6_e1k_4_best_weights.h5",
  "best_val_weights_file": "projects/FRIKANh6u6l6_e1k_4/data\\FRIKANh6u6l6_e1k_4_best_val_weights.h5",
  "loss": 0.5599617958068848,
  "val_loss": 0.5705118179321289,
  "val_power_log_loss": 1.0477510690689087,
  "power_log_loss": 1.0578014850616455,
  "lr": 9.999999747378752e-05,
  "elapsed_time": 647.5860226154327,
  "remaining_time": 12182.406787705591,
  "expected_finish_time": "2026-04-03 16:52:09",
  "smoothed_speed": 280.7327041033831
}