{
  "project_name": "LSTMu22",
  "generated_at": "2026-04-09T23:46:49.038504+08:00",
  "status": "complete",
  "sources": {
    "training_info": true,
    "compute_analysis": true,
    "model_info": true,
    "linear_response": true
  },
  "missing_sources": [],
  "missing_sections": [],
  "epochs": 126,
  "min_loss": 0.012051,
  "min_val_loss": 0.012967,
  "train_loss": 0.012035190127789974,
  "val_loss": 0.012995325028896332,
  "train_mae": 0.009640286676585674,
  "train_afmae": 0.019881203770637512,
  "val_mae": 0.009671637788414955,
  "val_afmae": 0.024717051535844803,
  "weights_source": null,
  "freq_drift_hz": 32.0,
  "sens_drift_percent": 26.97705028586569,
  "linearity_percent": 26.146505973922274,
  "compute_cost": 5940.0,
  "total_params": 2641,
  "display_metrics": {
    "TRAIN_MAE": 0.009640286676585674,
    "TRAIN_AFMAE": 0.019881203770637512,
    "VAL_MAE": 0.009671637788414955,
    "VAL_AFMAE": 0.024717051535844803,
    "Freq Drift (Hz)": 32.0,
    "Sens Drift (%)": 26.97705028586569,
    "Linearity (%)": 26.146505973922274,
    "Compute Cost": 5940.0,
    "Total Params": 2641,
    "Epochs": 126
  }
}