{
  "project_name": "LSTMu22",
  "generated_at": "2026-04-10T12:56:22.766139+08:00",
  "status": "complete",
  "calculation_standard": "ablation-study-v1",
  "sources": {
    "training_info": true,
    "compute_analysis": true,
    "model_info": true,
    "linear_response": true,
    "linearity_by_frequency": true,
    "config": true
  },
  "missing_sources": [],
  "missing_sections": [],
  "epochs": 126,
  "min_loss": 0.012051,
  "min_val_loss": 0.012967,
  "train_loss": 0.012035190127789974,
  "val_loss": 0.012995325028896332,
  "train_mae": 0.009640286676585674,
  "train_afmae": 0.019881203770637512,
  "val_mae": 0.009671637788414955,
  "val_afmae": 0.024717051535844803,
  "weights_source": null,
  "freq_drift_hz": 1.7458313860036014,
  "sens_drift_percent": 5.584694001277178,
  "linearity_percent": 0.3050071550353092,
  "compute_cost": 5940.0,
  "total_params": 2641,
  "lr": 0.01,
  "use_cosine_annealing": true,
  "metric_details": {
    "natural_frequency_drift": {
      "min": 32.44319239472839,
      "max": 34.921031496835035,
      "median": 34.18902378073199,
      "count": 25,
      "unit": "Hz",
      "method": "max(|max-median|, |median-min|) from fn_comped",
      "drift": 1.7458313860036014
    },
    "sensitivity_drift": {
      "min": 58.491737956972464,
      "max": 68.33597537611944,
      "median": 64.07643195824964,
      "count": 25,
      "unit": "%",
      "method": "max(|max-median|, |median-min|) from interpolated sensitivity",
      "drift": 5.584694001277178,
      "frequency_hz": 100.0
    },
    "linearity": {
      "mean": 0.3050071550353092,
      "max": 0.7667708314998634,
      "min": 0.10778331577749878,
      "count": 14,
      "unit": "%",
      "method": "mean(1 - R^2) across frequency points"
    },
    "natural_frequency_drift_origin": {
      "min": 34.24511189190977,
      "max": 93.39109037552112,
      "median": 58.893451232916746,
      "count": 25,
      "unit": "Hz",
      "method": "max(|max-median|, |median-min|) from fn_origin",
      "drift": 34.49763914260437
    },
    "sensitivity_drift_origin": {
      "min": 60.00193475436049,
      "max": 203.37127543371568,
      "median": 144.56283404568921,
      "count": 25,
      "unit": "%",
      "method": "max(|max-median|, |median-min|) from interpolated origin sensitivity",
      "drift": 84.56089929132872,
      "frequency_hz": 100.0
    },
    "linearity_origin": {
      "mean": 2.549956840185786,
      "max": 6.418887454845679,
      "min": 0.3592420460827306,
      "count": 14,
      "unit": "%",
      "method": "mean(1 - R^2) across frequency points"
    }
  },
  "compute_details": {
    "total_params": 2641,
    "additions": 2552,
    "multiplications": 2596,
    "maps": 132,
    "total_ops": 5280,
    "weighted_total": 5940.0,
    "weighted_additions": 2552.0,
    "weighted_multiplications": 2596.0,
    "weighted_maps": 792.0
  },
  "display_metrics": {
    "TRAIN_MAE": 0.009640286676585674,
    "TRAIN_AFMAE": 0.019881203770637512,
    "VAL_MAE": 0.009671637788414955,
    "VAL_AFMAE": 0.024717051535844803,
    "Freq Drift (Hz)": 1.7458313860036014,
    "Sens Drift (%)": 5.584694001277178,
    "Linearity (%)": 0.3050071550353092,
    "Compute Cost": 5940.0,
    "Total Params": 2641,
    "Epochs": 126,
    "LR": 0.01,
    "Cosine Annealing": true
  }
}