{
  "project_name": "FRIKANh8u6l6_e1k_lr1e4_randiir_trainable",
  "generated_at": "2026-04-19T11:23:10.371358+08:00",
  "status": "complete",
  "calculation_standard": "ablation-study-v1",
  "sources": {
    "training_info": true,
    "compute_analysis": true,
    "model_info": true,
    "linear_response": true,
    "linearity_by_frequency": true,
    "config": true
  },
  "missing_sources": [],
  "missing_sections": [],
  "epochs": 1000,
  "min_loss": 0.12879,
  "min_val_loss": 0.13057,
  "train_loss": 0.12870532274246216,
  "val_loss": 0.13057354092597961,
  "train_mae": 0.23989629745483398,
  "train_afmae": 0.06951560825109482,
  "val_mae": 0.2407388836145401,
  "val_afmae": 0.07743526250123978,
  "weights_source": "best_val",
  "freq_drift_hz": 89029.88733478864,
  "sens_drift_percent": 16.65462929463522,
  "linearity_percent": 4.959977869701404,
  "compute_cost": 1710.0,
  "total_params": 2569,
  "lr": 0.0001,
  "use_cosine_annealing": false,
  "metric_details": {
    "natural_frequency_drift": {
      "min": 22.157950046084807,
      "max": 89055.31886332392,
      "median": 25.43152853527356,
      "count": 25,
      "unit": "Hz",
      "method": "max(|max-median|, |median-min|) from fn_comped",
      "drift": 89029.88733478864
    },
    "sensitivity_drift": {
      "min": 8.763037244596564,
      "max": 40.93726237010712,
      "median": 25.417666539231785,
      "count": 25,
      "unit": "%",
      "method": "max(|max-median|, |median-min|) from interpolated sensitivity",
      "drift": 16.65462929463522,
      "frequency_hz": 100.0
    },
    "linearity": {
      "mean": 4.959977869701404,
      "max": 11.522188207276207,
      "min": 0.6270935094504937,
      "count": 14,
      "unit": "%",
      "method": "mean(1 - R^2) across frequency points"
    },
    "natural_frequency_drift_origin": {
      "min": 34.24511188160566,
      "max": 93.39109038646993,
      "median": 58.89345106524416,
      "count": 25,
      "unit": "Hz",
      "method": "max(|max-median|, |median-min|) from fn_origin",
      "drift": 34.49763932122577
    },
    "sensitivity_drift_origin": {
      "min": 60.001934754356135,
      "max": 203.37127543336493,
      "median": 144.5628340451216,
      "count": 25,
      "unit": "%",
      "method": "max(|max-median|, |median-min|) from interpolated origin sensitivity",
      "drift": 84.56089929076546,
      "frequency_hz": 100.0
    },
    "linearity_origin": {
      "mean": 2.5499568401843997,
      "max": 6.418887454843169,
      "min": 0.359242046082775,
      "count": 14,
      "unit": "%",
      "method": "mean(1 - R^2) across frequency points"
    }
  },
  "compute_details": {
    "total_params": 2569,
    "additions": 266,
    "multiplications": 40,
    "maps": 234,
    "total_ops": 540,
    "weighted_total": 1710.0,
    "weighted_additions": 266.0,
    "weighted_multiplications": 40.0,
    "weighted_maps": 1404.0
  },
  "compute_cost_status": "complete",
  "compute_has_unsupported_layers": false,
  "compute_unsupported_layer_count": 0,
  "compute_unsupported_layers": [],
  "compute_unsupported_layer_details": [],
  "compute_cost_warning": null,
  "loss_function": "MAE+AFMAE",
  "loss_function_key": "power_log_mae",
  "loss_function_source": "config.use_power_loss",
  "display_metrics": {
    "Loss Function": "MAE+AFMAE",
    "TRAIN_MAE": 0.23989629745483398,
    "TRAIN_AFMAE": 0.06951560825109482,
    "VAL_MAE": 0.2407388836145401,
    "VAL_AFMAE": 0.07743526250123978,
    "Freq Drift (Hz)": 89029.88733478864,
    "Sens Drift (%)": 16.65462929463522,
    "Linearity (%)": 4.959977869701404,
    "Compute Cost": 1710.0,
    "Total Params": 2569,
    "Epochs": 1000,
    "LR": 0.0001,
    "Cosine Annealing": false
  }
}