{
  "completed_epoch": 1000,
  "min_loss": 0.12887798249721527,
  "min_val_loss": 0.1306271255016327,
  "current_epoch": 1000,
  "model_name": "FRIKAN",
  "training_alive": false,
  "timestamp": "20260419112251.2",
  "best_weights_file": "projects/08_IIR_AB/FRIKANh8u6l6_e1k_lr1e4_randiir_trainable/data\\FRIKANh8u6l6_e1k_lr1e4_randiir_trainable_best_weights.h5",
  "best_val_weights_file": "projects/08_IIR_AB/FRIKANh8u6l6_e1k_lr1e4_randiir_trainable/data\\FRIKANh8u6l6_e1k_lr1e4_randiir_trainable_best_val_weights.h5",
  "loss": 0.12879499793052673,
  "val_loss": 0.13057354092597961,
  "mae": 0.0,
  "afmae": 1.8583762645721436,
  "val_mae": 0.0,
  "val_afmae": 1.8442715406417847,
  "val_power_log_loss": 0.07743526995182037,
  "power_log_loss": 0.07038793712854385,
  "lr": 1.9999999494757503e-05,
  "elapsed_time": 2392.821666955948,
  "remaining_time": 0.0,
  "expected_finish_time": "2026-04-19 11:22:32",
  "smoothed_speed": 1611.913715551947
}