{
    "completed_epoch": 2,
    "min_loss": 2.4180495738983154,
    "min_val_loss": 2.507512092590332,
    "current_epoch": 2,
    "model_name": "FRIKAN",
    "training_alive": false,
    "timestamp": "20260420162543.8",
    "best_weights_file": "projects/08_IIR_AB/FRIKANh8u6l6_e1k_lr1e4_randiir_trainable_trueiir_rawfast_mb64/data\\FRIKANh8u6l6_e1k_lr1e4_randiir_trainable_trueiir_rawfast_mb64_best_weights.h5",
    "best_val_weights_file": "projects/08_IIR_AB/FRIKANh8u6l6_e1k_lr1e4_randiir_trainable_trueiir_rawfast_mb64/data\\FRIKANh8u6l6_e1k_lr1e4_randiir_trainable_trueiir_rawfast_mb64_best_val_weights.h5",
    "loss": 2.3991754055023193,
    "val_loss": 2.4907469749450684,
    "mae": 0.0,
    "afmae": 2.2899231910705566,
    "val_mae": 0.0,
    "val_afmae": 2.283783197402954,
    "val_power_log_loss": 2.237466812133789,
    "power_log_loss": 2.243819236755371,
    "lr": 1.9999999494757503e-05,
    "elapsed_time": 53.030476570129395,
    "remaining_time": 29361.625709313874,
    "expected_finish_time": "2026-04-21 00:35:05",
    "smoothed_speed": 122.36379673147047
}
