{
  "completed_epoch": 1000,
  "min_loss": 0.04830396547913551,
  "min_val_loss": 0.035114169120788574,
  "current_epoch": 1000,
  "model_name": "LSTMTransformer",
  "training_alive": false,
  "timestamp": "20260428032235.4",
  "best_weights_file": "projects/01_LR_STUDY/LSTMTransformeru6_e1k_lr1e5_puremae_r24/data\\LSTMTransformeru6_e1k_lr1e5_puremae_r24_best_weights.h5",
  "best_val_weights_file": "projects/01_LR_STUDY/LSTMTransformeru6_e1k_lr1e5_puremae_r24/data\\LSTMTransformeru6_e1k_lr1e5_puremae_r24_best_val_weights.h5",
  "loss": 0.04832326993346214,
  "val_loss": 0.03509117290377617,
  "mae": 0.0,
  "afmae": 2.0778045654296875,
  "val_mae": 0.0,
  "val_afmae": 2.069798469543457,
  "val_power_log_loss": 0.0,
  "power_log_loss": 0.0,
  "lr": 1.9999999494757503e-05,
  "elapsed_time": 2416.963539123535,
  "remaining_time": 0.0,
  "expected_finish_time": "2026-04-28 03:22:35",
  "smoothed_speed": 1574.564268254103
}