{
  "completed_epoch": 314,
  "min_loss": 0.0365905798971653,
  "min_val_loss": 0.042608894407749176,
  "current_epoch": 314,
  "model_name": "FRIKAN",
  "training_alive": true,
  "timestamp": "20260410124122.9",
  "best_weights_file": "projects/03_FRIKAN_PUREAFME/FRIKANh8u6l6_e1k_lr5e4_pureafmae/data\\FRIKANh8u6l6_e1k_lr5e4_pureafmae_best_weights.h5",
  "best_val_weights_file": "projects/03_FRIKAN_PUREAFME/FRIKANh8u6l6_e1k_lr5e4_pureafmae/data\\FRIKANh8u6l6_e1k_lr5e4_pureafmae_best_val_weights.h5",
  "loss": 0.03997211158275604,
  "val_loss": 0.042675673961639404,
  "mae": 0.0,
  "afmae": 1.9904367923736572,
  "val_mae": 0.0,
  "val_afmae": 1.981380581855774,
  "val_power_log_loss": 0.042675670236349106,
  "power_log_loss": 0.03997211530804634,
  "lr": 0.0010000000474974513,
  "elapsed_time": 646.8981742858887,
  "remaining_time": 1378.0419381395254,
  "expected_finish_time": "2026-04-10 13:04:20",
  "smoothed_speed": 1794.7204156493463
}