{
  "completed_epoch": 1000,
  "min_loss": 0.024527430534362793,
  "min_val_loss": 0.03499589487910271,
  "current_epoch": 1000,
  "model_name": "FRIKAN",
  "training_alive": false,
  "timestamp": "20260410130536.9",
  "best_weights_file": "projects/03_FRIKAN_PUREAFME/FRIKANh8u6l6_e1k_lr5e4_pureafmae/data\\FRIKANh8u6l6_e1k_lr5e4_pureafmae_best_weights.h5",
  "best_val_weights_file": "projects/03_FRIKAN_PUREAFME/FRIKANh8u6l6_e1k_lr5e4_pureafmae/data\\FRIKANh8u6l6_e1k_lr5e4_pureafmae_best_val_weights.h5",
  "loss": 0.043982602655887604,
  "val_loss": 0.043431978672742844,
  "mae": 0.0,
  "afmae": 1.9904367923736572,
  "val_mae": 0.0,
  "val_afmae": 1.981380581855774,
  "val_power_log_loss": 0.043431974947452545,
  "power_log_loss": 0.043982602655887604,
  "lr": 0.0010000000474974513,
  "elapsed_time": 2053.1743535995483,
  "remaining_time": 2.0254057215979104,
  "expected_finish_time": "2026-04-10 13:04:51",
  "smoothed_speed": 1777.4216600710693
}