{
  "timestamp": "2025-07-13T20:42:05.537486",
  "plot_name": "layer_2_bias_rms_comparison",
  "plot_type": "layer_bias_rms_comparison",
  "data": {
    "channels": [
      0,
      1,
      2,
      3,
      4,
      5
    ],
    "baseline_bias_errors": [
      0.0053230794451286645,
      0.002277854777102961,
      0.005200971593404269,
      0.014258062125845128,
      0.0031517994583550313,
      0.0032547915184209797
    ],
    "compensated_bias_errors": [
      0.0008900857317327704,
      0.0007390869932787092,
      0.00016430900137143212,
      0.003648267416309192,
      0.00014247189282434736,
      0.0011057130559907757
    ],
    "baseline_rms_error": 0.034689060232542514,
    "compensated_rms_error": 0.03309128043896409,
    "baseline_mean": 0.005577759819709506,
    "compensated_mean": 0.0011149890152512044,
    "bias_improvement_percent": 80.01009273810442,
    "rms_improvement_percent": 4.606004840913839
  },
  "metadata": {
    "layer": 2,
    "layer_name": "Layer_2",
    "channel_count": 6,
    "units": "mixed_bias_rms_errors"
  }
}