{
  "completed_epoch": 2,
  "min_loss": 1.8010190725326538,
  "min_val_loss": 1.870114803314209,
  "current_epoch": 2,
  "model_name": "FRIKAN",
  "training_alive": false,
  "timestamp": "20260420210820.7",
  "best_weights_file": "projects/08_IIR_AB/FRIKANh8u6l6_e1k_lr1e4_randiir_trainable_trueiir_rawfast_mb60_simoiirprobe_20260420/data\\FRIKANh8u6l6_e1k_lr1e4_randiir_trainable_trueiir_rawfast_mb60_simoiirprobe_20260420_best_weights.h5",
  "best_val_weights_file": "projects/08_IIR_AB/FRIKANh8u6l6_e1k_lr1e4_randiir_trainable_trueiir_rawfast_mb60_simoiirprobe_20260420/data\\FRIKANh8u6l6_e1k_lr1e4_randiir_trainable_trueiir_rawfast_mb60_simoiirprobe_20260420_best_val_weights.h5",
  "loss": 1.788057804107666,
  "val_loss": 1.8563578128814697,
  "mae": 0.0,
  "afmae": 1.9561141729354858,
  "val_mae": 0.0,
  "val_afmae": 1.9469006061553955,
  "val_power_log_loss": 1.9341402053833008,
  "power_log_loss": 1.9515377283096313,
  "lr": 1.9999999494757503e-05,
  "elapsed_time": 501.6688652038574,
  "remaining_time": 253959.34464399188,
  "expected_finish_time": "2026-04-23 19:41:00",
  "smoothed_speed": 14.147146288460066
}