{
  "project_name": "LSTMu16_e1k_puremae_r8",
  "generated_at": "2026-04-10T01:59:11.572775+08:00",
  "status": "complete",
  "calculation_standard": "ablation-study-v1",
  "sources": {
    "training_info": true,
    "compute_analysis": true,
    "model_info": true,
    "linear_response": true,
    "linearity_by_frequency": true
  },
  "missing_sources": [],
  "missing_sections": [],
  "epochs": 1000,
  "min_loss": 0.0079309,
  "min_val_loss": 0.0079105,
  "train_loss": 0.007927059195935726,
  "val_loss": 0.007910516113042831,
  "train_mae": 0.007927059195935726,
  "train_afmae": 0.07099210470914841,
  "val_mae": 0.007910515181720257,
  "val_afmae": 0.07282430678606033,
  "weights_source": "best_val",
  "freq_drift_hz": 4.504884930223405,
  "sens_drift_percent": 13.80194443826121,
  "linearity_percent": 0.6103314957031695,
  "compute_cost": 3360.0,
  "total_params": 1441,
  "metric_details": {
    "natural_frequency_drift": {
      "min": 30.271349647980664,
      "max": 35.87332686230642,
      "median": 34.77623457820407,
      "count": 25,
      "unit": "Hz",
      "method": "max(|max-median|, |median-min|) from fn_comped",
      "drift": 4.504884930223405
    },
    "sensitivity_drift": {
      "min": 50.93517618103717,
      "max": 67.92727013167078,
      "median": 64.73712061929838,
      "count": 25,
      "unit": "%",
      "method": "max(|max-median|, |median-min|) from interpolated sensitivity",
      "drift": 13.80194443826121,
      "frequency_hz": 100.0
    },
    "linearity": {
      "mean": 0.6103314957031695,
      "max": 2.604774549316291,
      "min": 0.12032575273849266,
      "count": 14,
      "unit": "%",
      "method": "mean(1 - R^2) across frequency points"
    },
    "natural_frequency_drift_origin": {
      "min": 34.24511188160566,
      "max": 93.39109038646993,
      "median": 58.89345106524416,
      "count": 25,
      "unit": "Hz",
      "method": "max(|max-median|, |median-min|) from fn_origin",
      "drift": 34.49763932122577
    },
    "sensitivity_drift_origin": {
      "min": 60.001934754356135,
      "max": 203.37127543336493,
      "median": 144.5628340451216,
      "count": 25,
      "unit": "%",
      "method": "max(|max-median|, |median-min|) from interpolated origin sensitivity",
      "drift": 84.56089929076546,
      "frequency_hz": 100.0
    },
    "linearity_origin": {
      "mean": 2.5499568401843997,
      "max": 6.418887454843169,
      "min": 0.359242046082775,
      "count": 14,
      "unit": "%",
      "method": "mean(1 - R^2) across frequency points"
    }
  },
  "compute_details": {
    "total_params": 1441,
    "additions": 1376,
    "multiplications": 1408,
    "maps": 96,
    "total_ops": 2880,
    "weighted_total": 3360.0,
    "weighted_additions": 1376.0,
    "weighted_multiplications": 1408.0,
    "weighted_maps": 576.0
  },
  "display_metrics": {
    "TRAIN_MAE": 0.007927059195935726,
    "TRAIN_AFMAE": 0.07099210470914841,
    "VAL_MAE": 0.007910515181720257,
    "VAL_AFMAE": 0.07282430678606033,
    "Freq Drift (Hz)": 4.504884930223405,
    "Sens Drift (%)": 13.80194443826121,
    "Linearity (%)": 0.6103314957031695,
    "Compute Cost": 3360.0,
    "Total Params": 1441,
    "Epochs": 1000
  }
}