{
  "completed_epoch": 475,
  "min_loss": 0.010111157782375813,
  "min_val_loss": 0.010231008753180504,
  "current_epoch": 475,
  "model_name": "LSTM",
  "training_alive": true,
  "timestamp": "20260405003130.1",
  "best_weights_file": "projects/01_LR_STUDY/LSTMu16_e1k_lr7e4_r8/data\\LSTMu16_e1k_lr7e4_r8_best_weights.h5",
  "best_val_weights_file": "projects/01_LR_STUDY/LSTMu16_e1k_lr7e4_r8/data\\LSTMu16_e1k_lr7e4_r8_best_val_weights.h5",
  "loss": 0.010103173553943634,
  "val_loss": 0.01023361086845398,
  "mae": 0.0,
  "afmae": 0.013033373281359673,
  "val_mae": 0.0,
  "val_afmae": 0.013141605071723461,
  "val_power_log_loss": 0.0,
  "power_log_loss": 0.0,
  "lr": 0.00139999995008111,
  "elapsed_time": 633.0115306377411,
  "remaining_time": 996.2609980057688,
  "expected_finish_time": "2026-04-05 00:48:06",
  "smoothed_speed": 1900.7067463149203
}