{
  "completed_epoch": 919,
  "min_loss": 0.008137592114508152,
  "min_val_loss": 0.008059050887823105,
  "current_epoch": 919,
  "model_name": "LSTM",
  "training_alive": true,
  "timestamp": "20260405010141.6",
  "best_weights_file": "projects/01_LR_STUDY/LSTMu16_e1k_lr7e4_r8/data\\LSTMu16_e1k_lr7e4_r8_best_weights.h5",
  "best_val_weights_file": "projects/01_LR_STUDY/LSTMu16_e1k_lr7e4_r8/data\\LSTMu16_e1k_lr7e4_r8_best_val_weights.h5",
  "loss": 0.008159139193594456,
  "val_loss": 0.008233021013438702,
  "mae": 0.0,
  "afmae": 0.013033373281359673,
  "val_mae": 0.0,
  "val_afmae": 0.013141605071723461,
  "val_power_log_loss": 0.0,
  "power_log_loss": 0.0,
  "lr": 0.00139999995008111,
  "elapsed_time": 2444.4949202537537,
  "remaining_time": 194.5207915439855,
  "expected_finish_time": "2026-04-05 01:04:56",
  "smoothed_speed": 1517.575564323409
}