{
  "completed_epoch": 1000,
  "min_loss": 0.007930916734039783,
  "min_val_loss": 0.007910516113042831,
  "current_epoch": 1000,
  "model_name": "LSTM",
  "training_alive": false,
  "timestamp": "20260421094624.2",
  "best_weights_file": "projects/01_LR_STUDY/LSTMu16_e1k_lr7e4_r8/data\\LSTMu16_e1k_lr7e4_r8_best_weights.h5",
  "best_val_weights_file": "projects/01_LR_STUDY/LSTMu16_e1k_lr7e4_r8/data\\LSTMu16_e1k_lr7e4_r8_best_val_weights.h5",
  "loss": 0.008288118988275528,
  "val_loss": 0.008318956010043621,
  "mae": 0.0,
  "afmae": 0.7585120797157288,
  "val_mae": 0.0,
  "val_afmae": 0.7597328424453735,
  "val_power_log_loss": 0.0,
  "power_log_loss": 0.0,
  "lr": 0.00139999995008111,
  "elapsed_time": 170.82357549667358,
  "remaining_time": 1.9610950285504831,
  "expected_finish_time": "2026-04-10 01:27:22",
  "smoothed_speed": 1835.7091051629923
}