{
  "completed_epoch": 146,
  "min_loss": 0.031222036108374596,
  "min_val_loss": 0.03232599422335625,
  "current_epoch": 0,
  "model_name": "FRIKAN",
  "training_alive": true,
  "timestamp": "20250711152207.8",
  "best_weights_file": "projects/FRIKANh6u6l6/data\\FRIKANh6u6l6_best_weights.h5",
  "best_val_weights_file": "projects/FRIKANh6u6l6/data\\FRIKANh6u6l6_best_val_weights.h5",
  "terminate": false,
  "loss": 0.03557319566607475,
  "val_loss": 0.0404106006026268,
  "val_power_log_loss": 0.0938136950135231,
  "power_log_loss": 0.07768411189317703,
  "lr": 0.001374546205624938,
  "elapsed_time": 130.01034116744995,
  "remaining_time": 24977.335006862933,
  "expected_finish_time": "2025-04-14 23:41:29",
  "smoothed_speed": 4303.021117764111
}