{
  "completed_epoch": 1000,
  "min_loss": 0.022049684077501297,
  "min_val_loss": 0.023409971967339516,
  "current_epoch": 1000,
  "model_name": "FRIKAN",
  "training_alive": false,
  "timestamp": "20260424001834.3",
  "best_weights_file": "projects/09_HPARAM_SENSITIVITY/FRIKANh8u6l6g8s2_e1k_lr7e4_base/data\\FRIKANh8u6l6g8s2_e1k_lr7e4_base_best_weights.h5",
  "best_val_weights_file": "projects/09_HPARAM_SENSITIVITY/FRIKANh8u6l6g8s2_e1k_lr7e4_base/data\\FRIKANh8u6l6g8s2_e1k_lr7e4_base_best_val_weights.h5",
  "loss": 0.02289491891860962,
  "val_loss": 0.02374867908656597,
  "mae": 0.0,
  "afmae": 1.7548329830169678,
  "val_mae": 0.0,
  "val_afmae": 1.7380255460739136,
  "val_power_log_loss": 0.04112620651721954,
  "power_log_loss": 0.0369318351149559,
  "lr": 0.00014000000373926014,
  "elapsed_time": 2116.4411885738373,
  "remaining_time": 0.0,
  "expected_finish_time": "2026-04-24 00:18:34",
  "smoothed_speed": 1758.3056818460987
}