{
  "project_name": "FRIMLPh8u6l6_e1k_lr2e3_mlp32l4_tanh_d00",
  "generated_at": "2026-04-13T10:12:09.989667+08:00",
  "status": "complete",
  "calculation_standard": "ablation-study-v1",
  "sources": {
    "training_info": true,
    "compute_analysis": true,
    "model_info": true,
    "linear_response": true,
    "linearity_by_frequency": true,
    "config": true
  },
  "missing_sources": [],
  "missing_sections": [],
  "epochs": 1000,
  "min_loss": 0.03134,
  "min_val_loss": 0.030794,
  "train_loss": 0.030428847298026085,
  "val_loss": 0.030793793499469757,
  "train_mae": 0.02317339926958084,
  "train_afmae": 0.06756429374217987,
  "val_mae": 0.02344535104930401,
  "val_afmae": 0.06848221272230148,
  "weights_source": "best_val",
  "freq_drift_hz": 4.54528550257028,
  "sens_drift_percent": 10.610240066461557,
  "linearity_percent": 0.973410469109169,
  "compute_cost": 7560.0,
  "total_params": 3681,
  "lr": 0.002,
  "use_cosine_annealing": false,
  "metric_details": {
    "natural_frequency_drift": {
      "min": 31.288842573741498,
      "max": 37.950999335313945,
      "median": 33.405713832743665,
      "count": 25,
      "unit": "Hz",
      "method": "max(|max-median|, |median-min|) from fn_comped",
      "drift": 4.54528550257028
    },
    "sensitivity_drift": {
      "min": 55.56912780370596,
      "max": 72.25537877949621,
      "median": 61.645138713034655,
      "count": 25,
      "unit": "%",
      "method": "max(|max-median|, |median-min|) from interpolated sensitivity",
      "drift": 10.610240066461557,
      "frequency_hz": 100.0
    },
    "linearity": {
      "mean": 0.973410469109169,
      "max": 2.540708265415803,
      "min": 0.19757026596046723,
      "count": 14,
      "unit": "%",
      "method": "mean(1 - R^2) across frequency points"
    },
    "natural_frequency_drift_origin": {
      "min": 34.24511188160566,
      "max": 93.39109038646993,
      "median": 58.89345106524416,
      "count": 25,
      "unit": "Hz",
      "method": "max(|max-median|, |median-min|) from fn_origin",
      "drift": 34.49763932122577
    },
    "sensitivity_drift_origin": {
      "min": 60.001934754356135,
      "max": 203.37127543336493,
      "median": 144.5628340451216,
      "count": 25,
      "unit": "%",
      "method": "max(|max-median|, |median-min|) from interpolated origin sensitivity",
      "drift": 84.56089929076546,
      "frequency_hz": 100.0
    },
    "linearity_origin": {
      "mean": 2.5499568401843997,
      "max": 6.418887454843169,
      "min": 0.359242046082775,
      "count": 14,
      "unit": "%",
      "method": "mean(1 - R^2) across frequency points"
    }
  },
  "compute_details": {
    "total_params": 3681,
    "additions": 3392,
    "multiplications": 3400,
    "maps": 128,
    "total_ops": 6920,
    "weighted_total": 7560.0,
    "weighted_additions": 3392.0,
    "weighted_multiplications": 3400.0,
    "weighted_maps": 768.0
  },
  "compute_cost_status": "complete",
  "compute_has_unsupported_layers": false,
  "compute_unsupported_layer_count": 0,
  "compute_unsupported_layers": [],
  "compute_unsupported_layer_details": [],
  "compute_cost_warning": null,
  "loss_function": "MAE+AFMAE",
  "loss_function_key": "power_log_mae",
  "loss_function_source": "config.use_power_loss",
  "display_metrics": {
    "Loss Function": "MAE+AFMAE",
    "TRAIN_MAE": 0.02317339926958084,
    "TRAIN_AFMAE": 0.06756429374217987,
    "VAL_MAE": 0.02344535104930401,
    "VAL_AFMAE": 0.06848221272230148,
    "Freq Drift (Hz)": 4.54528550257028,
    "Sens Drift (%)": 10.610240066461557,
    "Linearity (%)": 0.973410469109169,
    "Compute Cost": 7560.0,
    "Total Params": 3681,
    "Epochs": 1000,
    "LR": 0.002,
    "Cosine Annealing": false
  }
}