{
  "completed_epoch": 1000,
  "min_loss": 0.031339842826128006,
  "min_val_loss": 0.030793791636824608,
  "current_epoch": 1000,
  "model_name": "FRIMLP",
  "training_alive": false,
  "timestamp": "20260411124104.4",
  "best_weights_file": "projects/04_FRIMLP/FRIMLPh8u6l6_e1k_lr2e3_mlp32l4_tanh_d00/data\\FRIMLPh8u6l6_e1k_lr2e3_mlp32l4_tanh_d00_best_weights.h5",
  "best_val_weights_file": "projects/04_FRIMLP/FRIMLPh8u6l6_e1k_lr2e3_mlp32l4_tanh_d00/data\\FRIMLPh8u6l6_e1k_lr2e3_mlp32l4_tanh_d00_best_val_weights.h5",
  "loss": 0.032236598432064056,
  "val_loss": 0.030944643542170525,
  "mae": 0.0,
  "afmae": 0.5952100157737732,
  "val_mae": 0.0,
  "val_afmae": 0.5950578451156616,
  "val_power_log_loss": 0.0692727267742157,
  "power_log_loss": 0.07509956508874893,
  "lr": 0.00039999998989515007,
  "elapsed_time": 150.95298409461975,
  "remaining_time": 0.0,
  "expected_finish_time": "2026-04-11 12:40:13",
  "smoothed_speed": 33178.785900682735
}