{
    "total_epochs": 1000,
    "min_loss": 0.03134,
    "params@min_loss": {
        "epoch": 981,
        "val_loss": 0.031233,
        "mae": 0.0,
        "val_mae": 0.0,
        "power_log_loss": 0.07212,
        "val_power_log_loss": 0.069622
    },
    "min_val_loss": 0.030794,
    "params@min_val_loss": {
        "epoch": 983,
        "val_loss": 0.030794,
        "mae": 0.0,
        "val_mae": 0.0,
        "power_log_loss": 0.077384,
        "val_power_log_loss": 0.068482
    },
    "min_mae": 0.0,
    "params@min_mae": {
        "epoch": 1,
        "val_loss": 0.16658,
        "mae": 0.0,
        "val_mae": 0.0,
        "power_log_loss": 0.33721,
        "val_power_log_loss": 0.20254
    },
    "min_val_mae": 0.0,
    "params@min_val_mae": {
        "epoch": 1,
        "val_loss": 0.16658,
        "mae": 0.0,
        "val_mae": 0.0,
        "power_log_loss": 0.33721,
        "val_power_log_loss": 0.20254
    },
    "min_power_log_loss": 0.071583,
    "params@min_power_log_loss": {
        "epoch": 882,
        "val_loss": 0.031794,
        "mae": 0.0,
        "val_mae": 0.0,
        "power_log_loss": 0.071583,
        "val_power_log_loss": 0.072058
    },
    "min_val_power_log_loss": 0.067729,
    "params@min_val_power_log_loss": {
        "epoch": 994,
        "val_loss": 0.031052,
        "mae": 0.0,
        "val_mae": 0.0,
        "power_log_loss": 0.074228,
        "val_power_log_loss": 0.067729
    },
    "learning_rate_max": 0.0004,
    "learning_rate_min": 0.0004,
    "learning_rate_mean": 0.00040000000000000013,
    "evaluation_metrics": {
        "weights_source": "best_val",
        "train_loss": 0.030428847298026085,
        "val_loss": 0.030793793499469757,
        "train_mae": 0.02317339926958084,
        "train_afmae": 0.06756429374217987,
        "val_mae": 0.02344535104930401,
        "val_afmae": 0.06848221272230148
    }
}