{
  "mean_relative_error": 1.1996436848532328,
  "max_relative_error": 1.3793103448275863,
  "min_relative_error": 1.066098081023435,
  "within_1pct": 0.0,
  "within_5pct": 100.0,
  "total_count": 11
}