{
    "total_epochs": 30000,
    "min_loss": 0.0025933,
    "params@min_loss": {
        "epoch": 29954,
        "val_loss": 0.0028148,
        "power_log_loss": 0.0035131,
        "val_power_log_loss": 0.0045065
    },
    "min_val_loss": 0.0027954,
    "params@min_val_loss": {
        "epoch": 27274,
        "val_loss": 0.0027954,
        "power_log_loss": 0.0038672,
        "val_power_log_loss": 0.0044307
    },
    "min_power_log_loss": 0.0035128,
    "params@min_power_log_loss": {
        "epoch": 29976,
        "val_loss": 0.0028148,
        "power_log_loss": 0.0035128,
        "val_power_log_loss": 0.0045064
    },
    "min_val_power_log_loss": 0.0044148,
    "params@min_val_power_log_loss": {
        "epoch": 22229,
        "val_loss": 0.0028736,
        "power_log_loss": 0.0052081,
        "val_power_log_loss": 0.0044148
    },
    "learning_rate_max": 0.02,
    "learning_rate_min": 8.4782e-06,
    "learning_rate_mean": 0.0035399541795733333
}