{
  "completed_epoch": 1000,
  "min_loss": 0.026741039007902145,
  "min_val_loss": 0.02766403742134571,
  "current_epoch": 1000,
  "model_name": "FRIKAN",
  "training_alive": false,
  "timestamp": "20260424041208.4",
  "best_weights_file": "projects/09_HPARAM_SENSITIVITY/FRIKANh8u4l6g8s2_e1k_lr7e4_axisU/data\\FRIKANh8u4l6g8s2_e1k_lr7e4_axisU_best_weights.h5",
  "best_val_weights_file": "projects/09_HPARAM_SENSITIVITY/FRIKANh8u4l6g8s2_e1k_lr7e4_axisU/data\\FRIKANh8u4l6g8s2_e1k_lr7e4_axisU_best_val_weights.h5",
  "loss": 0.029309701174497604,
  "val_loss": 0.030125513672828674,
  "mae": 0.0,
  "afmae": 1.7251707315444946,
  "val_mae": 0.0,
  "val_afmae": 1.7100193500518799,
  "val_power_log_loss": 0.06058233976364136,
  "power_log_loss": 0.056200020015239716,
  "lr": 0.00014000000373926014,
  "elapsed_time": 1468.81165599823,
  "remaining_time": 0.0,
  "expected_finish_time": "2026-04-24 04:12:08",
  "smoothed_speed": 2551.4632383517223
}