{
  "project_name": "WNET5q0.5h6u8l4_2",
  "timestamp": "2025-07-07 20:15:38",
  "layer_analysis": [
    {
      "layer_index": 1,
      "mean_error": -0.00018873719091061503,
      "std_error": 0.009764058515429497,
      "rms_error": 0.009765882976353168,
      "max_error": 0.031931072473526,
      "num_samples": 1000,
      "error_shape": [
        1000
      ]
    }
  ]
}