{
    "completed_epoch": 1,
    "min_loss": 1.6132891178131104,
    "min_val_loss": 1.6582610607147217,
    "current_epoch": 1,
    "model_name": "FRIKAN",
    "training_alive": false,
    "timestamp": "20260420162222.8",
    "best_weights_file": "projects/08_IIR_AB/FRIKANh8u6l6_e1k_lr1e4_randiir_trainable_trueiir_rawfast_mb56/data\\FRIKANh8u6l6_e1k_lr1e4_randiir_trainable_trueiir_rawfast_mb56_best_weights.h5",
    "best_val_weights_file": "projects/08_IIR_AB/FRIKANh8u6l6_e1k_lr1e4_randiir_trainable_trueiir_rawfast_mb56/data\\FRIKANh8u6l6_e1k_lr1e4_randiir_trainable_trueiir_rawfast_mb56_best_val_weights.h5",
    "loss": 1.7080963850021362,
    "val_loss": 1.6210933923721313,
    "mae": 0.0,
    "afmae": 1.8986310958862305,
    "val_mae": 0.0,
    "val_afmae": 1.8902995586395264,
    "val_power_log_loss": 1.854236364364624,
    "power_log_loss": 1.9134862422943115,
    "lr": 1.9999999494757503e-05,
    "elapsed_time": 33.64764475822449,
    "remaining_time": 33572.189588069916,
    "expected_finish_time": "2026-04-21 01:41:55",
    "smoothed_speed": 107.1243801529705
}
