{
  "project_name": "1DCNNc4u8k20l8_e1k_lr2e3_pd8l2_cl3_true",
  "generated_at": "2026-04-13T17:44:06.473684+08:00",
  "status": "complete",
  "calculation_standard": "ablation-study-v1",
  "sources": {
    "training_info": true,
    "compute_analysis": true,
    "model_info": true,
    "linear_response": true,
    "linearity_by_frequency": true,
    "config": true
  },
  "missing_sources": [],
  "missing_sections": [],
  "epochs": 1000,
  "min_loss": 0.0087784,
  "min_val_loss": 0.0085805,
  "train_loss": 0.008551843464374542,
  "val_loss": 0.008580498397350311,
  "train_mae": 0.008551843464374542,
  "train_afmae": 0.06232044845819473,
  "val_mae": 0.008580498397350311,
  "val_afmae": 0.06389933079481125,
  "weights_source": "best_val",
  "freq_drift_hz": 6.166821908594681,
  "sens_drift_percent": 53.336125932989574,
  "linearity_percent": 0.6821056388711277,
  "compute_cost": 4488.0,
  "total_params": 2173,
  "lr": 0.002,
  "use_cosine_annealing": false,
  "metric_details": {
    "natural_frequency_drift": {
      "min": 28.27784865349967,
      "max": 36.90425074806505,
      "median": 34.44467056209435,
      "count": 25,
      "unit": "Hz",
      "method": "max(|max-median|, |median-min|) from fn_comped",
      "drift": 6.166821908594681
    },
    "sensitivity_drift": {
      "min": 9.176934482629509,
      "max": 66.73396650973268,
      "median": 62.51306041561909,
      "count": 25,
      "unit": "%",
      "method": "max(|max-median|, |median-min|) from interpolated sensitivity",
      "drift": 53.336125932989574,
      "frequency_hz": 100.0
    },
    "linearity": {
      "mean": 0.6821056388711277,
      "max": 2.3571378317792657,
      "min": 0.12362600792635847,
      "count": 14,
      "unit": "%",
      "method": "mean(1 - R^2) across frequency points"
    },
    "natural_frequency_drift_origin": {
      "min": 34.24511188160566,
      "max": 93.39109038646993,
      "median": 58.89345106524416,
      "count": 25,
      "unit": "Hz",
      "method": "max(|max-median|, |median-min|) from fn_origin",
      "drift": 34.49763932122577
    },
    "sensitivity_drift_origin": {
      "min": 60.001934754356135,
      "max": 203.37127543336493,
      "median": 144.5628340451216,
      "count": 25,
      "unit": "%",
      "method": "max(|max-median|, |median-min|) from interpolated origin sensitivity",
      "drift": 84.56089929076546,
      "frequency_hz": 100.0
    },
    "linearity_origin": {
      "mean": 2.5499568401843997,
      "max": 6.418887454843169,
      "min": 0.359242046082775,
      "count": 14,
      "unit": "%",
      "method": "mean(1 - R^2) across frequency points"
    }
  },
  "compute_details": {
    "total_params": 2173,
    "additions": 2136,
    "multiplications": 2136,
    "maps": 36,
    "total_ops": 4308,
    "weighted_total": 4488.0,
    "weighted_additions": 2136.0,
    "weighted_multiplications": 2136.0,
    "weighted_maps": 216.0
  },
  "compute_cost_status": "complete",
  "compute_has_unsupported_layers": false,
  "compute_unsupported_layer_count": 0,
  "compute_unsupported_layers": [],
  "compute_unsupported_layer_details": [],
  "compute_cost_warning": null,
  "loss_function": "MAE",
  "loss_function_key": "mae",
  "loss_function_source": "config.use_power_loss",
  "display_metrics": {
    "Loss Function": "MAE",
    "TRAIN_MAE": 0.008551843464374542,
    "TRAIN_AFMAE": 0.06232044845819473,
    "VAL_MAE": 0.008580498397350311,
    "VAL_AFMAE": 0.06389933079481125,
    "Freq Drift (Hz)": 6.166821908594681,
    "Sens Drift (%)": 53.336125932989574,
    "Linearity (%)": 0.6821056388711277,
    "Compute Cost": 4488.0,
    "Total Params": 2173,
    "Epochs": 1000,
    "LR": 0.002,
    "Cosine Annealing": false
  }
}