{
  "completed_epoch": 1000,
  "min_loss": 0.00877840630710125,
  "min_val_loss": 0.008580498397350311,
  "current_epoch": 1000,
  "model_name": "1DCNN",
  "training_alive": false,
  "timestamp": "20260413174400.0",
  "best_weights_file": "projects/05_1DCNN/1DCNNc4u8k20l8_e1k_lr2e3_pd8l2_cl3_true/data\\1DCNNc4u8k20l8_e1k_lr2e3_pd8l2_cl3_true_best_weights.h5",
  "best_val_weights_file": "projects/05_1DCNN/1DCNNc4u8k20l8_e1k_lr2e3_pd8l2_cl3_true/data\\1DCNNc4u8k20l8_e1k_lr2e3_pd8l2_cl3_true_best_val_weights.h5",
  "loss": 0.010176874697208405,
  "val_loss": 0.01111141312867403,
  "mae": 0.0,
  "afmae": 3.8508896827697754,
  "val_mae": 0.0,
  "val_afmae": 3.850665807723999,
  "val_power_log_loss": 0.0,
  "power_log_loss": 0.0,
  "lr": 0.004000000189989805,
  "elapsed_time": 126.48894262313843,
  "remaining_time": 0.0,
  "expected_finish_time": "2026-04-13 17:43:51",
  "smoothed_speed": 37358.875980988334
}