{
  "project_name": "FRIMLPh8u6l6_e1k_lr25e4_mlp20l6_tanh_d00",
  "generated_at": "2026-04-11T03:47:20.062706+08:00",
  "status": "complete",
  "calculation_standard": "ablation-study-v1",
  "sources": {
    "training_info": true,
    "compute_analysis": true,
    "model_info": true,
    "linear_response": true,
    "linearity_by_frequency": true,
    "config": true
  },
  "missing_sources": [],
  "missing_sections": [],
  "epochs": 1000,
  "min_loss": 0.029213,
  "min_val_loss": 0.028716,
  "train_loss": 0.028270844370126724,
  "val_loss": 0.02871566452085972,
  "train_mae": 0.01897048018872738,
  "train_afmae": 0.0667162761092186,
  "val_mae": 0.019280336797237396,
  "val_afmae": 0.06809092313051224,
  "weights_source": "best_val",
  "freq_drift_hz": 4.588579238808045,
  "sens_drift_percent": 10.040813978803008,
  "linearity_percent": 1.0303330923366272,
  "compute_cost": 5152.0,
  "total_params": 2493,
  "lr": 0.0025,
  "use_cosine_annealing": false,
  "metric_details": {
    "natural_frequency_drift": {
      "min": 31.830571686684614,
      "max": 38.01495011926079,
      "median": 33.426370880452744,
      "count": 25,
      "unit": "Hz",
      "method": "max(|max-median|, |median-min|) from fn_comped",
      "drift": 4.588579238808045
    },
    "sensitivity_drift": {
      "min": 53.19076522745607,
      "max": 72.61763154310165,
      "median": 63.23157920625908,
      "count": 25,
      "unit": "%",
      "method": "max(|max-median|, |median-min|) from interpolated sensitivity",
      "drift": 10.040813978803008,
      "frequency_hz": 100.0
    },
    "linearity": {
      "mean": 1.0303330923366272,
      "max": 2.2996906530613925,
      "min": 0.2571093603939256,
      "count": 14,
      "unit": "%",
      "method": "mean(1 - R^2) across frequency points"
    },
    "natural_frequency_drift_origin": {
      "min": 34.24511188160566,
      "max": 93.39109038646993,
      "median": 58.89345106524416,
      "count": 25,
      "unit": "Hz",
      "method": "max(|max-median|, |median-min|) from fn_origin",
      "drift": 34.49763932122577
    },
    "sensitivity_drift_origin": {
      "min": 60.001934754356135,
      "max": 203.37127543336493,
      "median": 144.5628340451216,
      "count": 25,
      "unit": "%",
      "method": "max(|max-median|, |median-min|) from interpolated origin sensitivity",
      "drift": 84.56089929076546,
      "frequency_hz": 100.0
    },
    "linearity_origin": {
      "mean": 2.5499568401843997,
      "max": 6.418887454843169,
      "min": 0.359242046082775,
      "count": 14,
      "unit": "%",
      "method": "mean(1 - R^2) across frequency points"
    }
  },
  "compute_details": {
    "total_params": 2493,
    "additions": 2212,
    "multiplications": 2220,
    "maps": 120,
    "total_ops": 4552,
    "weighted_total": 5152.0,
    "weighted_additions": 2212.0,
    "weighted_multiplications": 2220.0,
    "weighted_maps": 720.0
  },
  "compute_cost_status": "complete",
  "compute_has_unsupported_layers": false,
  "compute_unsupported_layer_count": 0,
  "compute_unsupported_layers": [],
  "compute_unsupported_layer_details": [],
  "compute_cost_warning": null,
  "display_metrics": {
    "TRAIN_MAE": 0.01897048018872738,
    "TRAIN_AFMAE": 0.0667162761092186,
    "VAL_MAE": 0.019280336797237396,
    "VAL_AFMAE": 0.06809092313051224,
    "Freq Drift (Hz)": 4.588579238808045,
    "Sens Drift (%)": 10.040813978803008,
    "Linearity (%)": 1.0303330923366272,
    "Compute Cost": 5152.0,
    "Total Params": 2493,
    "Epochs": 1000,
    "LR": 0.0025,
    "Cosine Annealing": false
  }
}