{
  "completed_epoch": 1000,
  "min_loss": 0.029213376343250275,
  "min_val_loss": 0.02871566452085972,
  "current_epoch": 1000,
  "model_name": "FRIMLP",
  "training_alive": false,
  "timestamp": "20260411034656.3",
  "best_weights_file": "projects/04_FRIMLP/FRIMLPh8u6l6_e1k_lr25e4_mlp20l6_tanh_d00/data\\FRIMLPh8u6l6_e1k_lr25e4_mlp20l6_tanh_d00_best_weights.h5",
  "best_val_weights_file": "projects/04_FRIMLP/FRIMLPh8u6l6_e1k_lr25e4_mlp20l6_tanh_d00/data\\FRIMLPh8u6l6_e1k_lr25e4_mlp20l6_tanh_d00_best_val_weights.h5",
  "loss": 0.036148592829704285,
  "val_loss": 0.030617395415902138,
  "mae": 0.0,
  "afmae": 0.5421685576438904,
  "val_mae": 0.0,
  "val_afmae": 0.5424156785011292,
  "val_power_log_loss": 0.07756944745779037,
  "power_log_loss": 0.08622622489929199,
  "lr": 0.0005000000237487257,
  "elapsed_time": 148.6858925819397,
  "remaining_time": 0.0,
  "expected_finish_time": "2026-04-11 03:46:17",
  "smoothed_speed": 33800.71390540765
}