{
    "total_epochs": 1000,
    "min_loss": 0.029213,
    "params@min_loss": {
        "epoch": 942,
        "val_loss": 0.028982,
        "mae": 0.0,
        "val_mae": 0.0,
        "power_log_loss": 0.070147,
        "val_power_log_loss": 0.06888
    },
    "min_val_loss": 0.028716,
    "params@min_val_loss": {
        "epoch": 957,
        "val_loss": 0.028716,
        "mae": 0.0,
        "val_mae": 0.0,
        "power_log_loss": 0.073125,
        "val_power_log_loss": 0.068091
    },
    "min_mae": 0.0,
    "params@min_mae": {
        "epoch": 1,
        "val_loss": 0.084453,
        "mae": 0.0,
        "val_mae": 0.0,
        "power_log_loss": 0.32538,
        "val_power_log_loss": 0.25607
    },
    "min_val_mae": 0.0,
    "params@min_val_mae": {
        "epoch": 1,
        "val_loss": 0.084453,
        "mae": 0.0,
        "val_mae": 0.0,
        "power_log_loss": 0.32538,
        "val_power_log_loss": 0.25607
    },
    "min_power_log_loss": 0.069629,
    "params@min_power_log_loss": {
        "epoch": 981,
        "val_loss": 0.030575,
        "mae": 0.0,
        "val_mae": 0.0,
        "power_log_loss": 0.069629,
        "val_power_log_loss": 0.070004
    },
    "min_val_power_log_loss": 0.068091,
    "params@min_val_power_log_loss": {
        "epoch": 957,
        "val_loss": 0.028716,
        "mae": 0.0,
        "val_mae": 0.0,
        "power_log_loss": 0.073125,
        "val_power_log_loss": 0.068091
    },
    "learning_rate_max": 0.0005,
    "learning_rate_min": 0.0005,
    "learning_rate_mean": 0.0005000000000000002,
    "evaluation_metrics": {
        "weights_source": "best_val",
        "train_loss": 0.028270844370126724,
        "val_loss": 0.02871566452085972,
        "train_mae": 0.01897048018872738,
        "train_afmae": 0.0667162761092186,
        "val_mae": 0.019280336797237396,
        "val_afmae": 0.06809092313051224
    }
}