{
  "project_name": "FRIKANh8u6l8g8s2_e1k_lr7e4_axisL",
  "generated_at": "2026-04-24T18:40:50.562076+08:00",
  "status": "complete",
  "calculation_standard": "ablation-study-v4-bounded-fit-freq-inband-linearity",
  "sources": {
    "training_info": true,
    "compute_analysis": true,
    "model_info": true,
    "linear_response": true,
    "linearity_by_frequency": true,
    "config": true,
    "board_inference_config": true,
    "board_inference_qemu": true,
    "board_inference_keil": true
  },
  "missing_sources": [],
  "missing_sections": [],
  "epochs": 1000,
  "min_loss": 0.024628,
  "min_val_loss": 0.026454,
  "train_loss": 0.024429351091384888,
  "val_loss": 0.026454273611307144,
  "train_mae": 0.026254450902342796,
  "train_afmae": 0.030362529680132866,
  "val_mae": 0.026670020073652267,
  "val_afmae": 0.03965557739138603,
  "weights_source": "best_val",
  "freq_drift_hz": 2.7317517672529306,
  "freq_drift_band_min_hz": 10.0,
  "freq_drift_band_max_hz": 128.0,
  "freq_drift_source_frequency_points_hz": [
    10.0,
    13.0,
    16.0,
    20.0,
    25.0,
    32.0,
    40.0,
    50.0,
    64.0,
    80.0,
    100.0,
    128.0
  ],
  "freq_drift_interpolation_points": null,
  "sens_drift_percent": 14.982233554275012,
  "linearity_percent": 0.6715704612339946,
  "linearity_band_max_hz": 128.0,
  "linearity_frequency_count": 12,
  "linearity_frequency_points_hz": [
    10.0,
    13.0,
    16.0,
    20.0,
    25.0,
    32.0,
    40.0,
    50.0,
    64.0,
    80.0,
    100.0,
    128.0
  ],
  "compute_cost": 6578.0,
  "total_params": 3301,
  "lr": 0.0007,
  "use_cosine_annealing": false,
  "metric_details": {
    "natural_frequency_drift": {
      "min": 30.335812120829598,
      "max": 35.394276340144884,
      "median": 32.662524572891954,
      "count": 25,
      "unit": "Hz",
      "method": "max(|max-median|, |median-min|) from band-limited fitted center frequency (comped)",
      "drift": 2.7317517672529306,
      "band_min_hz": 10.0,
      "band_max_hz": 128.0,
      "source_frequency_points_hz": [
        10.0,
        13.0,
        16.0,
        20.0,
        25.0,
        32.0,
        40.0,
        50.0,
        64.0,
        80.0,
        100.0,
        128.0
      ],
      "fit_param_key": "fit_params_comped"
    },
    "sensitivity_drift": {
      "min": 44.399159942552416,
      "max": 69.48397174686991,
      "median": 59.38139349682743,
      "count": 25,
      "unit": "%",
      "method": "max(|max-median|, |median-min|) from interpolated sensitivity",
      "drift": 14.982233554275012,
      "frequency_hz": 100.0
    },
    "linearity": {
      "mean": 0.6715704612339946,
      "max": 1.4461135581397722,
      "min": 0.10276950231861148,
      "count": 12,
      "unit": "%",
      "method": "mean(1 - R^2) across in-band frequency points",
      "band_max_hz": 128.0,
      "frequencies_hz": [
        10.0,
        13.0,
        16.0,
        20.0,
        25.0,
        32.0,
        40.0,
        50.0,
        64.0,
        80.0,
        100.0,
        128.0
      ]
    },
    "natural_frequency_drift_origin": {
      "min": 34.24511189190977,
      "max": 93.39109037552112,
      "median": 58.893451232916746,
      "count": 25,
      "unit": "Hz",
      "method": "max(|max-median|, |median-min|) from band-limited fitted center frequency (origin)",
      "drift": 34.49763914260437,
      "band_min_hz": 10.0,
      "band_max_hz": 128.0,
      "source_frequency_points_hz": [
        10.0,
        13.0,
        16.0,
        20.0,
        25.0,
        32.0,
        40.0,
        50.0,
        64.0,
        80.0,
        100.0,
        128.0
      ],
      "fit_param_key": "fit_params_origin"
    },
    "sensitivity_drift_origin": {
      "min": 60.00193475436049,
      "max": 203.37127543371568,
      "median": 144.56283404568921,
      "count": 25,
      "unit": "%",
      "method": "max(|max-median|, |median-min|) from interpolated origin sensitivity",
      "drift": 84.56089929132872,
      "frequency_hz": 100.0
    },
    "linearity_origin": {
      "mean": 2.0043849708268486,
      "max": 4.375669781001223,
      "min": 0.3592420460827306,
      "count": 12,
      "unit": "%",
      "method": "mean(1 - R^2) across in-band frequency points",
      "band_max_hz": 128.0,
      "frequencies_hz": [
        10.0,
        13.0,
        16.0,
        20.0,
        25.0,
        32.0,
        40.0,
        50.0,
        64.0,
        80.0,
        100.0,
        128.0
      ]
    }
  },
  "compute_details": {
    "total_params": 3301,
    "additions": 338,
    "multiplications": 40,
    "maps": 306,
    "total_ops": 684,
    "weighted_total": 6578.0,
    "weighted_additions": 338.0,
    "weighted_multiplications": 120.0,
    "weighted_maps": 6120.0
  },
  "compute_cost_status": "complete",
  "compute_has_unsupported_layers": false,
  "compute_unsupported_layer_count": 0,
  "compute_unsupported_layers": [],
  "compute_unsupported_layer_details": [],
  "compute_cost_warning": null,
  "loss_function": "MAE+AFMAE",
  "loss_function_key": "power_log_mae",
  "loss_function_source": "config.use_power_loss",
  "board_inference_ep_path": "ex_projects/inference/qemu-c-inference/frikan_h8u6l6_e1k_lr7e4",
  "board_qemu_mae": 0.007114359431113517,
  "board_keil_mae": 0.007114359431113517,
  "board_keil_speed": 0.14313,
  "board_keil_fps": 6986.655488017886,
  "board_inference": {
    "configured": true,
    "ep_path": "ex_projects/inference/qemu-c-inference/frikan_h8u6l6_e1k_lr7e4",
    "project_dir": "ex_projects/inference/qemu-c-inference/frikan_h8u6l6_e1k_lr7e4",
    "qemu_summary_path": "ex_projects/inference/qemu-c-inference/frikan_h8u6l6_e1k_lr7e4/data/benchmark_summary.json",
    "keil_summary_path": "ex_projects/inference/qemu-c-inference/frikan_h8u6l6_e1k_lr7e4/data/keil_benchmark_summary.json",
    "qemu_summary_exists": true,
    "keil_summary_exists": true,
    "qemu_mae": 0.007114359431113517,
    "keil_mae": 0.007114359431113517,
    "keil_wall_time_per_iter_ms": 57.252,
    "keil_point_count_per_iter": 400,
    "keil_speed_ms_per_point": 0.14313,
    "keil_speed_unit": "ms/point",
    "keil_speed_points_per_second": 6986.655488017886,
    "keil_speed_display_unit": "points/s",
    "published_optimization_profile": "project_default",
    "keil_optimization_profiles": [
      {
        "key": "project_default",
        "label": "Project default",
        "status": "completed",
        "published": true,
        "keil_speed_ms_per_point": 0.14313,
        "keil_speed_points_per_second": 6986.655488017886,
        "keil_mae": 0.007114359431113517,
        "flash_bytes": 736460,
        "ram_bytes": 5704,
        "comparison_path": "ex_projects/inference/qemu-c-inference/frikan_h8u6l6_e1k_lr7e4/data/keil_validation_comparison.json",
        "build_output_path": "ex_projects/inference/qemu-c-inference/frikan_h8u6l6_e1k_lr7e4/data/build_logs/build_output_MET405_project_default.txt"
      },
      {
        "key": "o0",
        "label": "-O0",
        "status": "completed",
        "published": false,
        "keil_speed_ms_per_point": 0.44752499999999995,
        "keil_speed_points_per_second": 2234.5120384336074,
        "keil_mae": 0.007114359431113517,
        "flash_bytes": 745612,
        "ram_bytes": 88904,
        "comparison_path": "ex_projects/inference/qemu-c-inference/frikan_h8u6l6_e1k_lr7e4/data/keil_validation_comparison_o0.json",
        "build_output_path": "ex_projects/inference/qemu-c-inference/frikan_h8u6l6_e1k_lr7e4/data/build_logs/build_output_MET405_o0.txt"
      },
      {
        "key": "o2",
        "label": "-O2",
        "status": "completed",
        "published": false,
        "keil_speed_ms_per_point": 0.14313,