{
    "total_epochs": 1000,
    "min_loss": 0.024628,
    "params@min_loss": {
        "epoch": 1000,
        "val_loss": 0.027274,
        "mae": 0.0,
        "val_mae": 0.0,
        "power_log_loss": 0.031977,
        "val_power_log_loss": 0.044302
    },
    "min_val_loss": 0.026454,
    "params@min_val_loss": {
        "epoch": 985,
        "val_loss": 0.026454,
        "mae": 0.0,
        "val_mae": 0.0,
        "power_log_loss": 0.037775,
        "val_power_log_loss": 0.039656
    },
    "min_mae": 0.0,
    "params@min_mae": {
        "epoch": 1,
        "val_loss": 1.5204,
        "mae": 0.0,
        "val_mae": 0.0,
        "power_log_loss": 1.8652,
        "val_power_log_loss": 1.8168
    },
    "min_val_mae": 0.0,
    "params@min_val_mae": {
        "epoch": 1,
        "val_loss": 1.5204,
        "mae": 0.0,
        "val_mae": 0.0,
        "power_log_loss": 1.8652,
        "val_power_log_loss": 1.8168
    },
    "min_power_log_loss": 0.031977,
    "params@min_power_log_loss": {
        "epoch": 1000,
        "val_loss": 0.027274,
        "mae": 0.0,
        "val_mae": 0.0,
        "power_log_loss": 0.031977,
        "val_power_log_loss": 0.044302
    },
    "min_val_power_log_loss": 0.039656,
    "params@min_val_power_log_loss": {
        "epoch": 985,
        "val_loss": 0.026454,
        "mae": 0.0,
        "val_mae": 0.0,
        "power_log_loss": 0.037775,
        "val_power_log_loss": 0.039656
    },
    "learning_rate_max": 0.00014,
    "learning_rate_min": 0.00014,
    "learning_rate_mean": 0.00013999999999999996,
    "evaluation_metrics": {
        "weights_source": "best_val",
        "train_loss": 0.024429351091384888,
        "val_loss": 0.026454273611307144,
        "train_mae": 0.026254450902342796,
        "train_afmae": 0.030362529680132866,
        "val_mae": 0.026670020073652267,
        "val_afmae": 0.03965557739138603
    }
}