{
  "completed_epoch": 1000,
  "min_loss": 0.0249677412211895,
  "min_val_loss": 0.026454273611307144,
  "current_epoch": 1000,
  "model_name": "FRIKAN",
  "training_alive": false,
  "timestamp": "20260424184007.1",
  "best_weights_file": "projects/09_HPARAM_SENSITIVITY/FRIKANh8u6l8g8s2_e1k_lr7e4_axisL/data\\FRIKANh8u6l8g8s2_e1k_lr7e4_axisL_best_weights.h5",
  "best_val_weights_file": "projects/09_HPARAM_SENSITIVITY/FRIKANh8u6l8g8s2_e1k_lr7e4_axisL/data\\FRIKANh8u6l8g8s2_e1k_lr7e4_axisL_best_val_weights.h5",
  "loss": 0.02462845854461193,
  "val_loss": 0.027274195104837418,
  "mae": 0.0,
  "afmae": 1.890779733657837,
  "val_mae": 0.0,
  "val_afmae": 1.8797143697738647,
  "val_power_log_loss": 0.04430181905627251,
  "power_log_loss": 0.03197665140032768,
  "lr": 0.00014000000373926014,
  "elapsed_time": 1300.687387228012,
  "remaining_time": 0.0,
  "expected_finish_time": "2026-04-24 18:40:07",
  "smoothed_speed": 2834.8754833142953
}