{
  "project_name": "1DCNNc4u8k20l8_e1k_lr3e3_pd8l2_true",
  "generated_at": "2026-04-13T18:06:08.282825+08:00",
  "status": "complete",
  "calculation_standard": "ablation-study-v1",
  "sources": {
    "training_info": true,
    "compute_analysis": true,
    "model_info": true,
    "linear_response": true,
    "linearity_by_frequency": true,
    "config": true
  },
  "missing_sources": [],
  "missing_sections": [],
  "epochs": 1000,
  "min_loss": 0.0098718,
  "min_val_loss": 0.0092773,
  "train_loss": 0.009301595389842987,
  "val_loss": 0.009277337230741978,
  "train_mae": 0.009301595389842987,
  "train_afmae": 0.08628329634666443,
  "val_mae": 0.009277337230741978,
  "val_afmae": 0.08647380024194717,
  "weights_source": "best_val",
  "freq_drift_hz": 6.41992744470306,
  "sens_drift_percent": 24.03324866239675,
  "linearity_percent": 0.8602599288208381,
  "compute_cost": 1880.0,
  "total_params": 885,
  "lr": 0.003,
  "use_cosine_annealing": false,
  "metric_details": {
    "natural_frequency_drift": {
      "min": 27.88491944750307,
      "max": 36.847094806789194,
      "median": 34.30484689220613,
      "count": 25,
      "unit": "Hz",
      "method": "max(|max-median|, |median-min|) from fn_comped",
      "drift": 6.41992744470306
    },
    "sensitivity_drift": {
      "min": 40.78005224745349,
      "max": 73.1523372464488,
      "median": 64.81330090985024,
      "count": 25,
      "unit": "%",
      "method": "max(|max-median|, |median-min|) from interpolated sensitivity",
      "drift": 24.03324866239675,
      "frequency_hz": 100.0
    },
    "linearity": {
      "mean": 0.8602599288208381,
      "max": 2.3968889066566357,
      "min": 0.15841430606483575,
      "count": 14,
      "unit": "%",
      "method": "mean(1 - R^2) across frequency points"
    },
    "natural_frequency_drift_origin": {
      "min": 34.24511188160566,
      "max": 93.39109038646993,
      "median": 58.89345106524416,
      "count": 25,
      "unit": "Hz",
      "method": "max(|max-median|, |median-min|) from fn_origin",
      "drift": 34.49763932122577
    },
    "sensitivity_drift_origin": {
      "min": 60.001934754356135,
      "max": 203.37127543336493,
      "median": 144.5628340451216,
      "count": 25,
      "unit": "%",
      "method": "max(|max-median|, |median-min|) from interpolated origin sensitivity",
      "drift": 84.56089929076546,
      "frequency_hz": 100.0
    },
    "linearity_origin": {
      "mean": 2.5499568401843997,
      "max": 6.418887454843169,
      "min": 0.359242046082775,
      "count": 14,
      "unit": "%",
      "method": "mean(1 - R^2) across frequency points"
    }
  },
  "compute_details": {
    "total_params": 885,
    "additions": 856,
    "multiplications": 856,
    "maps": 28,
    "total_ops": 1740,
    "weighted_total": 1880.0,
    "weighted_additions": 856.0,
    "weighted_multiplications": 856.0,
    "weighted_maps": 168.0
  },
  "compute_cost_status": "complete",
  "compute_has_unsupported_layers": false,
  "compute_unsupported_layer_count": 0,
  "compute_unsupported_layers": [],
  "compute_unsupported_layer_details": [],
  "compute_cost_warning": null,
  "loss_function": "MAE",
  "loss_function_key": "mae",
  "loss_function_source": "config.use_power_loss",
  "display_metrics": {
    "Loss Function": "MAE",
    "TRAIN_MAE": 0.009301595389842987,
    "TRAIN_AFMAE": 0.08628329634666443,
    "VAL_MAE": 0.009277337230741978,
    "VAL_AFMAE": 0.08647380024194717,
    "Freq Drift (Hz)": 6.41992744470306,
    "Sens Drift (%)": 24.03324866239675,
    "Linearity (%)": 0.8602599288208381,
    "Compute Cost": 1880.0,
    "Total Params": 885,
    "Epochs": 1000,
    "LR": 0.003,
    "Cosine Annealing": false
  }
}