{
  "completed_epoch": 1000,
  "min_loss": 0.009871757589280605,
  "min_val_loss": 0.009277336299419403,
  "current_epoch": 1000,
  "model_name": "1DCNN",
  "training_alive": false,
  "timestamp": "20260413180601.9",
  "best_weights_file": "projects/05_1DCNN/1DCNNc4u8k20l8_e1k_lr3e3_pd8l2_true/data\\1DCNNc4u8k20l8_e1k_lr3e3_pd8l2_true_best_weights.h5",
  "best_val_weights_file": "projects/05_1DCNN/1DCNNc4u8k20l8_e1k_lr3e3_pd8l2_true/data\\1DCNNc4u8k20l8_e1k_lr3e3_pd8l2_true_best_val_weights.h5",
  "loss": 0.010290205478668213,
  "val_loss": 0.010191205888986588,
  "mae": 0.0,
  "afmae": 1.3929952383041382,
  "val_mae": 0.0,
  "val_afmae": 1.393301248550415,
  "val_power_log_loss": 0.0,
  "power_log_loss": 0.0,
  "lr": 0.006000000052154064,
  "elapsed_time": 97.45232915878296,
  "remaining_time": 0.0,
  "expected_finish_time": "2026-04-13 18:05:53",
  "smoothed_speed": 52076.76719434403
}