{
    "total_epochs": 1000,
    "min_loss": 0.024449,
    "params@min_loss": {
        "epoch": 961,
        "val_loss": 0.025653,
        "mae": 0.0,
        "val_mae": 0.0,
        "power_log_loss": 0.040221,
        "val_power_log_loss": 0.045737
    },
    "min_val_loss": 0.025653,
    "params@min_val_loss": {
        "epoch": 961,
        "val_loss": 0.025653,
        "mae": 0.0,
        "val_mae": 0.0,
        "power_log_loss": 0.040221,
        "val_power_log_loss": 0.045737
    },
    "min_mae": 0.0,
    "params@min_mae": {
        "epoch": 1,
        "val_loss": 1.5034,
        "mae": 0.0,
        "val_mae": 0.0,
        "power_log_loss": 1.8661,
        "val_power_log_loss": 1.823
    },
    "min_val_mae": 0.0,
    "params@min_val_mae": {
        "epoch": 1,
        "val_loss": 1.5034,
        "mae": 0.0,
        "val_mae": 0.0,
        "power_log_loss": 1.8661,
        "val_power_log_loss": 1.823
    },
    "min_power_log_loss": 0.040221,
    "params@min_power_log_loss": {
        "epoch": 961,
        "val_loss": 0.025653,
        "mae": 0.0,
        "val_mae": 0.0,
        "power_log_loss": 0.040221,
        "val_power_log_loss": 0.045737
    },
    "min_val_power_log_loss": 0.045737,
    "params@min_val_power_log_loss": {
        "epoch": 961,
        "val_loss": 0.025653,
        "mae": 0.0,
        "val_mae": 0.0,
        "power_log_loss": 0.040221,
        "val_power_log_loss": 0.045737
    },
    "learning_rate_max": 0.0001,
    "learning_rate_min": 0.0001,
    "learning_rate_mean": 0.00010000000000000003,
    "evaluation_metrics": {
        "weights_source": "best_val",
        "train_loss": 0.02426476962864399,
        "val_loss": 0.025652596727013588,
        "train_mae": 0.022349510341882706,
        "train_afmae": 0.03954249247908592,
        "val_mae": 0.022563708946108818,
        "val_afmae": 0.04573679715394974
    }
}