{
  "completed_epoch": 1000,
  "min_loss": 0.024449311196804047,
  "min_val_loss": 0.02565259300172329,
  "current_epoch": 1000,
  "model_name": "FRIKAN",
  "training_alive": false,
  "timestamp": "20260409203204.1",
  "best_weights_file": "projects/01_EPOCH1000/FRIKANh6u6l6_e1k_4/data\\FRIKANh6u6l6_e1k_4_best_weights.h5",
  "best_val_weights_file": "projects/01_EPOCH1000/FRIKANh6u6l6_e1k_4/data\\FRIKANh6u6l6_e1k_4_best_val_weights.h5",
  "loss": 0.025149891152977943,
  "val_loss": 0.026485497131943703,
  "mae": 0.0,
  "afmae": 1.8879543542861938,
  "val_mae": 0.0,
  "val_afmae": 1.877591848373413,
  "val_power_log_loss": 0.05034622550010681,
  "power_log_loss": 0.04364810138940811,
  "lr": 9.999999747378752e-05,
  "elapsed_time": 1990.210228919983,
  "remaining_time": 1.9400955881120256,
  "expected_finish_time": "2026-04-03 14:41:20",
  "smoothed_speed": 1855.5786746071028
}