{
    "total_epochs": 1000,
    "min_loss": 0.024937,
    "params@min_loss": {
        "epoch": 938,
        "val_loss": 0.026068,
        "mae": 0.0,
        "val_mae": 0.0,
        "power_log_loss": 0.042002,
        "val_power_log_loss": 0.046681
    },
    "min_val_loss": 0.025951,
    "params@min_val_loss": {
        "epoch": 941,
        "val_loss": 0.025951,
        "mae": 0.0,
        "val_mae": 0.0,
        "power_log_loss": 0.042419,
        "val_power_log_loss": 0.046027
    },
    "min_mae": 0.0,
    "params@min_mae": {
        "epoch": 1,
        "val_loss": 1.2244,
        "mae": 0.0,
        "val_mae": 0.0,
        "power_log_loss": 1.7084,
        "val_power_log_loss": 1.636
    },
    "min_val_mae": 0.0,
    "params@min_val_mae": {
        "epoch": 1,
        "val_loss": 1.2244,
        "mae": 0.0,
        "val_mae": 0.0,
        "power_log_loss": 1.7084,
        "val_power_log_loss": 1.636
    },
    "min_power_log_loss": 0.041673,
    "params@min_power_log_loss": {
        "epoch": 903,
        "val_loss": 0.026111,
        "mae": 0.0,
        "val_mae": 0.0,
        "power_log_loss": 0.041673,
        "val_power_log_loss": 0.046765
    },
    "min_val_power_log_loss": 0.046027,
    "params@min_val_power_log_loss": {
        "epoch": 941,
        "val_loss": 0.025951,
        "mae": 0.0,
        "val_mae": 0.0,
        "power_log_loss": 0.042419,
        "val_power_log_loss": 0.046027
    },
    "learning_rate_max": 0.00014,
    "learning_rate_min": 0.00014,
    "learning_rate_mean": 0.00013999999999999996,
    "evaluation_metrics": {
        "weights_source": "best_val",
        "train_loss": 0.0245627760887146,
        "val_loss": 0.025950677692890167,
        "train_mae": 0.023225096985697746,
        "train_afmae": 0.03972768411040306,
        "val_mae": 0.023627575486898422,
        "val_afmae": 0.04602677375078201
    }
}