{
  "completed_epoch": 1000,
  "min_loss": 0.02493692748248577,
  "min_val_loss": 0.025950677692890167,
  "current_epoch": 1000,
  "model_name": "FRIKAN",
  "training_alive": false,
  "timestamp": "20260424005131.5",
  "best_weights_file": "projects/09_HPARAM_SENSITIVITY/FRIKANh4u6l6g8s2_e1k_lr7e4_axisH/data\\FRIKANh4u6l6g8s2_e1k_lr7e4_axisH_best_weights.h5",
  "best_val_weights_file": "projects/09_HPARAM_SENSITIVITY/FRIKANh4u6l6g8s2_e1k_lr7e4_axisH/data\\FRIKANh4u6l6g8s2_e1k_lr7e4_axisH_best_val_weights.h5",
  "loss": 0.026156485080718994,
  "val_loss": 0.027429161593317986,
  "mae": 0.0,
  "afmae": 1.7517032623291016,
  "val_mae": 0.0,
  "val_afmae": 1.7367922067642212,
  "val_power_log_loss": 0.05489983409643173,
  "power_log_loss": 0.047255989164114,
  "lr": 0.00014000000373926014,
  "elapsed_time": 1914.5644264221191,
  "remaining_time": 0.0,
  "expected_finish_time": "2026-04-24 00:51:31",
  "smoothed_speed": 1920.8713477479316
}