{
  "project_name": "FRIKANh6u6l4_2",
  "generated_at": "2026-04-10T00:36:26.821100+08:00",
  "status": "complete",
  "calculation_standard": "ablation-study-v1",
  "sources": {
    "training_info": true,
    "compute_analysis": true,
    "model_info": true,
    "linear_response": true,
    "linearity_by_frequency": true
  },
  "missing_sources": [],
  "missing_sections": [],
  "epochs": 30000,
  "min_loss": 0.012272,
  "min_val_loss": 0.014975,
  "train_loss": 0.012781331315636635,
  "val_loss": 0.015049352310597897,
  "train_mae": 0.014351722784340382,
  "train_afmae": 0.015314239077270031,
  "val_mae": 0.014867556281387806,
  "val_afmae": 0.02606501244008541,
  "weights_source": null,
  "freq_drift_hz": 1.45282019746994,
  "sens_drift_percent": 7.468947199294945,
  "linearity_percent": 0.5777684048329639,
  "compute_cost": 1104.0,
  "total_params": 1669,
  "metric_details": {
    "natural_frequency_drift": {
      "min": 32.777612759923365,
      "max": 35.47618637208593,
      "median": 34.02336617461599,
      "count": 25,
      "unit": "Hz",
      "method": "max(|max-median|, |median-min|) from fn_comped",
      "drift": 1.45282019746994
    },
    "sensitivity_drift": {
      "min": 57.8305581698773,
      "max": 71.22148953022473,
      "median": 63.752542330929785,
      "count": 25,
      "unit": "%",
      "method": "max(|max-median|, |median-min|) from interpolated sensitivity",
      "drift": 7.468947199294945,
      "frequency_hz": 100.0
    },
    "linearity": {
      "mean": 0.5777684048329639,
      "max": 1.4856430659908826,
      "min": 0.1250168043801514,
      "count": 14,
      "unit": "%",
      "method": "mean(1 - R^2) across frequency points"
    },
    "natural_frequency_drift_origin": {
      "min": 34.24511188160566,
      "max": 93.39109038646993,
      "median": 58.89345106524416,
      "count": 25,
      "unit": "Hz",
      "method": "max(|max-median|, |median-min|) from fn_origin",
      "drift": 34.49763932122577
    },
    "sensitivity_drift_origin": {
      "min": 60.001934754356135,
      "max": 203.37127543336493,
      "median": 144.5628340451216,
      "count": 25,
      "unit": "%",
      "method": "max(|max-median|, |median-min|) from interpolated origin sensitivity",
      "drift": 84.56089929076546,
      "frequency_hz": 100.0
    },
    "linearity_origin": {
      "mean": 2.5499568401843997,
      "max": 6.418887454843169,
      "min": 0.359242046082775,
      "count": 14,
      "unit": "%",
      "method": "mean(1 - R^2) across frequency points"
    }
  },
  "compute_details": {
    "total_params": 1669,
    "additions": 174,
    "multiplications": 30,
    "maps": 150,
    "total_ops": 354,
    "weighted_total": 1104.0,
    "weighted_additions": 174.0,
    "weighted_multiplications": 30.0,
    "weighted_maps": 900.0
  },
  "display_metrics": {
    "TRAIN_MAE": 0.014351722784340382,
    "TRAIN_AFMAE": 0.015314239077270031,
    "VAL_MAE": 0.014867556281387806,
    "VAL_AFMAE": 0.02606501244008541,
    "Freq Drift (Hz)": 1.45282019746994,
    "Sens Drift (%)": 7.468947199294945,
    "Linearity (%)": 0.5777684048329639,
    "Compute Cost": 1104.0,
    "Total Params": 1669,
    "Epochs": 30000
  }
}