{
  "completed_epoch": 534,
  "min_loss": 0.012903711758553982,
  "min_val_loss": 0.012279069051146507,
  "current_epoch": 534,
  "model_name": "RNN",
  "training_alive": true,
  "timestamp": "20260414204811.5",
  "best_weights_file": "projects/07_RNN/RNNr24d16_e1k_puremae_r7/data\\RNNr24d16_e1k_puremae_r7_best_weights.h5",
  "best_val_weights_file": "projects/07_RNN/RNNr24d16_e1k_puremae_r7/data\\RNNr24d16_e1k_puremae_r7_best_val_weights.h5",
  "loss": 0.013161256909370422,
  "val_loss": 0.01258830912411213,
  "mae": 0.0,
  "afmae": 0.5431554317474365,
  "val_mae": 0.0,
  "val_afmae": 0.5438765287399292,
  "val_power_log_loss": 0.0,
  "power_log_loss": 0.0,
  "lr": 0.00139999995008111,
  "elapsed_time": 7316.3668167591095,
  "remaining_time": 6796.117384910551,
  "expected_finish_time": "2026-04-14 04:23:29",
  "smoothed_speed": 246.84682517767902
}