{
  "project_name": "FRIKANh8u6l6_e1k_lr1e3",
  "generated_at": "2026-04-09T23:48:48.457206+08:00",
  "status": "complete",
  "sources": {
    "training_info": true,
    "compute_analysis": true,
    "model_info": true,
    "linear_response": true
  },
  "missing_sources": [],
  "missing_sections": [],
  "epochs": 1000,
  "min_loss": 0.023134,
  "min_val_loss": 0.024355,
  "train_loss": 0.022850319743156433,
  "val_loss": 0.02435535192489624,
  "train_mae": 0.021369466558098793,
  "train_afmae": 0.03329722210764885,
  "val_mae": 0.02185707725584507,
  "val_afmae": 0.040157251060009,
  "weights_source": null,
  "freq_drift_hz": 32.0,
  "sens_drift_percent": 27.8621483060372,
  "linearity_percent": 30.53193872467711,
  "compute_cost": 1710.0,
  "total_params": 2569,
  "display_metrics": {
    "TRAIN_MAE": 0.021369466558098793,
    "TRAIN_AFMAE": 0.03329722210764885,
    "VAL_MAE": 0.02185707725584507,
    "VAL_AFMAE": 0.040157251060009,
    "Freq Drift (Hz)": 32.0,
    "Sens Drift (%)": 27.8621483060372,
    "Linearity (%)": 30.53193872467711,
    "Compute Cost": 1710.0,
    "Total Params": 2569,
    "Epochs": 1000
  }
}