{
  "completed_epoch": 1000,
  "min_loss": 0.023133523762226105,
  "min_val_loss": 0.02435535192489624,
  "current_epoch": 1000,
  "model_name": "FRIKAN",
  "training_alive": false,
  "timestamp": "20260403190819.0",
  "best_weights_file": "projects/01_EPOCH1000/FRIKANh8u6l6_e1k_lr1e3/data\\FRIKANh8u6l6_e1k_lr1e3_best_weights.h5",
  "best_val_weights_file": "projects/01_EPOCH1000/FRIKANh8u6l6_e1k_lr1e3/data\\FRIKANh8u6l6_e1k_lr1e3_best_val_weights.h5",
  "loss": 0.02334040030837059,
  "val_loss": 0.025139302015304565,
  "mae": 0.0,
  "afmae": 1.9606373310089111,
  "val_mae": 0.0,
  "val_afmae": 1.9507766962051392,
  "val_power_log_loss": 0.04191337898373604,
  "power_log_loss": 0.03564818948507309,
  "lr": 0.00019999999494757503,
  "elapsed_time": 2050.130794763565,
  "remaining_time": 2.0092004533244503,
  "expected_finish_time": "2026-04-03 15:27:09",
  "smoothed_speed": 1791.7575093333228
}