{
    "total_epochs": 1000,
    "min_loss": 0.023134,
    "params@min_loss": {
        "epoch": 996,
        "val_loss": 0.025851,
        "mae": 0.0,
        "val_mae": 0.0,
        "power_log_loss": 0.034542,
        "val_power_log_loss": 0.047199
    },
    "min_val_loss": 0.024355,
    "params@min_val_loss": {
        "epoch": 994,
        "val_loss": 0.024355,
        "mae": 0.0,
        "val_mae": 0.0,
        "power_log_loss": 0.03522,
        "val_power_log_loss": 0.040157
    },
    "min_mae": 0.0,
    "params@min_mae": {
        "epoch": 1,
        "val_loss": 1.6453,
        "mae": 0.0,
        "val_mae": 0.0,
        "power_log_loss": 1.9302,
        "val_power_log_loss": 1.8821
    },
    "min_val_mae": 0.0,
    "params@min_val_mae": {
        "epoch": 1,
        "val_loss": 1.6453,
        "mae": 0.0,
        "val_mae": 0.0,
        "power_log_loss": 1.9302,
        "val_power_log_loss": 1.8821
    },
    "min_power_log_loss": 0.034002,
    "params@min_power_log_loss": {
        "epoch": 873,
        "val_loss": 0.025711,
        "mae": 0.0,
        "val_mae": 0.0,
        "power_log_loss": 0.034002,
        "val_power_log_loss": 0.045213
    },
    "min_val_power_log_loss": 0.040157,
    "params@min_val_power_log_loss": {
        "epoch": 994,
        "val_loss": 0.024355,
        "mae": 0.0,
        "val_mae": 0.0,
        "power_log_loss": 0.03522,
        "val_power_log_loss": 0.040157
    },
    "learning_rate_max": 0.0002,
    "learning_rate_min": 0.0002,
    "learning_rate_mean": 0.00020000000000000006,
    "evaluation_metrics": {
        "train_loss": 0.022850319743156433,
        "val_loss": 0.02435535192489624,
        "train_mae": 0.021369466558098793,
        "train_afmae": 0.03329722210764885,
        "val_mae": 0.02185707725584507,
        "val_afmae": 0.040157251060009
    }
}