{
  "overall": {
    "record_count": 1,
    "sample_count": 400,
    "mae": 0.021366632539911175,
    "mse": 0.0005737298867422654,
    "max_abs_error": 0.06522938052186317,
    "c_output_stats": {
      "min": -0.256881,
      "max": 0.166996,
      "mean": 0.022857300000000014,
      "energy": 8.535859015006002
    },
    "tf_output_stats": {
      "min": -0.19272571811318204,
      "max": 0.13732246518445274,
      "mean": 0.014934047825803867,
      "energy": 6.09395824554072
    },
    "diff_stats": {
      "min": -0.06522938052186317,
      "max": 0.03270499487252429,
      "mean": 0.007923252174196135,
      "energy": 0.22949195469690617
    }
  },
  "per_record": [
    {
      "record_id": "mag0.24_freq10",
      "magnitude": 0.24,
      "frequency": 10.0,
      "mae": 0.021366632539911175,
      "mse": 0.0005737298867422654,
      "max_abs_error": 0.06522938052186317,
      "c_output_stats": {
        "min": -0.256881,
        "max": 0.166996,
        "mean": 0.022857300000000014,
        "energy": 8.535859015006002
      },
      "tf_output_stats": {
        "min": -0.19272571811318204,
        "max": 0.13732246518445274,
        "mean": 0.014934047825803867,
        "energy": 6.09395824554072
      },
      "diff_stats": {
        "min": -0.06522938052186317,
        "max": 0.03270499487252429,
        "mean": 0.007923252174196135,
        "energy": 0.22949195469690617
      }
    }
  ],
  "wave_paths": {
    "keil_output_wave": "ex_projects/inference/qemu-c-inference/frikan_h8u6l6_e1k_lr7e4_puremae/data/waves/keil_output.wave"
  }
}