{
  "project_name": "CNNKANh8u6l6_e1k_lr28e5_c8k3d05",
  "generated_at": "2026-04-10T13:53:47.522367+08:00",
  "status": "complete",
  "calculation_standard": "ablation-study-v1",
  "sources": {
    "training_info": true,
    "compute_analysis": true,
    "model_info": true,
    "linear_response": true,
    "linearity_by_frequency": true,
    "config": true
  },
  "missing_sources": [],
  "missing_sections": [],
  "epochs": 1000,
  "min_loss": 0.040007,
  "min_val_loss": 0.03916,
  "train_loss": 0.03900131210684776,
  "val_loss": 0.0391598716378212,
  "train_mae": 0.06086617335677147,
  "train_afmae": 0.054542284458875656,
  "val_mae": 0.06200975924730301,
  "val_afmae": 0.054599810391664505,
  "weights_source": "best_val",
  "freq_drift_hz": 2.927886927174818,
  "sens_drift_percent": 19.641500587862893,
  "linearity_percent": 1.823900581724561,
  "compute_cost": 1686.0,
  "total_params": 2409,
  "lr": 0.00028,
  "use_cosine_annealing": false,
  "metric_details": {
    "natural_frequency_drift": {
      "min": 32.70606836106822,
      "max": 37.53833362607648,
      "median": 35.63395528824304,
      "count": 25,
      "unit": "Hz",
      "method": "max(|max-median|, |median-min|) from fn_comped",
      "drift": 2.927886927174818
    },
    "sensitivity_drift": {
      "min": 61.068545035770114,
      "max": 86.23752051626481,
      "median": 66.59601992840192,
      "count": 25,
      "unit": "%",
      "method": "max(|max-median|, |median-min|) from interpolated sensitivity",
      "drift": 19.641500587862893,
      "frequency_hz": 100.0
    },
    "linearity": {
      "mean": 1.823900581724561,
      "max": 4.205635947274223,
      "min": 0.22756960758942846,
      "count": 14,
      "unit": "%",
      "method": "mean(1 - R^2) across frequency points"
    },
    "natural_frequency_drift_origin": {
      "min": 34.24511188160566,
      "max": 93.39109038646993,
      "median": 58.89345106524416,
      "count": 25,
      "unit": "Hz",
      "method": "max(|max-median|, |median-min|) from fn_origin",
      "drift": 34.49763932122577
    },
    "sensitivity_drift_origin": {
      "min": 60.001934754356135,
      "max": 203.37127543336493,
      "median": 144.5628340451216,
      "count": 25,
      "unit": "%",
      "method": "max(|max-median|, |median-min|) from interpolated origin sensitivity",
      "drift": 84.56089929076546,
      "frequency_hz": 100.0
    },
    "linearity_origin": {
      "mean": 2.5499568401843997,
      "max": 6.418887454843169,
      "min": 0.359242046082775,
      "count": 14,
      "unit": "%",
      "method": "mean(1 - R^2) across frequency points"
    }
  },
  "compute_details": {
    "total_params": 2409,
    "additions": 258,
    "multiplications": 24,
    "maps": 234,
    "total_ops": 516,
    "weighted_total": 1686.0,
    "weighted_additions": 258.0,
    "weighted_multiplications": 24.0,
    "weighted_maps": 1404.0
  },
  "display_metrics": {
    "TRAIN_MAE": 0.06086617335677147,
    "TRAIN_AFMAE": 0.054542284458875656,
    "VAL_MAE": 0.06200975924730301,
    "VAL_AFMAE": 0.054599810391664505,
    "Freq Drift (Hz)": 2.927886927174818,
    "Sens Drift (%)": 19.641500587862893,
    "Linearity (%)": 1.823900581724561,
    "Compute Cost": 1686.0,
    "Total Params": 2409,
    "Epochs": 1000,
    "LR": 0.00028,
    "Cosine Annealing": false
  }
}