{
  "completed_epoch": 1000,
  "min_loss": 0.040006790310144424,
  "min_val_loss": 0.03922201320528984,
  "current_epoch": 1000,
  "model_name": "CNNKAN",
  "training_alive": false,
  "timestamp": "20260410135301.2",
  "best_weights_file": "projects/01_LR_STUDY/CNNKANh8u6l6_e1k_lr28e5_c8k3d05/data\\CNNKANh8u6l6_e1k_lr28e5_c8k3d05_best_weights.h5",
  "best_val_weights_file": "projects/01_LR_STUDY/CNNKANh8u6l6_e1k_lr28e5_c8k3d05/data\\CNNKANh8u6l6_e1k_lr28e5_c8k3d05_best_val_weights.h5",
  "loss": 0.04331279918551445,
  "val_loss": 0.039159879088401794,
  "mae": 0.0,
  "afmae": 0.053026724606752396,
  "val_mae": 0.0,
  "val_afmae": 0.054571304470300674,
  "val_power_log_loss": 0.05444290488958359,
  "power_log_loss": 0.05530820041894913,
  "lr": 5.6000000768108293e-05,
  "elapsed_time": 461.08355164527893,
  "remaining_time": 2.753043859265866,
  "expected_finish_time": "2026-04-06 18:25:28",
  "smoothed_speed": 1307.6435334960431
}