{
  "fgm0d12": {
    "x": [
      0.0,
      0.125,
      0.25,
      0.375,
      0.5
    ],
    "integral": [
      0.0,
      0.125,
      0.25,
      0.3125,
      0.34375
    ],
    "xn": [
      0.0,
      0.125,
      0.25,
      0.375,
      0.5
    ]
  },
  "fgm3d0": {
    "x": [
      0.09999999999999998,
      0.2875,
      0.475,
      0.6625,
      0.85,
      1.0375,
      1.225,
      1.4125,
      1.6
    ],
    "integral": [
      0.0,
      0.0,
      0.046875,
      0.140625,
      0.28125,
      0.4687500000000001,
      0.609375,
      0.703125,
      0.75
    ],
    "xn": [
      0.0,
      0.09999999999999998,
      0.2875,
      0.475,
      0.6625,
      0.85,
      1.0375,
      1.225,
      1.4125,
      1.6
    ]
  },
  "fgm6d0": {
    "x": [
      0.15000000000000002,
      0.4,
      0.65,
      0.9,
      1.15,
      1.4,
      1.65,
      1.9
    ],
    "integral": [
      0.0,
      0.0625,
      0.1875,
      0.375,
      0.6249999999999999,
      0.8124999999999999,
      0.9374999999999999,
      1.0625
    ],
    "xn": [
      0.0,
      0.15000000000000002,
      0.4,
      0.65,
      0.9,
      1.15,
      1.4,
      1.65,
      1.9
    ]
  }
}