{
  "project_name": "FRIKANh8u6l6",
  "generated_at": "2026-04-13T10:12:10.613302+08:00",
  "status": "complete",
  "calculation_standard": "ablation-study-v1",
  "sources": {
    "training_info": true,
    "compute_analysis": true,
    "model_info": true,
    "linear_response": true,
    "linearity_by_frequency": true,
    "config": true
  },
  "missing_sources": [],
  "missing_sections": [],
  "epochs": 19,
  "min_loss": 0.030718,
  "min_val_loss": 0.032638,
  "train_loss": 0.012021671049296856,
  "val_loss": 0.014786087907850742,
  "train_mae": 0.01290326751768589,
  "train_afmae": 0.011326066218316555,
  "val_mae": 0.01331147737801075,
  "val_afmae": 0.024843502789735794,
  "weights_source": null,
  "freq_drift_hz": 1.1996261388807667,
  "sens_drift_percent": 5.573166600412634,
  "linearity_percent": 0.4973163046336644,
  "compute_cost": 1710.0,
  "total_params": 2569,
  "lr": 0.01,
  "use_cosine_annealing": true,
  "metric_details": {
    "natural_frequency_drift": {
      "min": 32.83509565328052,
      "max": 35.09438096377036,
      "median": 34.034721792161285,
      "count": 25,
      "unit": "Hz",
      "method": "max(|max-median|, |median-min|) from fn_comped",
      "drift": 1.1996261388807667
    },
    "sensitivity_drift": {
      "min": 59.59149464906678,
      "max": 69.69628803775151,
      "median": 64.12312143733888,
      "count": 25,
      "unit": "%",
      "method": "max(|max-median|, |median-min|) from interpolated sensitivity",
      "drift": 5.573166600412634,
      "frequency_hz": 100.0
    },
    "linearity": {
      "mean": 0.4973163046336644,
      "max": 1.3997825235619765,
      "min": 0.07015495134641281,
      "count": 14,
      "unit": "%",
      "method": "mean(1 - R^2) across frequency points"
    },
    "natural_frequency_drift_origin": {
      "min": 34.24511188160566,
      "max": 93.39109038646993,
      "median": 58.89345106524416,
      "count": 25,
      "unit": "Hz",
      "method": "max(|max-median|, |median-min|) from fn_origin",
      "drift": 34.49763932122577
    },
    "sensitivity_drift_origin": {
      "min": 60.001934754356135,
      "max": 203.37127543336493,
      "median": 144.5628340451216,
      "count": 25,
      "unit": "%",
      "method": "max(|max-median|, |median-min|) from interpolated origin sensitivity",
      "drift": 84.56089929076546,
      "frequency_hz": 100.0
    },
    "linearity_origin": {
      "mean": 2.5499568401843997,
      "max": 6.418887454843169,
      "min": 0.359242046082775,
      "count": 14,
      "unit": "%",
      "method": "mean(1 - R^2) across frequency points"
    }
  },
  "compute_details": {
    "total_params": 2569,
    "additions": 266,
    "multiplications": 40,
    "maps": 234,
    "total_ops": 540,
    "weighted_total": 1710.0,
    "weighted_additions": 266.0,
    "weighted_multiplications": 40.0,
    "weighted_maps": 1404.0
  },
  "compute_cost_status": "complete",
  "compute_has_unsupported_layers": false,
  "compute_unsupported_layer_count": 0,
  "compute_unsupported_layers": [],
  "compute_unsupported_layer_details": [],
  "compute_cost_warning": null,
  "loss_function": "MAE+AFMAE",
  "loss_function_key": "power_log_mae",
  "loss_function_source": "config.use_power_loss",
  "display_metrics": {
    "Loss Function": "MAE+AFMAE",
    "TRAIN_MAE": 0.01290326751768589,
    "TRAIN_AFMAE": 0.011326066218316555,
    "VAL_MAE": 0.01331147737801075,
    "VAL_AFMAE": 0.024843502789735794,
    "Freq Drift (Hz)": 1.1996261388807667,
    "Sens Drift (%)": 5.573166600412634,
    "Linearity (%)": 0.4973163046336644,
    "Compute Cost": 1710.0,
    "Total Params": 2569,
    "Epochs": 19,
    "LR": 0.01,
    "Cosine Annealing": true
  }
}