{
  "project_name": "FRIKANh8u6l6",
  "generated_at": "2026-04-09T23:46:48.769189+08:00",
  "status": "complete",
  "sources": {
    "training_info": true,
    "compute_analysis": true,
    "model_info": true,
    "linear_response": true
  },
  "missing_sources": [],
  "missing_sections": [],
  "epochs": 19,
  "min_loss": 0.030718,
  "min_val_loss": 0.032638,
  "train_loss": 0.012021671049296856,
  "val_loss": 0.014786087907850742,
  "train_mae": 0.01290326751768589,
  "train_afmae": 0.011326066218316555,
  "val_mae": 0.01331147737801075,
  "val_afmae": 0.024843502789735794,
  "weights_source": null,
  "freq_drift_hz": 32.0,
  "sens_drift_percent": 27.155433047440354,
  "linearity_percent": 26.553736862611498,
  "compute_cost": 1710.0,
  "total_params": 2569,
  "display_metrics": {
    "TRAIN_MAE": 0.01290326751768589,
    "TRAIN_AFMAE": 0.011326066218316555,
    "VAL_MAE": 0.01331147737801075,
    "VAL_AFMAE": 0.024843502789735794,
    "Freq Drift (Hz)": 32.0,
    "Sens Drift (%)": 27.155433047440354,
    "Linearity (%)": 26.553736862611498,
    "Compute Cost": 1710.0,
    "Total Params": 2569,
    "Epochs": 19
  }
}