{
    "total_epochs": 30000,
    "min_loss": 0.0027862,
    "params@min_loss": {
        "epoch": 29983,
        "val_loss": 0.0029239,
        "power_log_loss": 0.0037278,
        "val_power_log_loss": 0.0043691
    },
    "min_val_loss": 0.0029109,
    "params@min_val_loss": {
        "epoch": 25452,
        "val_loss": 0.0029109,
        "power_log_loss": 0.0038641,
        "val_power_log_loss": 0.0043137
    },
    "min_power_log_loss": 0.0037277,
    "params@min_power_log_loss": {
        "epoch": 29988,
        "val_loss": 0.002924,
        "power_log_loss": 0.0037277,
        "val_power_log_loss": 0.0043693
    },
    "min_val_power_log_loss": 0.0043137,
    "params@min_val_power_log_loss": {
        "epoch": 25452,
        "val_loss": 0.0029109,
        "power_log_loss": 0.0038641,
        "val_power_log_loss": 0.0043137
    },
    "learning_rate_max": 0.02,
    "learning_rate_min": 8.4782e-06,
    "learning_rate_mean": 0.0035399541795733333
}