{
  "project_name": "FRIKANh8u6l6_e1k_lr2e4_sysiir_trainable",
  "generated_at": "2026-04-19T11:57:29.178310+08:00",
  "status": "complete",
  "calculation_standard": "ablation-study-v1",
  "sources": {
    "training_info": true,
    "compute_analysis": true,
    "model_info": true,
    "linear_response": true,
    "linearity_by_frequency": true,
    "config": true
  },
  "missing_sources": [],
  "missing_sections": [],
  "epochs": 251,
  "min_loss": 0.062108,
  "min_val_loss": 0.06494,
  "train_loss": 0.06148594617843628,
  "val_loss": 0.06493956595659256,
  "train_mae": 0.0539243146777153,
  "train_afmae": 0.13586169481277466,
  "val_mae": 0.054468441754579544,
  "val_afmae": 0.14789380133152008,
  "weights_source": "best_val",
  "freq_drift_hz": 381898.8940395144,
  "sens_drift_percent": 64.68402543925117,
  "linearity_percent": 9.186674702508482,
  "compute_cost": 1710.0,
  "total_params": 2569,
  "lr": 0.0002,
  "use_cosine_annealing": false,
  "metric_details": {
    "natural_frequency_drift": {
      "min": 28.532694197591795,
      "max": 381932.019045111,
      "median": 33.12500559660688,
      "count": 25,
      "unit": "Hz",
      "method": "max(|max-median|, |median-min|) from fn_comped",
      "drift": 381898.8940395144
    },
    "sensitivity_drift": {
      "min": 37.08540454049711,
      "max": 124.8724220486704,
      "median": 60.18839660941923,
      "count": 25,
      "unit": "%",
      "method": "max(|max-median|, |median-min|) from interpolated sensitivity",
      "drift": 64.68402543925117,
      "frequency_hz": 100.0
    },
    "linearity": {
      "mean": 9.186674702508482,
      "max": 25.46045485164894,
      "min": 1.1472441511880427,
      "count": 14,
      "unit": "%",
      "method": "mean(1 - R^2) across frequency points"
    },
    "natural_frequency_drift_origin": {
      "min": 34.24511188160566,
      "max": 93.39109038646993,
      "median": 58.89345106524416,
      "count": 25,
      "unit": "Hz",
      "method": "max(|max-median|, |median-min|) from fn_origin",
      "drift": 34.49763932122577
    },
    "sensitivity_drift_origin": {
      "min": 60.001934754356135,
      "max": 203.37127543336493,
      "median": 144.5628340451216,
      "count": 25,
      "unit": "%",
      "method": "max(|max-median|, |median-min|) from interpolated origin sensitivity",
      "drift": 84.56089929076546,
      "frequency_hz": 100.0
    },
    "linearity_origin": {
      "mean": 2.5499568401843997,
      "max": 6.418887454843169,
      "min": 0.359242046082775,
      "count": 14,
      "unit": "%",
      "method": "mean(1 - R^2) across frequency points"
    }
  },
  "compute_details": {
    "total_params": 2569,
    "additions": 266,
    "multiplications": 40,
    "maps": 234,
    "total_ops": 540,
    "weighted_total": 1710.0,
    "weighted_additions": 266.0,
    "weighted_multiplications": 40.0,
    "weighted_maps": 1404.0
  },
  "compute_cost_status": "complete",
  "compute_has_unsupported_layers": false,
  "compute_unsupported_layer_count": 0,
  "compute_unsupported_layers": [],
  "compute_unsupported_layer_details": [],
  "compute_cost_warning": null,
  "loss_function": "MAE+AFMAE",
  "loss_function_key": "power_log_mae",
  "loss_function_source": "config.use_power_loss",
  "display_metrics": {
    "Loss Function": "MAE+AFMAE",
    "TRAIN_MAE": 0.0539243146777153,
    "TRAIN_AFMAE": 0.13586169481277466,
    "VAL_MAE": 0.054468441754579544,
    "VAL_AFMAE": 0.14789380133152008,
    "Freq Drift (Hz)": 381898.8940395144,
    "Sens Drift (%)": 64.68402543925117,
    "Linearity (%)": 9.186674702508482,
    "Compute Cost": 1710.0,
    "Total Params": 2569,
    "Epochs": 251,
    "LR": 0.0002,
    "Cosine Annealing": false
  }
}