{
  "completed_epoch": 251,
  "min_loss": 0.0625801607966423,
  "min_val_loss": 0.06552491337060928,
  "current_epoch": 251,
  "model_name": "FRIKAN",
  "training_alive": true,
  "timestamp": "20260419115710.8",
  "best_weights_file": "projects/08_IIR_AB/FRIKANh8u6l6_e1k_lr2e4_sysiir_trainable/data\\FRIKANh8u6l6_e1k_lr2e4_sysiir_trainable_best_weights.h5",
  "best_val_weights_file": "projects/08_IIR_AB/FRIKANh8u6l6_e1k_lr2e4_sysiir_trainable/data\\FRIKANh8u6l6_e1k_lr2e4_sysiir_trainable_best_val_weights.h5",
  "loss": 0.06210826337337494,
  "val_loss": 0.06493956595659256,
  "mae": 0.0,
  "afmae": 0.40612441301345825,
  "val_mae": 0.0,
  "val_afmae": 0.420621782541275,
  "val_power_log_loss": 0.14789380133152008,
  "power_log_loss": 0.1384631097316742,
  "lr": 3.9999998989515007e-05,
  "elapsed_time": 229.9252965450287,
  "remaining_time": 1662.3263926581778,
  "expected_finish_time": "2026-04-19 12:20:12",
  "smoothed_speed": 1622.0641216483755
}