{
  "completed_epoch": 10,
  "min_loss": 0.9028280377388,
  "min_val_loss": 0.8785173892974854,
  "current_epoch": 10,
  "model_name": "FRIKAN",
  "training_alive": true,
  "timestamp": "20260427194052.1",
  "best_weights_file": "projects/08_IIR_AB/FRIKANh8u6l6_e1k_lr2e4_sysiir_trainable/data\\FRIKANh8u6l6_e1k_lr2e4_sysiir_trainable_best_weights.h5",
  "best_val_weights_file": "projects/08_IIR_AB/FRIKANh8u6l6_e1k_lr2e4_sysiir_trainable/data\\FRIKANh8u6l6_e1k_lr2e4_sysiir_trainable_best_val_weights.h5",
  "loss": 0.8700636625289917,
  "val_loss": 0.8471020460128784,
  "mae": 0.0,
  "afmae": 1.8162789344787598,
  "val_mae": 0.0,
  "val_afmae": 1.803120493888855,
  "val_power_log_loss": 1.3475632667541504,
  "power_log_loss": 1.393865942955017,
  "lr": 3.9999998989515007e-05,
  "elapsed_time": 6771.473449707031,
  "remaining_time": 675911.3577071739,
  "expected_finish_time": "2026-05-05 15:26:03",
  "smoothed_speed": 5.272880769587596
}