{
  "completed_epoch": 1000,
  "min_loss": 0.02425459399819374,
  "min_val_loss": 0.024931417778134346,
  "current_epoch": 1000,
  "model_name": "FRIKAN",
  "training_alive": false,
  "timestamp": "20260424015922.5",
  "best_weights_file": "projects/09_HPARAM_SENSITIVITY/FRIKANh6u6l6g8s2_e1k_lr7e4_axisH/data\\FRIKANh6u6l6g8s2_e1k_lr7e4_axisH_best_weights.h5",
  "best_val_weights_file": "projects/09_HPARAM_SENSITIVITY/FRIKANh6u6l6g8s2_e1k_lr7e4_axisH/data\\FRIKANh6u6l6g8s2_e1k_lr7e4_axisH_best_val_weights.h5",
  "loss": 0.02610521949827671,
  "val_loss": 0.02547561191022396,
  "mae": 0.0,
  "afmae": 2.1192264556884766,
  "val_mae": 0.0,
  "val_afmae": 2.1131486892700195,
  "val_power_log_loss": 0.05217999219894409,
  "power_log_loss": 0.053311120718717575,
  "lr": 0.00014000000373926014,
  "elapsed_time": 1990.9087858200073,
  "remaining_time": 0.0,
  "expected_finish_time": "2026-04-24 01:59:22",
  "smoothed_speed": 1850.1247798437169
}