{
  "completed_epoch": 30000,
  "min_loss": 0.0030189098324626684,
  "min_val_loss": 0.0032461341470479965,
  "current_epoch": 0,
  "model_name": "WaveNet5",
  "training_alive": false,
  "timestamp": "20250706124614.6",
  "best_weights_file": "projects/WNET5_EFF_C2/data\\WNET5_EFF_C2_best_weights.h5",
  "best_val_weights_file": "projects/WNET5_EFF_C2/data\\WNET5_EFF_C2_best_val_weights.h5",
  "loss": 0.003018910763785243,
  "val_loss": 0.0032650420907884836,
  "val_power_log_loss": 0.0051479460671544075,
  "power_log_loss": 0.00412148330360651,
  "lr": 8.478225936414674e-06,
  "elapsed_time": 4330.044639825821,
  "remaining_time": 0.07490203691718302,
  "expected_finish_time": "2025-07-06 12:46:14",
  "smoothed_speed": 48062.77837250827
}