{
  "project_name": "1DCNNc4u8k20l8_e1k_lr2e3_pd8l2_d001_pdtanh_true",
  "generated_at": "2026-04-13T18:30:49.544692+08:00",
  "status": "complete",
  "calculation_standard": "ablation-study-v1",
  "sources": {
    "training_info": true,
    "compute_analysis": true,
    "model_info": true,
    "linear_response": true,
    "linearity_by_frequency": true,
    "config": true
  },
  "missing_sources": [],
  "missing_sections": [],
  "epochs": 1000,
  "min_loss": 0.012769,
  "min_val_loss": 0.010606,
  "train_loss": 0.01074644923210144,
  "val_loss": 0.010605990886688232,
  "train_mae": 0.01074644923210144,
  "train_afmae": 0.07606072723865509,
  "val_mae": 0.010605990886688232,
  "val_afmae": 0.07670783251523972,
  "weights_source": "best_val",
  "freq_drift_hz": 4.520312819496262,
  "sens_drift_percent": 18.03649603872651,
  "linearity_percent": 0.8818742683313245,
  "compute_cost": 1880.0,
  "total_params": 885,
  "lr": 0.002,
  "use_cosine_annealing": false,
  "metric_details": {
    "natural_frequency_drift": {
      "min": 29.975705308708008,
      "max": 37.527884837175634,
      "median": 34.49601812820427,
      "count": 25,
      "unit": "Hz",
      "method": "max(|max-median|, |median-min|) from fn_comped",
      "drift": 4.520312819496262
    },
    "sensitivity_drift": {
      "min": 45.43313104012903,
      "max": 68.40739456485421,
      "median": 63.46962707885554,
      "count": 25,
      "unit": "%",
      "method": "max(|max-median|, |median-min|) from interpolated sensitivity",
      "drift": 18.03649603872651,
      "frequency_hz": 100.0
    },
    "linearity": {
      "mean": 0.8818742683313245,
      "max": 3.2610599868500123,
      "min": 0.17641122870922787,
      "count": 14,
      "unit": "%",
      "method": "mean(1 - R^2) across frequency points"
    },
    "natural_frequency_drift_origin": {
      "min": 34.24511188160566,
      "max": 93.39109038646993,
      "median": 58.89345106524416,
      "count": 25,
      "unit": "Hz",
      "method": "max(|max-median|, |median-min|) from fn_origin",
      "drift": 34.49763932122577
    },
    "sensitivity_drift_origin": {
      "min": 60.001934754356135,
      "max": 203.37127543336493,
      "median": 144.5628340451216,
      "count": 25,
      "unit": "%",
      "method": "max(|max-median|, |median-min|) from interpolated origin sensitivity",
      "drift": 84.56089929076546,
      "frequency_hz": 100.0
    },
    "linearity_origin": {
      "mean": 2.5499568401843997,
      "max": 6.418887454843169,
      "min": 0.359242046082775,
      "count": 14,
      "unit": "%",
      "method": "mean(1 - R^2) across frequency points"
    }
  },
  "compute_details": {
    "total_params": 885,
    "additions": 856,
    "multiplications": 856,
    "maps": 28,
    "total_ops": 1740,
    "weighted_total": 1880.0,
    "weighted_additions": 856.0,
    "weighted_multiplications": 856.0,
    "weighted_maps": 168.0
  },
  "compute_cost_status": "complete",
  "compute_has_unsupported_layers": false,
  "compute_unsupported_layer_count": 0,
  "compute_unsupported_layers": [],
  "compute_unsupported_layer_details": [],
  "compute_cost_warning": null,
  "loss_function": "MAE",
  "loss_function_key": "mae",
  "loss_function_source": "config.use_power_loss",
  "display_metrics": {
    "Loss Function": "MAE",
    "TRAIN_MAE": 0.01074644923210144,
    "TRAIN_AFMAE": 0.07606072723865509,
    "VAL_MAE": 0.010605990886688232,
    "VAL_AFMAE": 0.07670783251523972,
    "Freq Drift (Hz)": 4.520312819496262,
    "Sens Drift (%)": 18.03649603872651,
    "Linearity (%)": 0.8818742683313245,
    "Compute Cost": 1880.0,
    "Total Params": 885,
    "Epochs": 1000,
    "LR": 0.002,
    "Cosine Annealing": false
  }
}