{
  "completed_epoch": 1000,
  "min_loss": 0.01276930421590805,
  "min_val_loss": 0.010605990886688232,
  "current_epoch": 1000,
  "model_name": "1DCNN",
  "training_alive": false,
  "timestamp": "20260413183043.0",
  "best_weights_file": "projects/05_1DCNN/1DCNNc4u8k20l8_e1k_lr2e3_pd8l2_d001_pdtanh_true/data\\1DCNNc4u8k20l8_e1k_lr2e3_pd8l2_d001_pdtanh_true_best_weights.h5",
  "best_val_weights_file": "projects/05_1DCNN/1DCNNc4u8k20l8_e1k_lr2e3_pd8l2_d001_pdtanh_true/data\\1DCNNc4u8k20l8_e1k_lr2e3_pd8l2_d001_pdtanh_true_best_val_weights.h5",
  "loss": 0.012981150299310684,
  "val_loss": 0.01190313883125782,
  "mae": 0.0,
  "afmae": 1.328226923942566,
  "val_mae": 0.0,
  "val_afmae": 1.32844877243042,
  "val_power_log_loss": 0.0,
  "power_log_loss": 0.0,
  "lr": 0.004000000189989805,
  "elapsed_time": 102.43033075332642,
  "remaining_time": 0.0,
  "expected_finish_time": "2026-04-13 18:30:34",
  "smoothed_speed": 49673.48897520317
}