{
  "project_name": "FRIKANh8u6l6_e1k_lr1e4_sysiir_trainable",
  "generated_at": "2026-04-19T12:00:13.033871+08:00",
  "status": "complete",
  "calculation_standard": "ablation-study-v1",
  "sources": {
    "training_info": true,
    "compute_analysis": true,
    "model_info": true,
    "linear_response": true,
    "linearity_by_frequency": true,
    "config": true
  },
  "missing_sources": [],
  "missing_sections": [],
  "epochs": 32,
  "min_loss": 1.1931,
  "min_val_loss": 1.2241,
  "train_loss": 1.1893746852874756,
  "val_loss": 1.2241421937942505,
  "train_mae": 0.2553509473800659,
  "train_afmae": 1.6444510221481323,
  "val_mae": 0.25272005796432495,
  "val_afmae": 1.6285570859909058,
  "weights_source": "best_val",
  "freq_drift_hz": 764580.9769769349,
  "sens_drift_percent": 4475.592056671207,
  "linearity_percent": 67.15550452753224,
  "compute_cost": 1710.0,
  "total_params": 2569,
  "lr": 0.0001,
  "use_cosine_annealing": false,
  "metric_details": {
    "natural_frequency_drift": {
      "min": 223.95380257561555,
      "max": 1519510.3925421676,
      "median": 764804.9307795105,
      "count": 25,
      "unit": "Hz",
      "method": "max(|max-median|, |median-min|) from fn_comped",
      "drift": 764580.9769769349
    },
    "sensitivity_drift": {
      "min": 201.09661739219726,
      "max": 4877.243448123897,
      "median": 401.65139145269023,
      "count": 25,
      "unit": "%",
      "method": "max(|max-median|, |median-min|) from interpolated sensitivity",
      "drift": 4475.592056671207,
      "frequency_hz": 100.0
    },
    "linearity": {
      "mean": 67.15550452753224,
      "max": 97.46494563222177,
      "min": 22.43358619216331,
      "count": 14,
      "unit": "%",
      "method": "mean(1 - R^2) across frequency points"
    },
    "natural_frequency_drift_origin": {
      "min": 34.24511188160566,
      "max": 93.39109038646993,
      "median": 58.89345106524416,
      "count": 25,
      "unit": "Hz",
      "method": "max(|max-median|, |median-min|) from fn_origin",
      "drift": 34.49763932122577
    },
    "sensitivity_drift_origin": {
      "min": 60.001934754356135,
      "max": 203.37127543336493,
      "median": 144.5628340451216,
      "count": 25,
      "unit": "%",
      "method": "max(|max-median|, |median-min|) from interpolated origin sensitivity",
      "drift": 84.56089929076546,
      "frequency_hz": 100.0
    },
    "linearity_origin": {
      "mean": 2.5499568401843997,
      "max": 6.418887454843169,
      "min": 0.359242046082775,
      "count": 14,
      "unit": "%",
      "method": "mean(1 - R^2) across frequency points"
    }
  },
  "compute_details": {
    "total_params": 2569,
    "additions": 266,
    "multiplications": 40,
    "maps": 234,
    "total_ops": 540,
    "weighted_total": 1710.0,
    "weighted_additions": 266.0,
    "weighted_multiplications": 40.0,
    "weighted_maps": 1404.0
  },
  "compute_cost_status": "complete",
  "compute_has_unsupported_layers": false,
  "compute_unsupported_layer_count": 0,
  "compute_unsupported_layers": [],
  "compute_unsupported_layer_details": [],
  "compute_cost_warning": null,
  "loss_function": "MAE+AFMAE",
  "loss_function_key": "power_log_mae",
  "loss_function_source": "config.use_power_loss",
  "display_metrics": {
    "Loss Function": "MAE+AFMAE",
    "TRAIN_MAE": 0.2553509473800659,
    "TRAIN_AFMAE": 1.6444510221481323,
    "VAL_MAE": 0.25272005796432495,
    "VAL_AFMAE": 1.6285570859909058,
    "Freq Drift (Hz)": 764580.9769769349,
    "Sens Drift (%)": 4475.592056671207,
    "Linearity (%)": 67.15550452753224,
    "Compute Cost": 1710.0,
    "Total Params": 2569,
    "Epochs": 32,
    "LR": 0.0001,
    "Cosine Annealing": false
  }
}