{
  "completed_epoch": 32,
  "min_loss": 1.1994293928146362,
  "min_val_loss": 1.2306729555130005,
  "current_epoch": 32,
  "model_name": "FRIKAN",
  "training_alive": true,
  "timestamp": "20260419115952.1",
  "best_weights_file": "projects/08_IIR_AB/FRIKANh8u6l6_e1k_lr1e4_sysiir_trainable/data\\FRIKANh8u6l6_e1k_lr1e4_sysiir_trainable_best_weights.h5",
  "best_val_weights_file": "projects/08_IIR_AB/FRIKANh8u6l6_e1k_lr1e4_sysiir_trainable/data\\FRIKANh8u6l6_e1k_lr1e4_sysiir_trainable_best_val_weights.h5",
  "loss": 1.1931054592132568,
  "val_loss": 1.2241421937942505,
  "mae": 0.0,
  "afmae": 1.8311022520065308,
  "val_mae": 0.0,
  "val_afmae": 1.8166242837905884,
  "val_power_log_loss": 1.6285572052001953,
  "power_log_loss": 1.6475207805633545,
  "lr": 1.9999999494757503e-05,
  "elapsed_time": 81.94190120697021,
  "remaining_time": 2420.6819346062653,
  "expected_finish_time": "2026-04-19 10:31:56",
  "smoothed_speed": 1439.5943350429548
}