{
  "project_name": "LSTMTransformeru6_e1k_lr1e3_puremae_r24",
  "generated_at": "2026-04-27T20:32:48.765754+08:00",
  "status": "complete",
  "calculation_standard": "ablation-study-v4-bounded-fit-freq-inband-linearity",
  "sources": {
    "training_info": true,
    "compute_analysis": true,
    "model_info": true,
    "linear_response": true,
    "linearity_by_frequency": true,
    "config": true,
    "board_inference_config": true,
    "board_inference_qemu": true,
    "board_inference_keil": true
  },
  "missing_sources": [],
  "missing_sections": [],
  "epochs": 1000,
  "min_loss": 0.0099316,
  "min_val_loss": 0.0087248,
  "train_loss": 0.00849950686097145,
  "val_loss": 0.008724797517061234,
  "train_mae": 0.00849950686097145,
  "train_afmae": 0.11676353216171265,
  "val_mae": 0.008724797517061234,
  "val_afmae": 0.1188451275229454,
  "weights_source": "best_val",
  "freq_drift_hz": 5.82487832987519,
  "freq_drift_band_min_hz": 10.0,
  "freq_drift_band_max_hz": 128.0,
  "freq_drift_source_frequency_points_hz": [
    10.0,
    13.0,
    16.0,
    20.0,
    25.0,
    32.0,
    40.0,
    50.0,
    64.0,
    80.0,
    100.0,
    128.0
  ],
  "freq_drift_interpolation_points": null,
  "sens_drift_percent": 26.15090573110998,
  "linearity_percent": 0.6376419445222159,
  "linearity_band_max_hz": 128.0,
  "linearity_frequency_count": 12,
  "linearity_frequency_points_hz": [
    10.0,
    13.0,
    16.0,
    20.0,
    25.0,
    32.0,
    40.0,
    50.0,
    64.0,
    80.0,
    100.0,
    128.0
  ],
  "compute_cost": 8192.0,
  "total_params": 1261,
  "lr": 0.001,
  "use_cosine_annealing": false,
  "metric_details": {
    "natural_frequency_drift": {
      "min": 29.5597282781442,
      "max": 36.9416790477293,
      "median": 35.38460660801939,
      "count": 25,
      "unit": "Hz",
      "method": "max(|max-median|, |median-min|) from band-limited fitted center frequency (comped)",
      "drift": 5.82487832987519,
      "band_min_hz": 10.0,
      "band_max_hz": 128.0,
      "source_frequency_points_hz": [
        10.0,
        13.0,
        16.0,
        20.0,
        25.0,
        32.0,
        40.0,
        50.0,
        64.0,
        80.0,
        100.0,
        128.0
      ],
      "fit_param_key": "fit_params_comped"
    },
    "sensitivity_drift": {
      "min": 39.051314906870665,
      "max": 68.7365751739679,
      "median": 65.20222063798064,
      "count": 25,
      "unit": "%",
      "method": "max(|max-median|, |median-min|) from interpolated sensitivity",
      "drift": 26.15090573110998,
      "frequency_hz": 100.0
    },
    "linearity": {
      "mean": 0.6376419445222159,
      "max": 2.7468878631099924,
      "min": 0.24928154722646534,
      "count": 12,
      "unit": "%",
      "method": "mean(1 - R^2) across in-band frequency points",
      "band_max_hz": 128.0,
      "frequencies_hz": [
        10.0,
        13.0,
        16.0,
        20.0,
        25.0,
        32.0,
        40.0,
        50.0,
        64.0,
        80.0,
        100.0,
        128.0
      ]
    },
    "natural_frequency_drift_origin": {
      "min": 34.24511188160566,
      "max": 93.39109038646993,
      "median": 58.89345106524416,
      "count": 25,
      "unit": "Hz",
      "method": "max(|max-median|, |median-min|) from band-limited fitted center frequency (origin)",
      "drift": 34.49763932122577,
      "band_min_hz": 10.0,
      "band_max_hz": 128.0,
      "source_frequency_points_hz": [
        10.0,
        13.0,
        16.0,
        20.0,
        25.0,
        32.0,
        40.0,
        50.0,
        64.0,
        80.0,
        100.0,
        128.0
      ],
      "fit_param_key": "fit_params_origin"
    },
    "sensitivity_drift_origin": {
      "min": 60.001934754356135,
      "max": 203.37127543336493,
      "median": 144.5628340451216,
      "count": 25,
      "unit": "%",
      "method": "max(|max-median|, |median-min|) from interpolated origin sensitivity",
      "drift": 84.56089929076546,
      "frequency_hz": 100.0
    },
    "linearity_origin": {
      "mean": 2.0043849708252406,
      "max": 4.375669781001812,
      "min": 0.359242046082775,
      "count": 12,
      "unit": "%",
      "method": "mean(1 - R^2) across in-band frequency points",
      "band_max_hz": 128.0,
      "frequencies_hz": [
        10.0,
        13.0,
        16.0,
        20.0,
        25.0,
        32.0,
        40.0,
        50.0,
        64.0,
        80.0,
        100.0,
        128.0
      ]
    }
  },
  "compute_details": {
    "total_params": 1261,
    "additions": 2728,
    "multiplications": 1208,
    "maps": 92,
    "total_ops": 4028,
    "weighted_total": 8192.0,
    "weighted_additions": 2728.0,
    "weighted_multiplications": 3624.0,
    "weighted_maps": 1840.0
  },
  "compute_cost_status": "complete",
  "compute_has_unsupported_layers": false,
  "compute_unsupported_layer_count": 0,
  "compute_unsupported_layers": [],
  "compute_unsupported_layer_details": [],
  "compute_cost_warning": null,
  "loss_function": "MAE",
  "loss_function_key": "mae",
  "loss_function_source": "config.use_power_loss",
  "board_inference_ep_path": "ex_projects/inference/qemu-c-inference/lstm_transformeru6_e1k_puremae",
  "board_qemu_mae": 0.005048724868074981,
  "board_keil_mae": 0.005048724868074981,
  "board_keil_speed": 0.6842225000000001,
  "board_keil_fps": 1461.5128850629728,
  "board_inference": {
    "configured": true,
    "ep_path": "ex_projects/inference/qemu-c-inference/lstm_transformeru6_e1k_puremae",
    "project_dir": "ex_projects/inference/qemu-c-inference/lstm_transformeru6_e1k_puremae",
    "qemu_summary_path": "ex_projects/inference/qemu-c-inference/lstm_transformeru6_e1k_puremae/data/benchmark_summary.json",
    "keil_summary_path": "ex_projects/inference/qemu-c-inference/lstm_transformeru6_e1k_puremae/data/keil_benchmark_summary.json",
    "qemu_summary_exists": true,
    "keil_summary_exists": true,
    "qemu_mae": 0.005048724868074981,
    "keil_mae": 0.005048724868074981,
    "keil_wall_time_per_iter_ms": 273.689,
    "keil_point_count_per_iter": 400,
    "keil_speed_ms_per_point": 0.6842225000000001,
    "keil_speed_unit": "ms/point",
    "keil_speed_points_per_second": 1461.5128850629728,
    "keil_speed_display_unit": "points/s",
    "published_optimization_profile": null,
    "keil_optimization_profiles": [],
    "missing_sources": [],
    "missing_sections": []
  },
  "display_metrics": {
    "Loss Function": "MAE",
    "TRAIN_MAE": 0.00849950686097145,
    "TRAIN_AFMAE": 0.11676353216171265,
    "VAL_MAE": 0.008724797517061234,
    "VAL_AFMAE": 0.1188451275229454,
    "Freq Drift (Hz)": 5.82487832987519,
    "Sens Drift (%)": 26.15090573110998,
    "Linearity (%)": 0.6376419445222159,
    "Compute Cost": 8192.0,
    "Total Params": 1261,
    "Epochs": 1000,
    "LR": 0.001,
    "Cosine Annealing": false,
    "QEMU-MAE": 0.005048724868074981,
    "KEIL-MAE": 0.005048724868074981,
    "KEIL-SPEED": 0.6842225000000001,
    "KEIL-FPS": 1461.5128850629728
  }
}