{
  "completed_epoch": 1000,
  "min_loss": 0.0099315932020545,
  "min_val_loss": 0.008724798448383808,
  "current_epoch": 1000,
  "model_name": "LSTMTransformer",
  "training_alive": false,
  "timestamp": "20260427203215.5",
  "best_weights_file": "projects/01_LR_STUDY/LSTMTransformeru6_e1k_lr1e3_puremae_r24/data\\LSTMTransformeru6_e1k_lr1e3_puremae_r24_best_weights.h5",
  "best_val_weights_file": "projects/01_LR_STUDY/LSTMTransformeru6_e1k_lr1e3_puremae_r24/data\\LSTMTransformeru6_e1k_lr1e3_puremae_r24_best_val_weights.h5",
  "loss": 0.010080552659928799,
  "val_loss": 0.008836265653371811,
  "mae": 0.0,
  "afmae": 3.0258617401123047,
  "val_mae": 0.0,
  "val_afmae": 3.0208942890167236,
  "val_power_log_loss": 0.0,
  "power_log_loss": 0.0,
  "lr": 0.0020000000949949026,
  "elapsed_time": 2814.723867416382,
  "remaining_time": 0.0,
  "expected_finish_time": "2026-04-27 20:32:15",
  "smoothed_speed": 1359.1719651768965
}