{
  "completed_epoch": 1000,
  "min_loss": 0.009182804264128208,
  "min_val_loss": 0.009122715331614017,
  "current_epoch": 1000,
  "model_name": "TCN",
  "training_alive": false,
  "timestamp": "20260427224439.5",
  "best_weights_file": "projects/06_TCN/TCNc4d1248k3_nopd_true_e1k_lr2e4_r24/data\\TCNc4d1248k3_nopd_true_e1k_lr2e4_r24_best_weights.h5",
  "best_val_weights_file": "projects/06_TCN/TCNc4d1248k3_nopd_true_e1k_lr2e4_r24/data\\TCNc4d1248k3_nopd_true_e1k_lr2e4_r24_best_val_weights.h5",
  "loss": 0.009220890700817108,
  "val_loss": 0.00919321645051241,
  "mae": 0.0,
  "afmae": 4.594760894775391,
  "val_mae": 0.0,
  "val_afmae": 4.5946831703186035,
  "val_power_log_loss": 0.0,
  "power_log_loss": 0.0,
  "lr": 0.00039999998989515007,
  "elapsed_time": 226.0757441520691,
  "remaining_time": 0.0,
  "expected_finish_time": "2026-04-27 22:44:39",
  "smoothed_speed": 19852.77525658223
}