{
  "completed_epoch": 30000,
  "min_loss": 0.0022636600770056248,
  "min_val_loss": 0.0024233388248831034,
  "current_epoch": 0,
  "model_name": "WaveNet5",
  "training_alive": false,
  "timestamp": "20250706025141.6",
  "best_weights_file": "projects/WNET5_RealAlias_E12/data\\WNET5_RealAlias_E12_best_weights.h5",
  "best_val_weights_file": "projects/WNET5_RealAlias_E12/data\\WNET5_RealAlias_E12_best_val_weights.h5",
  "loss": 0.002263702219352126,
  "val_loss": 0.0024292203597724438,
  "val_power_log_loss": 0.0031336641404777765,
  "power_log_loss": 0.002419411903247237,
  "lr": 8.478225936414674e-06,
  "elapsed_time": 6692.9903337955475,
  "remaining_time": 0.15949402436591453,
  "expected_finish_time": "2025-07-06 02:51:41",
  "smoothed_speed": 22571.378547329175
}