{
    "total_epochs": 30000,
    "min_loss": 0.0022637,
    "params@min_loss": {
        "epoch": 29940,
        "val_loss": 0.0024292,
        "power_log_loss": 0.0024196,
        "val_power_log_loss": 0.0031337
    },
    "min_val_loss": 0.0024233,
    "params@min_val_loss": {
        "epoch": 29477,
        "val_loss": 0.0024233,
        "power_log_loss": 0.0025457,
        "val_power_log_loss": 0.0031164
    },
    "min_power_log_loss": 0.0024192,
    "params@min_power_log_loss": {
        "epoch": 29994,
        "val_loss": 0.0024291,
        "power_log_loss": 0.0024192,
        "val_power_log_loss": 0.003133
    },
    "min_val_power_log_loss": 0.0031083,
    "params@min_val_power_log_loss": {
        "epoch": 28429,
        "val_loss": 0.0024309,
        "power_log_loss": 0.0025701,
        "val_power_log_loss": 0.0031083
    },
    "learning_rate_max": 0.02,
    "learning_rate_min": 8.4782e-06,
    "learning_rate_mean": 0.0035399541795733333
}