{
  "project_name": "FRIKANh8u6l6_e1k_lr14e5_nopositive",
  "generated_at": "2026-04-19T00:51:01.412124+08:00",
  "status": "complete",
  "calculation_standard": "ablation-study-v1",
  "sources": {
    "training_info": true,
    "compute_analysis": true,
    "model_info": true,
    "linear_response": true,
    "linearity_by_frequency": true,
    "config": true
  },
  "missing_sources": [],
  "missing_sections": [],
  "epochs": 1000,
  "min_loss": 0.2336,
  "min_val_loss": 0.23572,
  "train_loss": 0.23306073248386383,
  "val_loss": 0.23571786284446716,
  "train_mae": 0.15145623683929443,
  "train_afmae": 0.6966916918754578,
  "val_mae": 0.15181148052215576,
  "val_afmae": 0.7109659910202026,
  "weights_source": "best_val",
  "freq_drift_hz": 629794.2413428151,
  "sens_drift_percent": 78.50720509461556,
  "linearity_percent": 47.029970442233754,
  "compute_cost": 1710.0,
  "total_params": 2569,
  "lr": 0.00014,
  "use_cosine_annealing": false,
  "metric_details": {
    "natural_frequency_drift": {
      "min": 0.006042240959132576,
      "max": 629912.6224310693,
      "median": 118.38108825410765,
      "count": 25,
      "unit": "Hz",
      "method": "max(|max-median|, |median-min|) from fn_comped",
      "drift": 629794.2413428151
    },
    "sensitivity_drift": {
      "min": 3.1358219171471333,
      "max": 101.88684845445668,
      "median": 23.379643359841122,
      "count": 25,
      "unit": "%",
      "method": "max(|max-median|, |median-min|) from interpolated sensitivity",
      "drift": 78.50720509461556,
      "frequency_hz": 100.0
    },
    "linearity": {
      "mean": 47.029970442233754,
      "max": 82.86293747282247,
      "min": 6.4922687593768735,
      "count": 14,
      "unit": "%",
      "method": "mean(1 - R^2) across frequency points"
    },
    "natural_frequency_drift_origin": {
      "min": 34.24511188160566,
      "max": 93.39109038646993,
      "median": 58.89345106524416,
      "count": 25,
      "unit": "Hz",
      "method": "max(|max-median|, |median-min|) from fn_origin",
      "drift": 34.49763932122577
    },
    "sensitivity_drift_origin": {
      "min": 60.001934754356135,
      "max": 203.37127543336493,
      "median": 144.5628340451216,
      "count": 25,
      "unit": "%",
      "method": "max(|max-median|, |median-min|) from interpolated origin sensitivity",
      "drift": 84.56089929076546,
      "frequency_hz": 100.0
    },
    "linearity_origin": {
      "mean": 2.5499568401843997,
      "max": 6.418887454843169,
      "min": 0.359242046082775,
      "count": 14,
      "unit": "%",
      "method": "mean(1 - R^2) across frequency points"
    }
  },
  "compute_details": {
    "total_params": 2569,
    "additions": 266,
    "multiplications": 40,
    "maps": 234,
    "total_ops": 540,
    "weighted_total": 1710.0,
    "weighted_additions": 266.0,
    "weighted_multiplications": 40.0,
    "weighted_maps": 1404.0
  },
  "compute_cost_status": "complete",
  "compute_has_unsupported_layers": false,
  "compute_unsupported_layer_count": 0,
  "compute_unsupported_layers": [],
  "compute_unsupported_layer_details": [],
  "compute_cost_warning": null,
  "loss_function": "MAE+AFMAE",
  "loss_function_key": "power_log_mae",
  "loss_function_source": "config.use_power_loss",
  "display_metrics": {
    "Loss Function": "MAE+AFMAE",
    "TRAIN_MAE": 0.15145623683929443,
    "TRAIN_AFMAE": 0.6966916918754578,
    "VAL_MAE": 0.15181148052215576,
    "VAL_AFMAE": 0.7109659910202026,
    "Freq Drift (Hz)": 629794.2413428151,
    "Sens Drift (%)": 78.50720509461556,
    "Linearity (%)": 47.029970442233754,
    "Compute Cost": 1710.0,
    "Total Params": 2569,
    "Epochs": 1000,
    "LR": 0.00014,
    "Cosine Annealing": false
  }
}