{
  "completed_epoch": 1000,
  "min_loss": 0.23360273241996765,
  "min_val_loss": 0.23571786284446716,
  "current_epoch": 1000,
  "model_name": "FRIKAN",
  "training_alive": false,
  "timestamp": "20260419005041.9",
  "best_weights_file": "projects/01_LR_STUDY/FRIKANh8u6l6_e1k_lr14e5_nopositive/data\\FRIKANh8u6l6_e1k_lr14e5_nopositive_best_weights.h5",
  "best_val_weights_file": "projects/01_LR_STUDY/FRIKANh8u6l6_e1k_lr14e5_nopositive/data\\FRIKANh8u6l6_e1k_lr14e5_nopositive_best_val_weights.h5",
  "loss": 0.2399984896183014,
  "val_loss": 0.24221913516521454,
  "mae": 0.0,
  "afmae": 1.2253789901733398,
  "val_mae": 0.0,
  "val_afmae": 1.222754955291748,
  "val_power_log_loss": 0.7281648516654968,
  "power_log_loss": 0.7179476022720337,
  "lr": 2.8000000384054147e-05,
  "elapsed_time": 2818.116171836853,
  "remaining_time": 0.0,
  "expected_finish_time": "2026-04-19 00:50:22",
  "smoothed_speed": 1607.6056339190266
}