{
  "project_name": "RNNu16r2d16_e1k_puremae_r7",
  "generated_at": "2026-04-14T20:50:24.436819+08:00",
  "status": "complete",
  "calculation_standard": "ablation-study-v1",
  "sources": {
    "training_info": true,
    "compute_analysis": true,
    "model_info": true,
    "linear_response": true,
    "linearity_by_frequency": true,
    "config": true
  },
  "missing_sources": [],
  "missing_sections": [],
  "epochs": 223,
  "min_loss": 0.01799,
  "min_val_loss": 0.018249,
  "train_loss": 0.01793787069618702,
  "val_loss": 0.018249357119202614,
  "train_mae": 0.01793787069618702,
  "train_afmae": 0.13308994472026825,
  "val_mae": 0.018249357119202614,
  "val_afmae": 0.13796082139015198,
  "weights_source": "best_val",
  "freq_drift_hz": 9.208587209598473,
  "sens_drift_percent": 31.983289421936227,
  "linearity_percent": 2.882100638022492,
  "compute_cost": 2400.0,
  "total_params": 1105,
  "lr": 0.0007,
  "use_cosine_annealing": false,
  "metric_details": {
    "natural_frequency_drift": {
      "min": 24.326649190403263,
      "max": 38.970265271890554,
      "median": 33.535236400001736,
      "count": 25,
      "unit": "Hz",
      "method": "max(|max-median|, |median-min|) from fn_comped",
      "drift": 9.208587209598473
    },
    "sensitivity_drift": {
      "min": 22.523761441735388,
      "max": 73.12907039357741,
      "median": 54.507050863671616,
      "count": 25,
      "unit": "%",
      "method": "max(|max-median|, |median-min|) from interpolated sensitivity",
      "drift": 31.983289421936227,
      "frequency_hz": 100.0
    },
    "linearity": {
      "mean": 2.882100638022492,
      "max": 13.107065161994802,
      "min": 0.2827869674004613,
      "count": 14,
      "unit": "%",
      "method": "mean(1 - R^2) across frequency points"
    },
    "natural_frequency_drift_origin": {
      "min": 34.24511188160566,
      "max": 93.39109038646993,
      "median": 58.89345106524416,
      "count": 25,
      "unit": "Hz",
      "method": "max(|max-median|, |median-min|) from fn_origin",
      "drift": 34.49763932122577
    },
    "sensitivity_drift_origin": {
      "min": 60.001934754356135,
      "max": 203.37127543336493,
      "median": 144.5628340451216,
      "count": 25,
      "unit": "%",
      "method": "max(|max-median|, |median-min|) from interpolated origin sensitivity",
      "drift": 84.56089929076546,
      "frequency_hz": 100.0
    },
    "linearity_origin": {
      "mean": 2.5499568401843997,
      "max": 6.418887454843169,
      "min": 0.359242046082775,
      "count": 14,
      "unit": "%",
      "method": "mean(1 - R^2) across frequency points"
    }
  },
  "compute_details": {
    "total_params": 1105,
    "additions": 1056,
    "multiplications": 1056,
    "maps": 48,
    "total_ops": 2160,
    "weighted_total": 2400.0,
    "weighted_additions": 1056.0,
    "weighted_multiplications": 1056.0,
    "weighted_maps": 288.0
  },
  "compute_cost_status": "complete",
  "compute_has_unsupported_layers": false,
  "compute_unsupported_layer_count": 0,
  "compute_unsupported_layers": [],
  "compute_unsupported_layer_details": [],
  "compute_cost_warning": null,
  "loss_function": "MAE",
  "loss_function_key": "mae",
  "loss_function_source": "config.use_power_loss",
  "display_metrics": {
    "Loss Function": "MAE",
    "TRAIN_MAE": 0.01793787069618702,
    "TRAIN_AFMAE": 0.13308994472026825,
    "VAL_MAE": 0.018249357119202614,
    "VAL_AFMAE": 0.13796082139015198,
    "Freq Drift (Hz)": 9.208587209598473,
    "Sens Drift (%)": 31.983289421936227,
    "Linearity (%)": 2.882100638022492,
    "Compute Cost": 2400.0,
    "Total Params": 1105,
    "Epochs": 223,
    "LR": 0.0007,
    "Cosine Annealing": false
  }
}