{
  "completed_epoch": 223,
  "min_loss": 0.01799045130610466,
  "min_val_loss": 0.018249357119202614,
  "current_epoch": 223,
  "model_name": "RNN",
  "training_alive": true,
  "timestamp": "20260414204927.0",
  "best_weights_file": "projects/07_RNN/RNNu16r2d16_e1k_puremae_r7/data\\RNNu16r2d16_e1k_puremae_r7_best_weights.h5",
  "best_val_weights_file": "projects/07_RNN/RNNu16r2d16_e1k_puremae_r7/data\\RNNu16r2d16_e1k_puremae_r7_best_val_weights.h5",
  "loss": 0.018407145515084267,
  "val_loss": 0.01881885714828968,
  "mae": 0.0,
  "afmae": 0.6325268745422363,
  "val_mae": 0.0,
  "val_afmae": 0.6351174712181091,
  "val_power_log_loss": 0.0,
  "power_log_loss": 0.0,
  "lr": 0.00139999995008111,
  "elapsed_time": 7211.577960968018,
  "remaining_time": 24801.348883376166,
  "expected_finish_time": "2026-04-14 19:09:00",
  "smoothed_speed": 112.78418819691318
}