{
  "completed_epoch": 1000,
  "min_loss": 0.030998455360531807,
  "min_val_loss": 0.030054422095417976,
  "current_epoch": 1000,
  "model_name": "FRIMLP",
  "training_alive": false,
  "timestamp": "20260411152018.8",
  "best_weights_file": "projects/04_FRIMLP/FRIMLPh8u6l6_e1k_lr2e3_mlp17l9_tanh_d00/data\\FRIMLPh8u6l6_e1k_lr2e3_mlp17l9_tanh_d00_best_weights.h5",
  "best_val_weights_file": "projects/04_FRIMLP/FRIMLPh8u6l6_e1k_lr2e3_mlp17l9_tanh_d00/data\\FRIMLPh8u6l6_e1k_lr2e3_mlp17l9_tanh_d00_best_val_weights.h5",
  "loss": 0.03763827309012413,
  "val_loss": 0.03152865916490555,
  "mae": 0.0,
  "afmae": 0.58669114112854,
  "val_mae": 0.0,
  "val_afmae": 0.5853373408317566,
  "val_power_log_loss": 0.07397732883691788,
  "power_log_loss": 0.08537550270557404,
  "lr": 0.00039999998989515007,
  "elapsed_time": 169.99737977981567,
  "remaining_time": 0.0,
  "expected_finish_time": "2026-04-11 15:19:29",
  "smoothed_speed": 27976.69453645369
}