{
  "project_name": "WNET5q0.5h2u6l4tanh",
  "timestamp": "2025-07-07 20:14:37",
  "layer_analysis": [
    {
      "layer_index": 1,
      "mean_error": -0.0001887370162876323,
      "std_error": 0.009764058515429497,
      "rms_error": 0.009765882045030594,
      "max_error": 0.0319310799241066,
      "num_samples": 1000,
      "error_shape": [
        1000
      ]
    }
  ]
}