{
  "completed_epoch": 30000,
  "min_loss": 0.014101171866059303,
  "min_val_loss": 0.01607554964721203,
  "current_epoch": 0,
  "model_name": "WaveNet2",
  "training_alive": false,
  "timestamp": "20250405233114.2",
  "best_weights_file": "projects/WNET2u8d0k8_noadd_postdense_n4l4/data\\WNET2u8d0k8_noadd_postdense_n4l4_best_weights.h5",
  "best_val_weights_file": "projects/WNET2u8d0k8_noadd_postdense_n4l4/data\\WNET2u8d0k8_noadd_postdense_n4l4_best_val_weights.h5",
  "terminate": false,
  "loss": 0.014101232402026653,
  "val_loss": 0.016103172674775124,
  "val_power_log_loss": 0.029192769899964333,
  "power_log_loss": 0.01944347843527794,
  "lr": 8.478225936414674e-06,
  "elapsed_time": 1872.3855075836182,
  "remaining_time": 0.05291934914170659,
  "expected_finish_time": "2025-04-05 23:30:39",
  "smoothed_speed": 68028.04755515752
}