{
    "total_epochs": 1000,
    "min_loss": 0.033108,
    "params@min_loss": {
        "epoch": 973,
        "val_loss": 0.034473,
        "mae": 0.0,
        "val_mae": 0.0,
        "power_log_loss": 0.070903,
        "val_power_log_loss": 0.077204
    },
    "min_val_loss": 0.03426,
    "params@min_val_loss": {
        "epoch": 986,
        "val_loss": 0.03426,
        "mae": 0.0,
        "val_mae": 0.0,
        "power_log_loss": 0.071582,
        "val_power_log_loss": 0.075587
    },
    "min_mae": 0.0,
    "params@min_mae": {
        "epoch": 1,
        "val_loss": 1.0546,
        "mae": 0.0,
        "val_mae": 0.0,
        "power_log_loss": 1.5132,
        "val_power_log_loss": 1.4853
    },
    "min_val_mae": 0.0,
    "params@min_val_mae": {
        "epoch": 1,
        "val_loss": 1.0546,
        "mae": 0.0,
        "val_mae": 0.0,
        "power_log_loss": 1.5132,
        "val_power_log_loss": 1.4853
    },
    "min_power_log_loss": 0.070903,
    "params@min_power_log_loss": {
        "epoch": 973,
        "val_loss": 0.034473,
        "mae": 0.0,
        "val_mae": 0.0,
        "power_log_loss": 0.070903,
        "val_power_log_loss": 0.077204
    },
    "min_val_power_log_loss": 0.07361,
    "params@min_val_power_log_loss": {
        "epoch": 778,
        "val_loss": 0.034285,
        "mae": 0.0,
        "val_mae": 0.0,
        "power_log_loss": 0.071587,
        "val_power_log_loss": 0.07361
    },
    "learning_rate_max": 0.00014,
    "learning_rate_min": 0.00014,
    "learning_rate_mean": 0.00013999999999999996,
    "evaluation_metrics": {
        "weights_source": "best_val",
        "train_loss": 0.03310238569974899,
        "val_loss": 0.034260451793670654,
        "train_mae": 0.020542826503515244,
        "train_afmae": 0.07111760973930359,
        "val_mae": 0.021118801087141037,
        "val_afmae": 0.07558722048997879
    }
}