{
  "completed_epoch": 1000,
  "min_loss": 0.03310763090848923,
  "min_val_loss": 0.034260451793670654,
  "current_epoch": 1000,
  "model_name": "FRIKAN",
  "training_alive": false,
  "timestamp": "20260424100704.7",
  "best_weights_file": "projects/09_HPARAM_SENSITIVITY/FRIKANh8u6l6g3s2_e1k_lr7e4_axisG/data\\FRIKANh8u6l6g3s2_e1k_lr7e4_axisG_best_weights.h5",
  "best_val_weights_file": "projects/09_HPARAM_SENSITIVITY/FRIKANh8u6l6g3s2_e1k_lr7e4_axisG/data\\FRIKANh8u6l6g3s2_e1k_lr7e4_axisG_best_val_weights.h5",
  "loss": 0.033319346606731415,
  "val_loss": 0.03430851176381111,
  "mae": 0.0,
  "afmae": 0.09462954103946686,
  "val_mae": 0.0,
  "val_afmae": 0.09870626032352448,
  "val_power_log_loss": 0.07617181539535522,
  "power_log_loss": 0.0711846873164177,
  "lr": 0.00014000000373926014,
  "elapsed_time": 891.0311663150787,
  "remaining_time": 0.0,
  "expected_finish_time": "2026-04-24 10:07:04",
  "smoothed_speed": 2635.4787895209256
}