{
  "completed_epoch": 30000,
  "min_loss": 0.002270677126944065,
  "min_val_loss": 0.0024377303197979927,
  "current_epoch": 0,
  "model_name": "WaveNet5",
  "training_alive": false,
  "timestamp": "20250706025034.5",
  "best_weights_file": "projects/WNET5_RealAlias_E09/data\\WNET5_RealAlias_E09_best_weights.h5",
  "best_val_weights_file": "projects/WNET5_RealAlias_E09/data\\WNET5_RealAlias_E09_best_val_weights.h5",
  "loss": 0.0022706773597747087,
  "val_loss": 0.002450574655085802,
  "val_power_log_loss": 0.003173904027789831,
  "power_log_loss": 0.0023414220195263624,
  "lr": 8.478225936414674e-06,
  "elapsed_time": 6652.951083183289,
  "remaining_time": 0.17919945765356146,
  "expected_finish_time": "2025-07-06 02:50:34",
  "smoothed_speed": 20089.346514428205
}