{
    "total_epochs": 30000,
    "min_loss": 0.0022707,
    "params@min_loss": {
        "epoch": 29948,
        "val_loss": 0.0024506,
        "power_log_loss": 0.0023419,
        "val_power_log_loss": 0.003174
    },
    "min_val_loss": 0.0024377,
    "params@min_val_loss": {
        "epoch": 28389,
        "val_loss": 0.0024377,
        "power_log_loss": 0.0026168,
        "val_power_log_loss": 0.0031433
    },
    "min_power_log_loss": 0.0023414,
    "params@min_power_log_loss": {
        "epoch": 29985,
        "val_loss": 0.0024506,
        "power_log_loss": 0.0023414,
        "val_power_log_loss": 0.0031741
    },
    "min_val_power_log_loss": 0.0031193,
    "params@min_val_power_log_loss": {
        "epoch": 29426,
        "val_loss": 0.0024407,
        "power_log_loss": 0.0024096,
        "val_power_log_loss": 0.0031193
    },
    "learning_rate_max": 0.02,
    "learning_rate_min": 8.4782e-06,
    "learning_rate_mean": 0.0035399541795733333
}