{
  "completed_epoch": 0,
  "min_loss": 1.7438703775405884,
  "min_val_loss": 1.8011451959609985,
  "current_epoch": 0,
  "model_name": "CNNKAN",
  "training_alive": false,
  "timestamp": "20260406112820.7",
  "best_weights_file": "projects/01_LR_STUDY/CNNKANh8u6l6_e1k_lr30e5_c8k9d00/data\\CNNKANh8u6l6_e1k_lr30e5_c8k9d00_best_weights.h5",
  "best_val_weights_file": "projects/01_LR_STUDY/CNNKANh8u6l6_e1k_lr30e5_c8k9d00/data\\CNNKANh8u6l6_e1k_lr30e5_c8k9d00_best_val_weights.h5",
  "loss": 1.7438703775405884,
  "val_loss": 1.8011451959609985,
  "mae": 0.3776085376739502,
  "afmae": 1.9755456447601318,
  "val_mae": 0.3755430579185486,
  "val_afmae": 1.9672727584838867
}