{
  "project_name": "FRIKANh8u6l6_e1k_lr7e4_nosym_r4",
  "generated_at": "2026-04-13T10:12:08.541664+08:00",
  "status": "complete",
  "calculation_standard": "ablation-study-v1",
  "sources": {
    "training_info": true,
    "compute_analysis": true,
    "model_info": true,
    "linear_response": true,
    "linearity_by_frequency": true,
    "config": true
  },
  "missing_sources": [],
  "missing_sections": [],
  "epochs": 1000,
  "min_loss": 0.05499,
  "min_val_loss": 0.056807,
  "train_loss": 0.05457098409533501,
  "val_loss": 0.0568067729473114,
  "train_mae": 0.09177688509225845,
  "train_afmae": 0.05724286288022995,
  "val_mae": 0.09207131713628769,
  "val_afmae": 0.06816428899765015,
  "weights_source": null,
  "freq_drift_hz": 16.332973038661333,
  "sens_drift_percent": 18.71659613127015,
  "linearity_percent": 4.8712919110843975,
  "compute_cost": 1710.0,
  "total_params": 2569,
  "lr": 0.0007,
  "use_cosine_annealing": false,
  "metric_details": {
    "natural_frequency_drift": {
      "min": 25.594414634339056,
      "max": 46.59280448733079,
      "median": 30.259831448669456,
      "count": 25,
      "unit": "Hz",
      "method": "max(|max-median|, |median-min|) from fn_comped",
      "drift": 16.332973038661333
    },
    "sensitivity_drift": {
      "min": 32.96139403704648,
      "max": 66.57120288757635,
      "median": 51.67799016831663,
      "count": 25,
      "unit": "%",
      "method": "max(|max-median|, |median-min|) from interpolated sensitivity",
      "drift": 18.71659613127015,
      "frequency_hz": 100.0
    },
    "linearity": {
      "mean": 4.8712919110843975,
      "max": 12.074151706979574,
      "min": 0.6717547006665603,
      "count": 14,
      "unit": "%",
      "method": "mean(1 - R^2) across frequency points"
    },
    "natural_frequency_drift_origin": {
      "min": 34.24511188160566,
      "max": 93.39109038646993,
      "median": 58.89345106524416,
      "count": 25,
      "unit": "Hz",
      "method": "max(|max-median|, |median-min|) from fn_origin",
      "drift": 34.49763932122577
    },
    "sensitivity_drift_origin": {
      "min": 60.001934754356135,
      "max": 203.37127543336493,
      "median": 144.5628340451216,
      "count": 25,
      "unit": "%",
      "method": "max(|max-median|, |median-min|) from interpolated origin sensitivity",
      "drift": 84.56089929076546,
      "frequency_hz": 100.0
    },
    "linearity_origin": {
      "mean": 2.5499568401843997,
      "max": 6.418887454843169,
      "min": 0.359242046082775,
      "count": 14,
      "unit": "%",
      "method": "mean(1 - R^2) across frequency points"
    }
  },
  "compute_details": {
    "total_params": 2569,
    "additions": 266,
    "multiplications": 40,
    "maps": 234,
    "total_ops": 540,
    "weighted_total": 1710.0,
    "weighted_additions": 266.0,
    "weighted_multiplications": 40.0,
    "weighted_maps": 1404.0
  },
  "compute_cost_status": "complete",
  "compute_has_unsupported_layers": false,
  "compute_unsupported_layer_count": 0,
  "compute_unsupported_layers": [],
  "compute_unsupported_layer_details": [],
  "compute_cost_warning": null,
  "loss_function": "MAE+AFMAE",
  "loss_function_key": "power_log_mae",
  "loss_function_source": "config.use_power_loss",
  "display_metrics": {
    "Loss Function": "MAE+AFMAE",
    "TRAIN_MAE": 0.09177688509225845,
    "TRAIN_AFMAE": 0.05724286288022995,
    "VAL_MAE": 0.09207131713628769,
    "VAL_AFMAE": 0.06816428899765015,
    "Freq Drift (Hz)": 16.332973038661333,
    "Sens Drift (%)": 18.71659613127015,
    "Linearity (%)": 4.8712919110843975,
    "Compute Cost": 1710.0,
    "Total Params": 2569,
    "Epochs": 1000,
    "LR": 0.0007,
    "Cosine Annealing": false
  }
}