{
  "project_name": "FRIKANh8u6l6_e1k_lr7e4_nosym_r4",
  "generated_at": "2026-04-09T23:48:48.556524+08:00",
  "status": "complete",
  "sources": {
    "training_info": true,
    "compute_analysis": true,
    "model_info": true,
    "linear_response": true
  },
  "missing_sources": [],
  "missing_sections": [],
  "epochs": 1000,
  "min_loss": 0.05499,
  "min_val_loss": 0.056807,
  "train_loss": 0.05457098409533501,
  "val_loss": 0.0568067729473114,
  "train_mae": 0.09177688509225845,
  "train_afmae": 0.05724286288022995,
  "val_mae": 0.09207131713628769,
  "val_afmae": 0.06816428899765015,
  "weights_source": null,
  "freq_drift_hz": 24.0,
  "sens_drift_percent": 40.67783706821466,
  "linearity_percent": 36.03917249211549,
  "compute_cost": 1710.0,
  "total_params": 2569,
  "display_metrics": {
    "TRAIN_MAE": 0.09177688509225845,
    "TRAIN_AFMAE": 0.05724286288022995,
    "VAL_MAE": 0.09207131713628769,
    "VAL_AFMAE": 0.06816428899765015,
    "Freq Drift (Hz)": 24.0,
    "Sens Drift (%)": 40.67783706821466,
    "Linearity (%)": 36.03917249211549,
    "Compute Cost": 1710.0,
    "Total Params": 2569,
    "Epochs": 1000
  }
}