{
    "total_epochs": 1000,
    "min_loss": 0.05499,
    "params@min_loss": {
        "epoch": 983,
        "val_loss": 0.057919,
        "mae": 0.0,
        "val_mae": 0.0,
        "power_log_loss": 0.057914,
        "val_power_log_loss": 0.069936
    },
    "min_val_loss": 0.056807,
    "params@min_val_loss": {
        "epoch": 982,
        "val_loss": 0.056807,
        "mae": 0.0,
        "val_mae": 0.0,
        "power_log_loss": 0.059038,
        "val_power_log_loss": 0.068164
    },
    "min_mae": 0.0,
    "params@min_mae": {
        "epoch": 1,
        "val_loss": 0.51404,
        "mae": 0.0,
        "val_mae": 0.0,
        "power_log_loss": 1.1597,
        "val_power_log_loss": 1.0926
    },
    "min_val_mae": 0.0,
    "params@min_val_mae": {
        "epoch": 1,
        "val_loss": 0.51404,
        "mae": 0.0,
        "val_mae": 0.0,
        "power_log_loss": 1.1597,
        "val_power_log_loss": 1.0926
    },
    "min_power_log_loss": 0.057914,
    "params@min_power_log_loss": {
        "epoch": 983,
        "val_loss": 0.057919,
        "mae": 0.0,
        "val_mae": 0.0,
        "power_log_loss": 0.057914,
        "val_power_log_loss": 0.069936
    },
    "min_val_power_log_loss": 0.06765,
    "params@min_val_power_log_loss": {
        "epoch": 997,
        "val_loss": 0.057117,
        "mae": 0.0,
        "val_mae": 0.0,
        "power_log_loss": 0.063602,
        "val_power_log_loss": 0.06765
    },
    "learning_rate_max": 0.00014,
    "learning_rate_min": 0.00014,
    "learning_rate_mean": 0.00013999999999999996,
    "evaluation_metrics": {
        "train_loss": 0.05457098409533501,
        "val_loss": 0.0568067729473114,
        "train_mae": 0.09177688509225845,
        "train_afmae": 0.05724286288022995,
        "val_mae": 0.09207131713628769,
        "val_afmae": 0.06816428899765015
    }
}