{
  "completed_epoch": 1000,
  "min_loss": 0.054990049451589584,
  "min_val_loss": 0.0568067729473114,
  "current_epoch": 1000,
  "model_name": "FRIKAN",
  "training_alive": false,
  "timestamp": "20260404204033.8",
  "best_weights_file": "projects/01_LR_STUDY/FRIKANh8u6l6_e1k_lr7e4_nosym_r4/data\\FRIKANh8u6l6_e1k_lr7e4_nosym_r4_best_weights.h5",
  "best_val_weights_file": "projects/01_LR_STUDY/FRIKANh8u6l6_e1k_lr7e4_nosym_r4/data\\FRIKANh8u6l6_e1k_lr7e4_nosym_r4_best_val_weights.h5",
  "loss": 0.05595281347632408,
  "val_loss": 0.05731093883514404,
  "mae": 0.0,
  "afmae": 1.2008017301559448,
  "val_mae": 0.0,
  "val_afmae": 1.197316288948059,
  "val_power_log_loss": 0.06876663118600845,
  "power_log_loss": 0.05856414511799812,
  "lr": 0.00014000000373926014,
  "elapsed_time": 2006.1324203014374,
  "remaining_time": 1.9598179247494494,
  "expected_finish_time": "2026-04-04 20:05:37",
  "smoothed_speed": 1836.9053341831423
}