{
  "project_name": "FRIKANh6u6l6_e1k_1",
  "generated_at": "2026-04-10T00:36:25.708335+08:00",
  "status": "complete",
  "calculation_standard": "ablation-study-v1",
  "sources": {
    "training_info": true,
    "compute_analysis": true,
    "model_info": true,
    "linear_response": true,
    "linearity_by_frequency": true
  },
  "missing_sources": [],
  "missing_sections": [],
  "epochs": 1000,
  "min_loss": 0.02778,
  "min_val_loss": 0.027797,
  "train_loss": 0.026152098551392555,
  "val_loss": 0.027797246351838112,
  "train_mae": 0.018831122666597366,
  "train_afmae": 0.045345187187194824,
  "val_mae": 0.019152969121932983,
  "val_afmae": 0.05256755277514458,
  "weights_source": null,
  "freq_drift_hz": 3.4561064899754967,
  "sens_drift_percent": 15.632595328655498,
  "linearity_percent": 0.5544557905184077,
  "compute_cost": 1608.0,
  "total_params": 2401,
  "metric_details": {
    "natural_frequency_drift": {
      "min": 29.716082143100884,
      "max": 35.99559209738415,
      "median": 33.17218863307638,
      "count": 25,
      "unit": "Hz",
      "method": "max(|max-median|, |median-min|) from fn_comped",
      "drift": 3.4561064899754967
    },
    "sensitivity_drift": {
      "min": 46.50949935998696,
      "max": 71.50197525042363,
      "median": 62.14209468864246,
      "count": 25,
      "unit": "%",
      "method": "max(|max-median|, |median-min|) from interpolated sensitivity",
      "drift": 15.632595328655498,
      "frequency_hz": 100.0
    },
    "linearity": {
      "mean": 0.5544557905184077,
      "max": 1.2470877742196684,
      "min": 0.12738754880972092,
      "count": 14,
      "unit": "%",
      "method": "mean(1 - R^2) across frequency points"
    },
    "natural_frequency_drift_origin": {
      "min": 34.24511188160566,
      "max": 93.39109038646993,
      "median": 58.89345106524416,
      "count": 25,
      "unit": "Hz",
      "method": "max(|max-median|, |median-min|) from fn_origin",
      "drift": 34.49763932122577
    },
    "sensitivity_drift_origin": {
      "min": 60.001934754356135,
      "max": 203.37127543336493,
      "median": 144.5628340451216,
      "count": 25,
      "unit": "%",
      "method": "max(|max-median|, |median-min|) from interpolated origin sensitivity",
      "drift": 84.56089929076546,
      "frequency_hz": 100.0
    },
    "linearity_origin": {
      "mean": 2.5499568401843997,
      "max": 6.418887454843169,
      "min": 0.359242046082775,
      "count": 14,
      "unit": "%",
      "method": "mean(1 - R^2) across frequency points"
    }
  },
  "compute_details": {
    "total_params": 2401,
    "additions": 246,
    "multiplications": 30,
    "maps": 222,
    "total_ops": 498,
    "weighted_total": 1608.0,
    "weighted_additions": 246.0,
    "weighted_multiplications": 30.0,
    "weighted_maps": 1332.0
  },
  "display_metrics": {
    "TRAIN_MAE": 0.018831122666597366,
    "TRAIN_AFMAE": 0.045345187187194824,
    "VAL_MAE": 0.019152969121932983,
    "VAL_AFMAE": 0.05256755277514458,
    "Freq Drift (Hz)": 3.4561064899754967,
    "Sens Drift (%)": 15.632595328655498,
    "Linearity (%)": 0.5544557905184077,
    "Compute Cost": 1608.0,
    "Total Params": 2401,
    "Epochs": 1000
  }
}