{
  "project_name": "FRIKANh8u6l6_e1k_lr5e4",
  "generated_at": "2026-04-10T12:56:21.580391+08:00",
  "status": "complete",
  "calculation_standard": "ablation-study-v1",
  "sources": {
    "training_info": true,
    "compute_analysis": true,
    "model_info": true,
    "linear_response": true,
    "linearity_by_frequency": true,
    "config": true
  },
  "missing_sources": [],
  "missing_sections": [],
  "epochs": 1000,
  "min_loss": 0.022404,
  "min_val_loss": 0.023541,
  "train_loss": 0.02209007553756237,
  "val_loss": 0.023541079834103584,
  "train_mae": 0.024257833138108253,
  "train_afmae": 0.02959487773478031,
  "val_mae": 0.024795785546302795,
  "val_afmae": 0.03624608367681503,
  "weights_source": null,
  "freq_drift_hz": 2.749789963120641,
  "sens_drift_percent": 10.199395097233513,
  "linearity_percent": 0.699778070444375,
  "compute_cost": 1710.0,
  "total_params": 2569,
  "lr": 0.0005,
  "use_cosine_annealing": false,
  "metric_details": {
    "natural_frequency_drift": {
      "min": 31.771291414031573,
      "max": 35.954165071688,
      "median": 33.20437510856736,
      "count": 25,
      "unit": "Hz",
      "method": "max(|max-median|, |median-min|) from fn_comped",
      "drift": 2.749789963120641
    },
    "sensitivity_drift": {
      "min": 50.579055926222296,
      "max": 69.67082108127248,
      "median": 60.77845102345581,
      "count": 25,
      "unit": "%",
      "method": "max(|max-median|, |median-min|) from interpolated sensitivity",
      "drift": 10.199395097233513,
      "frequency_hz": 100.0
    },
    "linearity": {
      "mean": 0.699778070444375,
      "max": 2.0309836869156883,
      "min": 0.06796705400574643,
      "count": 14,
      "unit": "%",
      "method": "mean(1 - R^2) across frequency points"
    },
    "natural_frequency_drift_origin": {
      "min": 34.24511188160566,
      "max": 93.39109038646993,
      "median": 58.89345106524416,
      "count": 25,
      "unit": "Hz",
      "method": "max(|max-median|, |median-min|) from fn_origin",
      "drift": 34.49763932122577
    },
    "sensitivity_drift_origin": {
      "min": 60.001934754356135,
      "max": 203.37127543336493,
      "median": 144.5628340451216,
      "count": 25,
      "unit": "%",
      "method": "max(|max-median|, |median-min|) from interpolated origin sensitivity",
      "drift": 84.56089929076546,
      "frequency_hz": 100.0
    },
    "linearity_origin": {
      "mean": 2.5499568401843997,
      "max": 6.418887454843169,
      "min": 0.359242046082775,
      "count": 14,
      "unit": "%",
      "method": "mean(1 - R^2) across frequency points"
    }
  },
  "compute_details": {
    "total_params": 2569,
    "additions": 266,
    "multiplications": 40,
    "maps": 234,
    "total_ops": 540,
    "weighted_total": 1710.0,
    "weighted_additions": 266.0,
    "weighted_multiplications": 40.0,
    "weighted_maps": 1404.0
  },
  "display_metrics": {
    "TRAIN_MAE": 0.024257833138108253,
    "TRAIN_AFMAE": 0.02959487773478031,
    "VAL_MAE": 0.024795785546302795,
    "VAL_AFMAE": 0.03624608367681503,
    "Freq Drift (Hz)": 2.749789963120641,
    "Sens Drift (%)": 10.199395097233513,
    "Linearity (%)": 0.699778070444375,
    "Compute Cost": 1710.0,
    "Total Params": 2569,
    "Epochs": 1000,
    "LR": 0.0005,
    "Cosine Annealing": false
  }
}