{
  "project_name": "FRIKANh8u6l6_e1k_lr5e4",
  "generated_at": "2026-04-09T23:48:48.499052+08:00",
  "status": "complete",
  "sources": {
    "training_info": true,
    "compute_analysis": true,
    "model_info": true,
    "linear_response": true
  },
  "missing_sources": [],
  "missing_sections": [],
  "epochs": 1000,
  "min_loss": 0.022404,
  "min_val_loss": 0.023541,
  "train_loss": 0.02209007553756237,
  "val_loss": 0.023541079834103584,
  "train_mae": 0.024257833138108253,
  "train_afmae": 0.02959487773478031,
  "val_mae": 0.024795785546302795,
  "val_afmae": 0.03624608367681503,
  "weights_source": null,
  "freq_drift_hz": 32.0,
  "sens_drift_percent": 27.805279673093636,
  "linearity_percent": 29.314867198173587,
  "compute_cost": 1710.0,
  "total_params": 2569,
  "display_metrics": {
    "TRAIN_MAE": 0.024257833138108253,
    "TRAIN_AFMAE": 0.02959487773478031,
    "VAL_MAE": 0.024795785546302795,
    "VAL_AFMAE": 0.03624608367681503,
    "Freq Drift (Hz)": 32.0,
    "Sens Drift (%)": 27.805279673093636,
    "Linearity (%)": 29.314867198173587,
    "Compute Cost": 1710.0,
    "Total Params": 2569,
    "Epochs": 1000
  }
}