{
  "completed_epoch": 1000,
  "min_loss": 0.02240377478301525,
  "min_val_loss": 0.023541079834103584,
  "current_epoch": 1000,
  "model_name": "FRIKAN",
  "training_alive": false,
  "timestamp": "20260403190729.0",
  "best_weights_file": "projects/01_EPOCH1000/FRIKANh8u6l6_e1k_lr5e4/data\\FRIKANh8u6l6_e1k_lr5e4_best_weights.h5",
  "best_val_weights_file": "projects/01_EPOCH1000/FRIKANh8u6l6_e1k_lr5e4/data\\FRIKANh8u6l6_e1k_lr5e4_best_val_weights.h5",
  "loss": 0.022980155423283577,
  "val_loss": 0.024354906752705574,
  "mae": 0.0,
  "afmae": 2.0087695121765137,
  "val_mae": 0.0,
  "val_afmae": 2.0016396045684814,
  "val_power_log_loss": 0.039001818746328354,
  "power_log_loss": 0.03319355845451355,
  "lr": 9.999999747378752e-05,
  "elapsed_time": 2084.6252088546753,
  "remaining_time": 2.0251070757054745,
  "expected_finish_time": "2026-04-03 16:09:22",
  "smoothed_speed": 1777.6837793852897
}