{
  "completed_epoch": 1000,
  "min_loss": 0.032114990055561066,
  "min_val_loss": 0.031814321875572205,
  "current_epoch": 1000,
  "model_name": "FRIMLP",
  "training_alive": false,
  "timestamp": "20260411144407.3",
  "best_weights_file": "projects/04_FRIMLP/FRIMLPh8u6l6_e1k_lr2e3_mlp18l6_tanh_d00/data\\FRIMLPh8u6l6_e1k_lr2e3_mlp18l6_tanh_d00_best_weights.h5",
  "best_val_weights_file": "projects/04_FRIMLP/FRIMLPh8u6l6_e1k_lr2e3_mlp18l6_tanh_d00/data\\FRIMLPh8u6l6_e1k_lr2e3_mlp18l6_tanh_d00_best_val_weights.h5",
  "loss": 0.03338465467095375,
  "val_loss": 0.03260524198412895,
  "mae": 0.0,
  "afmae": 0.6288043260574341,
  "val_mae": 0.0,
  "val_afmae": 0.6283681392669678,
  "val_power_log_loss": 0.08520094305276871,
  "power_log_loss": 0.0821833610534668,
  "lr": 0.00039999998989515007,
  "elapsed_time": 140.90911388397217,
  "remaining_time": 0.0,
  "expected_finish_time": "2026-04-11 14:43:20",
  "smoothed_speed": 34673.211381278175
}