{
  "project_name": "FRIMLPh8u6l6_e1k_lr7e4_mlp20l6_tanh_d00",
  "generated_at": "2026-04-11T03:00:35.429218+08:00",
  "status": "complete",
  "calculation_standard": "ablation-study-v1",
  "sources": {
    "training_info": true,
    "compute_analysis": true,
    "model_info": true,
    "linear_response": true,
    "linearity_by_frequency": true,
    "config": true
  },
  "missing_sources": [],
  "missing_sections": [],
  "epochs": 1000,
  "min_loss": 0.037453,
  "min_val_loss": 0.038682,
  "train_loss": 0.03803262859582901,
  "val_loss": 0.03868239372968674,
  "train_mae": 0.020867671817541122,
  "train_afmae": 0.09485126286745071,
  "val_mae": 0.02116781286895275,
  "val_afmae": 0.09639617800712585,
  "weights_source": "best_val",
  "freq_drift_hz": 5.817886622907654,
  "sens_drift_percent": 27.48032651317834,
  "linearity_percent": 1.012014285777051,
  "compute_cost": 5152.0,
  "total_params": 2493,
  "lr": 0.0007,
  "use_cosine_annealing": false,
  "metric_details": {
    "natural_frequency_drift": {
      "min": 27.18115243458018,
      "max": 38.33283138697473,
      "median": 32.999039057487835,
      "count": 25,
      "unit": "Hz",
      "method": "max(|max-median|, |median-min|) from fn_comped",
      "drift": 5.817886622907654
    },
    "sensitivity_drift": {
      "min": 35.90266209362868,
      "max": 69.97388402596233,
      "median": 63.38298860680702,
      "count": 25,
      "unit": "%",
      "method": "max(|max-median|, |median-min|) from interpolated sensitivity",
      "drift": 27.48032651317834,
      "frequency_hz": 100.0
    },
    "linearity": {
      "mean": 1.012014285777051,
      "max": 3.5091656164220386,
      "min": 0.17234106318092524,
      "count": 14,
      "unit": "%",
      "method": "mean(1 - R^2) across frequency points"
    },
    "natural_frequency_drift_origin": {
      "min": 34.24511188160566,
      "max": 93.39109038646993,
      "median": 58.89345106524416,
      "count": 25,
      "unit": "Hz",
      "method": "max(|max-median|, |median-min|) from fn_origin",
      "drift": 34.49763932122577
    },
    "sensitivity_drift_origin": {
      "min": 60.001934754356135,
      "max": 203.37127543336493,
      "median": 144.5628340451216,
      "count": 25,
      "unit": "%",
      "method": "max(|max-median|, |median-min|) from interpolated origin sensitivity",
      "drift": 84.56089929076546,
      "frequency_hz": 100.0
    },
    "linearity_origin": {
      "mean": 2.5499568401843997,
      "max": 6.418887454843169,
      "min": 0.359242046082775,
      "count": 14,
      "unit": "%",
      "method": "mean(1 - R^2) across frequency points"
    }
  },
  "compute_details": {
    "total_params": 2493,
    "additions": 2212,
    "multiplications": 2220,
    "maps": 120,
    "total_ops": 4552,
    "weighted_total": 5152.0,
    "weighted_additions": 2212.0,
    "weighted_multiplications": 2220.0,
    "weighted_maps": 720.0
  },
  "compute_cost_status": "complete",
  "compute_has_unsupported_layers": false,
  "compute_unsupported_layer_count": 0,
  "compute_unsupported_layers": [],
  "compute_unsupported_layer_details": [],
  "compute_cost_warning": null,
  "display_metrics": {
    "TRAIN_MAE": 0.020867671817541122,
    "TRAIN_AFMAE": 0.09485126286745071,
    "VAL_MAE": 0.02116781286895275,
    "VAL_AFMAE": 0.09639617800712585,
    "Freq Drift (Hz)": 5.817886622907654,
    "Sens Drift (%)": 27.48032651317834,
    "Linearity (%)": 1.012014285777051,
    "Compute Cost": 5152.0,
    "Total Params": 2493,
    "Epochs": 1000,
    "LR": 0.0007,
    "Cosine Annealing": false
  }
}