{
  "completed_epoch": 1000,
  "min_loss": 0.03745303303003311,
  "min_val_loss": 0.03868239372968674,
  "current_epoch": 1000,
  "model_name": "FRIMLP",
  "training_alive": false,
  "timestamp": "20260411025945.3",
  "best_weights_file": "projects/04_FRIMLP/FRIMLPh8u6l6_e1k_lr7e4_mlp20l6_tanh_d00/data\\FRIMLPh8u6l6_e1k_lr7e4_mlp20l6_tanh_d00_best_weights.h5",
  "best_val_weights_file": "projects/04_FRIMLP/FRIMLPh8u6l6_e1k_lr7e4_mlp20l6_tanh_d00/data\\FRIMLPh8u6l6_e1k_lr7e4_mlp20l6_tanh_d00_best_val_weights.h5",
  "loss": 0.03787233307957649,
  "val_loss": 0.039790790528059006,
  "mae": 0.0,
  "afmae": 0.4151709973812103,
  "val_mae": 0.0,
  "val_afmae": 0.4152027666568756,
  "val_power_log_loss": 0.11265943199396133,
  "power_log_loss": 0.09038273990154266,
  "lr": 0.00014000000373926014,
  "elapsed_time": 150.77712440490723,
  "remaining_time": 0.0,
  "expected_finish_time": "2026-04-11 02:59:08",
  "smoothed_speed": 31328.223035378105
}