{
  "completed_epoch": 6,
  "min_loss": 0.17042265832424164,
  "min_val_loss": 0.15896545350551605,
  "current_epoch": 6,
  "model_name": "FRIMLP",
  "training_alive": true,
  "timestamp": "20260410225032.5",
  "best_weights_file": "projects/04_FRIMLP/FRIMLPh8u6l6_e1k_lr7e4_mlp20l6_tanh_d00/data\\FRIMLPh8u6l6_e1k_lr7e4_mlp20l6_tanh_d00_best_weights.h5",
  "best_val_weights_file": "projects/04_FRIMLP/FRIMLPh8u6l6_e1k_lr7e4_mlp20l6_tanh_d00/data\\FRIMLPh8u6l6_e1k_lr7e4_mlp20l6_tanh_d00_best_val_weights.h5",
  "loss": 0.15750472247600555,
  "val_loss": 0.1535557508468628,
  "mae": 0.0,
  "afmae": 1.3031675815582275,
  "val_mae": 0.0,
  "val_afmae": 1.303351879119873,
  "val_power_log_loss": 0.516976535320282,
  "power_log_loss": 0.5484175682067871,
  "lr": 0.00014000000373926014,
  "elapsed_time": 44.23517370223999,
  "remaining_time": 8097.699799278617,
  "expected_finish_time": "2026-04-11 01:05:30",
  "smoothed_speed": 442.3478381254763
}