{
    "total_epochs": 1000,
    "min_loss": 0.037453,
    "params@min_loss": {
        "epoch": 987,
        "val_loss": 0.038998,
        "mae": 0.0,
        "val_mae": 0.0,
        "power_log_loss": 0.095166,
        "val_power_log_loss": 0.10631
    },
    "min_val_loss": 0.038682,
    "params@min_val_loss": {
        "epoch": 990,
        "val_loss": 0.038682,
        "mae": 0.0,
        "val_mae": 0.0,
        "power_log_loss": 0.10125,
        "val_power_log_loss": 0.096396
    },
    "min_mae": 0.0,
    "params@min_mae": {
        "epoch": 1,
        "val_loss": 0.093583,
        "mae": 0.0,
        "val_mae": 0.0,
        "power_log_loss": 0.3613,
        "val_power_log_loss": 0.28435
    },
    "min_val_mae": 0.0,
    "params@min_val_mae": {
        "epoch": 1,
        "val_loss": 0.093583,
        "mae": 0.0,
        "val_mae": 0.0,
        "power_log_loss": 0.3613,
        "val_power_log_loss": 0.28435
    },
    "min_power_log_loss": 0.090383,
    "params@min_power_log_loss": {
        "epoch": 1000,
        "val_loss": 0.039791,
        "mae": 0.0,
        "val_mae": 0.0,
        "power_log_loss": 0.090383,
        "val_power_log_loss": 0.11266
    },
    "min_val_power_log_loss": 0.095946,
    "params@min_val_power_log_loss": {
        "epoch": 999,
        "val_loss": 0.04024,
        "mae": 0.0,
        "val_mae": 0.0,
        "power_log_loss": 0.1028,
        "val_power_log_loss": 0.095946
    },
    "learning_rate_max": 0.00014,
    "learning_rate_min": 0.00014,
    "learning_rate_mean": 0.00013999999999999996,
    "evaluation_metrics": {
        "weights_source": "best_val",
        "train_loss": 0.03803262859582901,
        "val_loss": 0.03868239372968674,
        "train_mae": 0.020867671817541122,
        "train_afmae": 0.09485126286745071,
        "val_mae": 0.02116781286895275,
        "val_afmae": 0.09639617800712585
    }
}