{
    "completed_epoch": 1,
    "min_loss": 2.245077610015869,
    "min_val_loss": 2.318192958831787,
    "current_epoch": 1,
    "model_name": "FRIKAN",
    "training_alive": false,
    "timestamp": "20260420160038.7",
    "best_weights_file": "projects/08_IIR_AB/FRIKANh8u6l6_e1k_lr1e4_randiir_trainable_trueiir_rawfast_mb32/data\\FRIKANh8u6l6_e1k_lr1e4_randiir_trainable_trueiir_rawfast_mb32_best_weights.h5",
    "best_val_weights_file": "projects/08_IIR_AB/FRIKANh8u6l6_e1k_lr1e4_randiir_trainable_trueiir_rawfast_mb32/data\\FRIKANh8u6l6_e1k_lr1e4_randiir_trainable_trueiir_rawfast_mb32_best_val_weights.h5",
    "loss": 2.210455894470215,
    "val_loss": 2.248481512069702,
    "mae": 0.0,
    "afmae": 2.172062397003174,
    "val_mae": 0.0,
    "val_afmae": 2.165210247039795,
    "val_power_log_loss": 2.138991355895996,
    "power_log_loss": 2.175849437713623,
    "lr": 1.9999999494757503e-05,
    "elapsed_time": 41.366703748703,
    "remaining_time": 41285.10484313965,
    "expected_finish_time": "2026-04-21 03:28:43",
    "smoothed_speed": 87.11132050322537
}
