{
    "total_epochs": 30000,
    "min_loss": 0.0019537,
    "params@min_loss": {
        "epoch": 29960,
        "val_loss": 0.0022678,
        "power_log_loss": 0.0014449,
        "val_power_log_loss": 0.0028469
    },
    "min_val_loss": 0.0022484,
    "params@min_val_loss": {
        "epoch": 29245,
        "val_loss": 0.0022484,
        "power_log_loss": 0.0016489,
        "val_power_log_loss": 0.0027883
    },
    "min_power_log_loss": 0.0014447,
    "params@min_power_log_loss": {
        "epoch": 29995,
        "val_loss": 0.0022676,
        "power_log_loss": 0.0014447,
        "val_power_log_loss": 0.0028461
    },
    "min_val_power_log_loss": 0.0027883,
    "params@min_val_power_log_loss": {
        "epoch": 29245,
        "val_loss": 0.0022484,
        "power_log_loss": 0.0016489,
        "val_power_log_loss": 0.0027883
    },
    "learning_rate_max": 0.02,
    "learning_rate_min": 8.4782e-06,
    "learning_rate_mean": 0.0035399541795733333
}