{
  "completed_epoch": 30000,
  "min_loss": 0.001953673083335161,
  "min_val_loss": 0.0022484282962977886,
  "current_epoch": 0,
  "model_name": "WaveNet5",
  "training_alive": false,
  "timestamp": "20250706162456.4",
  "best_weights_file": "projects/WNET5_EFF2_B2/data\\WNET5_EFF2_B2_best_weights.h5",
  "best_val_weights_file": "projects/WNET5_EFF2_B2/data\\WNET5_EFF2_B2_best_val_weights.h5",
  "loss": 0.0019537669140845537,
  "val_loss": 0.002267352305352688,
  "val_power_log_loss": 0.0028453192207962275,
  "power_log_loss": 0.0014456744538620114,
  "lr": 8.478225936414674e-06,
  "elapsed_time": 6457.725714206696,
  "remaining_time": 0.17263578331473517,
  "expected_finish_time": "2025-07-06 16:24:56",
  "smoothed_speed": 20853.150667128957
}