{
    "total_epochs": 30000,
    "min_loss": 0.0033448,
    "params@min_loss": {
        "epoch": 29992,
        "val_loss": 0.0036452,
        "power_log_loss": 0.0035306,
        "val_power_log_loss": 0.0048693
    },
    "min_val_loss": 0.0036329,
    "params@min_val_loss": {
        "epoch": 29306,
        "val_loss": 0.0036329,
        "power_log_loss": 0.0036785,
        "val_power_log_loss": 0.004853
    },
    "min_power_log_loss": 0.0035305,
    "params@min_power_log_loss": {
        "epoch": 29994,
        "val_loss": 0.0036454,
        "power_log_loss": 0.0035305,
        "val_power_log_loss": 0.0048698
    },
    "min_val_power_log_loss": 0.0048319,
    "params@min_val_power_log_loss": {
        "epoch": 29264,
        "val_loss": 0.0036459,
        "power_log_loss": 0.0036957,
        "val_power_log_loss": 0.0048319
    },
    "learning_rate_max": 0.02,
    "learning_rate_min": 8.4782e-06,
    "learning_rate_mean": 0.0035399541795733333
}