{
  "completed_epoch": 26,
  "min_loss": 0.22390489280223846,
  "min_val_loss": 0.22441338002681732,
  "current_epoch": 26,
  "model_name": "FRIMLP",
  "training_alive": true,
  "timestamp": "20260410224405.5",
  "best_weights_file": "projects/04_FRIMLP/FRIMLPh8u6l6_e1k_lr7e4_mlp6l6_tanh_d00/data\\FRIMLPh8u6l6_e1k_lr7e4_mlp6l6_tanh_d00_best_weights.h5",
  "best_val_weights_file": "projects/04_FRIMLP/FRIMLPh8u6l6_e1k_lr7e4_mlp6l6_tanh_d00/data\\FRIMLPh8u6l6_e1k_lr7e4_mlp6l6_tanh_d00_best_val_weights.h5",
  "loss": 0.2243434339761734,
  "val_loss": 0.22410057485103607,
  "mae": 0.0,
  "afmae": 1.4038130044937134,
  "val_mae": 0.0,
  "val_afmae": 1.404191493988037,
  "val_power_log_loss": 0.47523728013038635,
  "power_log_loss": 0.4797879755496979,
  "lr": 0.00014000000373926014,
  "elapsed_time": 185.42817521095276,
  "remaining_time": 7186.638066113818,
  "expected_finish_time": "2026-04-11 00:43:52",
  "smoothed_speed": 488.4063963858467
}