{
  "project_name": "FRIMLPh8u6l6_e1k_lr2e3_mlp30l5_tanh_d00",
  "generated_at": "2026-04-11T13:03:40.990156+08:00",
  "status": "complete",
  "calculation_standard": "ablation-study-v1",
  "sources": {
    "training_info": true,
    "compute_analysis": true,
    "model_info": true,
    "linear_response": true,
    "linearity_by_frequency": true,
    "config": true
  },
  "missing_sources": [],
  "missing_sections": [],
  "epochs": 1000,
  "min_loss": 0.030498,
  "min_val_loss": 0.030211,
  "train_loss": 0.02980894222855568,
  "val_loss": 0.03021056205034256,
  "train_mae": 0.018197961151599884,
  "train_afmae": 0.07159163057804108,
  "val_mae": 0.018605560064315796,
  "val_afmae": 0.07279162108898163,
  "weights_source": "best_val",
  "freq_drift_hz": 5.301199191650753,
  "sens_drift_percent": 11.017934915289224,
  "linearity_percent": 1.0288506830532078,
  "compute_cost": 8712.0,
  "total_params": 4213,
  "lr": 0.002,
  "use_cosine_annealing": false,
  "metric_details": {
    "natural_frequency_drift": {
      "min": 31.440367681693008,
      "max": 38.340509694243075,
      "median": 33.03931050259232,
      "count": 25,
      "unit": "Hz",
      "method": "max(|max-median|, |median-min|) from fn_comped",
      "drift": 5.301199191650753
    },
    "sensitivity_drift": {
      "min": 55.073940075752084,
      "max": 72.9669881151341,
      "median": 61.949053199844876,
      "count": 25,
      "unit": "%",
      "method": "max(|max-median|, |median-min|) from interpolated sensitivity",
      "drift": 11.017934915289224,
      "frequency_hz": 100.0
    },
    "linearity": {
      "mean": 1.0288506830532078,
      "max": 2.392356908287274,
      "min": 0.271747242627296,
      "count": 14,
      "unit": "%",
      "method": "mean(1 - R^2) across frequency points"
    },
    "natural_frequency_drift_origin": {
      "min": 34.24511188160566,
      "max": 93.39109038646993,
      "median": 58.89345106524416,
      "count": 25,
      "unit": "Hz",
      "method": "max(|max-median|, |median-min|) from fn_origin",
      "drift": 34.49763932122577
    },
    "sensitivity_drift_origin": {
      "min": 60.001934754356135,
      "max": 203.37127543336493,
      "median": 144.5628340451216,
      "count": 25,
      "unit": "%",
      "method": "max(|max-median|, |median-min|) from interpolated origin sensitivity",
      "drift": 84.56089929076546,
      "frequency_hz": 100.0
    },
    "linearity_origin": {
      "mean": 2.5499568401843997,
      "max": 6.418887454843169,
      "min": 0.359242046082775,
      "count": 14,
      "unit": "%",
      "method": "mean(1 - R^2) across frequency points"
    }
  },
  "compute_details": {
    "total_params": 4213,
    "additions": 3902,
    "multiplications": 3910,
    "maps": 150,
    "total_ops": 7962,
    "weighted_total": 8712.0,
    "weighted_additions": 3902.0,
    "weighted_multiplications": 3910.0,
    "weighted_maps": 900.0
  },
  "compute_cost_status": "complete",
  "compute_has_unsupported_layers": false,
  "compute_unsupported_layer_count": 0,
  "compute_unsupported_layers": [],
  "compute_unsupported_layer_details": [],
  "compute_cost_warning": null,
  "display_metrics": {
    "TRAIN_MAE": 0.018197961151599884,
    "TRAIN_AFMAE": 0.07159163057804108,
    "VAL_MAE": 0.018605560064315796,
    "VAL_AFMAE": 0.07279162108898163,
    "Freq Drift (Hz)": 5.301199191650753,
    "Sens Drift (%)": 11.017934915289224,
    "Linearity (%)": 1.0288506830532078,
    "Compute Cost": 8712.0,
    "Total Params": 4213,
    "Epochs": 1000,
    "LR": 0.002,
    "Cosine Annealing": false
  }
}