{
  "completed_epoch": 1000,
  "min_loss": 0.030498281121253967,
  "min_val_loss": 0.03021056018769741,
  "current_epoch": 1000,
  "model_name": "FRIMLP",
  "training_alive": false,
  "timestamp": "20260411130314.1",
  "best_weights_file": "projects/04_FRIMLP/FRIMLPh8u6l6_e1k_lr2e3_mlp30l5_tanh_d00/data\\FRIMLPh8u6l6_e1k_lr2e3_mlp30l5_tanh_d00_best_weights.h5",
  "best_val_weights_file": "projects/04_FRIMLP/FRIMLPh8u6l6_e1k_lr2e3_mlp30l5_tanh_d00/data\\FRIMLPh8u6l6_e1k_lr2e3_mlp30l5_tanh_d00_best_val_weights.h5",
  "loss": 0.03905623406171799,
  "val_loss": 0.03437210991978645,
  "mae": 0.0,
  "afmae": 0.8006064295768738,
  "val_mae": 0.0,
  "val_afmae": 0.8004911541938782,
  "val_power_log_loss": 0.0895015299320221,
  "power_log_loss": 0.09615771472454071,
  "lr": 0.00039999998989515007,
  "elapsed_time": 155.7636420726776,
  "remaining_time": 0.0,
  "expected_finish_time": "2026-04-11 13:02:04",
  "smoothed_speed": 31232.10078015164
}