{
  "project_name": "1DCNNc4u8k20l8_e1k_lr18e4_pd8l2_d001_cvtanh_true",
  "generated_at": "2026-04-13T18:50:40.846782+08:00",
  "status": "complete",
  "calculation_standard": "ablation-study-v1",
  "sources": {
    "training_info": true,
    "compute_analysis": true,
    "model_info": true,
    "linear_response": true,
    "linearity_by_frequency": true,
    "config": true
  },
  "missing_sources": [],
  "missing_sections": [],
  "epochs": 1000,
  "min_loss": 0.012728,
  "min_val_loss": 0.012638,
  "train_loss": 0.01277243159711361,
  "val_loss": 0.01263757236301899,
  "train_mae": 0.01277243159711361,
  "train_afmae": 0.08391860127449036,
  "val_mae": 0.01263757236301899,
  "val_afmae": 0.08679935336112976,
  "weights_source": "best_val",
  "freq_drift_hz": 3.7176830925996853,
  "sens_drift_percent": 16.24241959499276,
  "linearity_percent": 0.9511716271993471,
  "compute_cost": 1880.0,
  "total_params": 885,
  "lr": 0.0018,
  "use_cosine_annealing": false,
  "metric_details": {
    "natural_frequency_drift": {
      "min": 31.2423369743665,
      "max": 38.429341672168704,
      "median": 34.71165857956902,
      "count": 25,
      "unit": "Hz",
      "method": "max(|max-median|, |median-min|) from fn_comped",
      "drift": 3.7176830925996853
    },
    "sensitivity_drift": {
      "min": 47.96774676915708,
      "max": 69.83418808789138,
      "median": 64.21016636414984,
      "count": 25,
      "unit": "%",
      "method": "max(|max-median|, |median-min|) from interpolated sensitivity",
      "drift": 16.24241959499276,
      "frequency_hz": 100.0
    },
    "linearity": {
      "mean": 0.9511716271993471,
      "max": 2.982672793814356,
      "min": 0.20280865021077288,
      "count": 14,
      "unit": "%",
      "method": "mean(1 - R^2) across frequency points"
    },
    "natural_frequency_drift_origin": {
      "min": 34.24511188160566,
      "max": 93.39109038646993,
      "median": 58.89345106524416,
      "count": 25,
      "unit": "Hz",
      "method": "max(|max-median|, |median-min|) from fn_origin",
      "drift": 34.49763932122577
    },
    "sensitivity_drift_origin": {
      "min": 60.001934754356135,
      "max": 203.37127543336493,
      "median": 144.5628340451216,
      "count": 25,
      "unit": "%",
      "method": "max(|max-median|, |median-min|) from interpolated origin sensitivity",
      "drift": 84.56089929076546,
      "frequency_hz": 100.0
    },
    "linearity_origin": {
      "mean": 2.5499568401843997,
      "max": 6.418887454843169,
      "min": 0.359242046082775,
      "count": 14,
      "unit": "%",
      "method": "mean(1 - R^2) across frequency points"
    }
  },
  "compute_details": {
    "total_params": 885,
    "additions": 856,
    "multiplications": 856,
    "maps": 28,
    "total_ops": 1740,
    "weighted_total": 1880.0,
    "weighted_additions": 856.0,
    "weighted_multiplications": 856.0,
    "weighted_maps": 168.0
  },
  "compute_cost_status": "complete",
  "compute_has_unsupported_layers": false,
  "compute_unsupported_layer_count": 0,
  "compute_unsupported_layers": [],
  "compute_unsupported_layer_details": [],
  "compute_cost_warning": null,
  "loss_function": "MAE",
  "loss_function_key": "mae",
  "loss_function_source": "config.use_power_loss",
  "display_metrics": {
    "Loss Function": "MAE",
    "TRAIN_MAE": 0.01277243159711361,
    "TRAIN_AFMAE": 0.08391860127449036,
    "VAL_MAE": 0.01263757236301899,
    "VAL_AFMAE": 0.08679935336112976,
    "Freq Drift (Hz)": 3.7176830925996853,
    "Sens Drift (%)": 16.24241959499276,
    "Linearity (%)": 0.9511716271993471,
    "Compute Cost": 1880.0,
    "Total Params": 885,
    "Epochs": 1000,
    "LR": 0.0018,
    "Cosine Annealing": false
  }
}