{
  "project_name": "FRIKANh8u6l6_e1k_lr2e4",
  "generated_at": "2026-04-13T10:12:08.323100+08:00",
  "status": "complete",
  "calculation_standard": "ablation-study-v1",
  "sources": {
    "training_info": true,
    "compute_analysis": true,
    "model_info": true,
    "linear_response": true,
    "linearity_by_frequency": true,
    "config": true
  },
  "missing_sources": [],
  "missing_sections": [],
  "epochs": 1000,
  "min_loss": 0.026193,
  "min_val_loss": 0.027759,
  "train_loss": 0.026129329577088356,
  "val_loss": 0.02775862067937851,
  "train_mae": 0.02649463713169098,
  "train_afmae": 0.038808561861515045,
  "val_mae": 0.026843735948204994,
  "val_afmae": 0.04624404385685921,
  "weights_source": null,
  "freq_drift_hz": 3.933116058461053,
  "sens_drift_percent": 15.75660568147243,
  "linearity_percent": 1.0528313499254411,
  "compute_cost": 1710.0,
  "total_params": 2569,
  "lr": 0.0002,
  "use_cosine_annealing": false,
  "metric_details": {
    "natural_frequency_drift": {
      "min": 30.89235692819922,
      "max": 36.9060281882194,
      "median": 32.97291212975835,
      "count": 25,
      "unit": "Hz",
      "method": "max(|max-median|, |median-min|) from fn_comped",
      "drift": 3.933116058461053
    },
    "sensitivity_drift": {
      "min": 46.25773556182975,
      "max": 74.50349190033796,
      "median": 58.746886218865534,
      "count": 25,
      "unit": "%",
      "method": "max(|max-median|, |median-min|) from interpolated sensitivity",
      "drift": 15.75660568147243,
      "frequency_hz": 100.0
    },
    "linearity": {
      "mean": 1.0528313499254411,
      "max": 2.1703120336102444,
      "min": 0.39762653814574556,
      "count": 14,
      "unit": "%",
      "method": "mean(1 - R^2) across frequency points"
    },
    "natural_frequency_drift_origin": {
      "min": 34.24511188160566,
      "max": 93.39109038646993,
      "median": 58.89345106524416,
      "count": 25,
      "unit": "Hz",
      "method": "max(|max-median|, |median-min|) from fn_origin",
      "drift": 34.49763932122577
    },
    "sensitivity_drift_origin": {
      "min": 60.001934754356135,
      "max": 203.37127543336493,
      "median": 144.5628340451216,
      "count": 25,
      "unit": "%",
      "method": "max(|max-median|, |median-min|) from interpolated origin sensitivity",
      "drift": 84.56089929076546,
      "frequency_hz": 100.0
    },
    "linearity_origin": {
      "mean": 2.5499568401843997,
      "max": 6.418887454843169,
      "min": 0.359242046082775,
      "count": 14,
      "unit": "%",
      "method": "mean(1 - R^2) across frequency points"
    }
  },
  "compute_details": {
    "total_params": 2569,
    "additions": 266,
    "multiplications": 40,
    "maps": 234,
    "total_ops": 540,
    "weighted_total": 1710.0,
    "weighted_additions": 266.0,
    "weighted_multiplications": 40.0,
    "weighted_maps": 1404.0
  },
  "compute_cost_status": "complete",
  "compute_has_unsupported_layers": false,
  "compute_unsupported_layer_count": 0,
  "compute_unsupported_layers": [],
  "compute_unsupported_layer_details": [],
  "compute_cost_warning": null,
  "loss_function": "MAE+AFMAE",
  "loss_function_key": "power_log_mae",
  "loss_function_source": "config.use_power_loss",
  "display_metrics": {
    "Loss Function": "MAE+AFMAE",
    "TRAIN_MAE": 0.02649463713169098,
    "TRAIN_AFMAE": 0.038808561861515045,
    "VAL_MAE": 0.026843735948204994,
    "VAL_AFMAE": 0.04624404385685921,
    "Freq Drift (Hz)": 3.933116058461053,
    "Sens Drift (%)": 15.75660568147243,
    "Linearity (%)": 1.0528313499254411,
    "Compute Cost": 1710.0,
    "Total Params": 2569,
    "Epochs": 1000,
    "LR": 0.0002,
    "Cosine Annealing": false
  }
}