{
  "completed_epoch": 1000,
  "min_loss": 0.02619342878460884,
  "min_val_loss": 0.02782445028424263,
  "current_epoch": 1000,
  "model_name": "FRIKAN",
  "training_alive": false,
  "timestamp": "20260403191132.7",
  "best_weights_file": "projects/01_EPOCH1000/FRIKANh8u6l6_e1k_lr2e4/data\\FRIKANh8u6l6_e1k_lr2e4_best_weights.h5",
  "best_val_weights_file": "projects/01_EPOCH1000/FRIKANh8u6l6_e1k_lr2e4/data\\FRIKANh8u6l6_e1k_lr2e4_best_val_weights.h5",
  "loss": 0.026319704949855804,
  "val_loss": 0.02775862067937851,
  "mae": 0.0,
  "afmae": 1.5996066331863403,
  "val_mae": 0.0,
  "val_afmae": 1.5830390453338623,
  "val_power_log_loss": 0.04624404385685921,
  "power_log_loss": 0.03960968554019928,
  "lr": 3.9999998989515007e-05,
  "elapsed_time": 2127.7653307914734,
  "remaining_time": 2.033877664658012,
  "expected_finish_time": "2026-04-03 16:49:55",
  "smoothed_speed": 1770.0179625136523
}