{
  "project_name": "FRIKANh8u6l6_e1k_lr7e4_pureafmae",
  "generated_at": "2026-04-09T23:48:48.588779+08:00",
  "status": "complete",
  "sources": {
    "training_info": true,
    "compute_analysis": true,
    "model_info": true,
    "linear_response": true
  },
  "missing_sources": [],
  "missing_sections": [],
  "epochs": 1000,
  "min_loss": 0.027342,
  "min_val_loss": 0.037977,
  "train_loss": 0.024067077785730362,
  "val_loss": 0.037976570427417755,
  "train_mae": 0.024067077785730362,
  "train_afmae": 0.024067077785730362,
  "val_mae": 0.037976570427417755,
  "val_afmae": 0.037976570427417755,
  "weights_source": null,
  "freq_drift_hz": 32.0,
  "sens_drift_percent": 37.426885433443395,
  "linearity_percent": 53.354528438378956,
  "compute_cost": 1710.0,
  "total_params": 2569,
  "display_metrics": {
    "TRAIN_MAE": 0.024067077785730362,
    "TRAIN_AFMAE": 0.024067077785730362,
    "VAL_MAE": 0.037976570427417755,
    "VAL_AFMAE": 0.037976570427417755,
    "Freq Drift (Hz)": 32.0,
    "Sens Drift (%)": 37.426885433443395,
    "Linearity (%)": 53.354528438378956,
    "Compute Cost": 1710.0,
    "Total Params": 2569,
    "Epochs": 1000
  }
}