{
  "completed_epoch": 1000,
  "min_loss": 0.027341565117239952,
  "min_val_loss": 0.037976570427417755,
  "current_epoch": 1000,
  "model_name": "FRIKAN",
  "training_alive": false,
  "timestamp": "20260410014802.8",
  "best_weights_file": "projects\\01_LR_STUDY\\FRIKANh8u6l6_e1k_lr7e4_pureafmae/data\\projects\\01_LR_STUDY\\FRIKANh8u6l6_e1k_lr7e4_pureafmae_best_weights.h5",
  "best_val_weights_file": "projects\\01_LR_STUDY\\FRIKANh8u6l6_e1k_lr7e4_pureafmae/data\\projects\\01_LR_STUDY\\FRIKANh8u6l6_e1k_lr7e4_pureafmae_best_val_weights.h5",
  "loss": 0.04527684673666954,
  "val_loss": 0.0849885568022728,
  "mae": 0.0,
  "afmae": 1.5215352773666382,
  "val_mae": 0.0,
  "val_afmae": 1.5037572383880615,
  "val_power_log_loss": 0.0849885493516922,
  "power_log_loss": 0.04527684301137924,
  "lr": 0.00139999995008111,
  "elapsed_time": 2026.6916689872742,
  "remaining_time": 1.9841388604579184,
  "expected_finish_time": "2026-04-05 01:38:42",
  "smoothed_speed": 1814.3891396639235
}