{
  "project_name": "1DCNNc4u8k20l8_e1k_lr18e4_pd8l2_d0012_cvtanh_pdtanh_true",
  "generated_at": "2026-04-13T19:24:58.029418+08:00",
  "status": "complete",
  "calculation_standard": "ablation-study-v1",
  "sources": {
    "training_info": true,
    "compute_analysis": true,
    "model_info": true,
    "linear_response": true,
    "linearity_by_frequency": true,
    "config": true
  },
  "missing_sources": [],
  "missing_sections": [],
  "epochs": 1000,
  "min_loss": 0.014002,
  "min_val_loss": 0.01318,
  "train_loss": 0.013359193690121174,
  "val_loss": 0.01317999605089426,
  "train_mae": 0.013359193690121174,
  "train_afmae": 0.12489378452301025,
  "val_mae": 0.01317999605089426,
  "val_afmae": 0.12577387690544128,
  "weights_source": "best_val",
  "freq_drift_hz": 6.406090509908466,
  "sens_drift_percent": 29.224960099818134,
  "linearity_percent": 1.31593440370416,
  "compute_cost": 1880.0,
  "total_params": 885,
  "lr": 0.0018,
  "use_cosine_annealing": false,
  "metric_details": {
    "natural_frequency_drift": {
      "min": 28.779341688106314,
      "max": 37.440488674187115,
      "median": 35.18543219801478,
      "count": 25,
      "unit": "Hz",
      "method": "max(|max-median|, |median-min|) from fn_comped",
      "drift": 6.406090509908466
    },
    "sensitivity_drift": {
      "min": 37.20443540634572,
      "max": 70.51784576146105,
      "median": 66.42939550616386,
      "count": 25,
      "unit": "%",
      "method": "max(|max-median|, |median-min|) from interpolated sensitivity",
      "drift": 29.224960099818134,
      "frequency_hz": 100.0
    },
    "linearity": {
      "mean": 1.31593440370416,
      "max": 3.0179923948062015,
      "min": 0.37594305430556085,
      "count": 14,
      "unit": "%",
      "method": "mean(1 - R^2) across frequency points"
    },
    "natural_frequency_drift_origin": {
      "min": 34.24511188160566,
      "max": 93.39109038646993,
      "median": 58.89345106524416,
      "count": 25,
      "unit": "Hz",
      "method": "max(|max-median|, |median-min|) from fn_origin",
      "drift": 34.49763932122577
    },
    "sensitivity_drift_origin": {
      "min": 60.001934754356135,
      "max": 203.37127543336493,
      "median": 144.5628340451216,
      "count": 25,
      "unit": "%",
      "method": "max(|max-median|, |median-min|) from interpolated origin sensitivity",
      "drift": 84.56089929076546,
      "frequency_hz": 100.0
    },
    "linearity_origin": {
      "mean": 2.5499568401843997,
      "max": 6.418887454843169,
      "min": 0.359242046082775,
      "count": 14,
      "unit": "%",
      "method": "mean(1 - R^2) across frequency points"
    }
  },
  "compute_details": {
    "total_params": 885,
    "additions": 856,
    "multiplications": 856,
    "maps": 28,
    "total_ops": 1740,
    "weighted_total": 1880.0,
    "weighted_additions": 856.0,
    "weighted_multiplications": 856.0,
    "weighted_maps": 168.0
  },
  "compute_cost_status": "complete",
  "compute_has_unsupported_layers": false,
  "compute_unsupported_layer_count": 0,
  "compute_unsupported_layers": [],
  "compute_unsupported_layer_details": [],
  "compute_cost_warning": null,
  "loss_function": "MAE",
  "loss_function_key": "mae",
  "loss_function_source": "config.use_power_loss",
  "display_metrics": {
    "Loss Function": "MAE",
    "TRAIN_MAE": 0.013359193690121174,
    "TRAIN_AFMAE": 0.12489378452301025,
    "VAL_MAE": 0.01317999605089426,
    "VAL_AFMAE": 0.12577387690544128,
    "Freq Drift (Hz)": 6.406090509908466,
    "Sens Drift (%)": 29.224960099818134,
    "Linearity (%)": 1.31593440370416,
    "Compute Cost": 1880.0,
    "Total Params": 885,
    "Epochs": 1000,
    "LR": 0.0018,
    "Cosine Annealing": false
  }
}