{
  "completed_epoch": 1000,
  "min_loss": 0.01400243490934372,
  "min_val_loss": 0.01317999605089426,
  "current_epoch": 1000,
  "model_name": "1DCNN",
  "training_alive": false,
  "timestamp": "20260413192450.4",
  "best_weights_file": "projects/05_1DCNN/1DCNNc4u8k20l8_e1k_lr18e4_pd8l2_d0012_cvtanh_pdtanh_true/data\\1DCNNc4u8k20l8_e1k_lr18e4_pd8l2_d0012_cvtanh_pdtanh_true_best_weights.h5",
  "best_val_weights_file": "projects/05_1DCNN/1DCNNc4u8k20l8_e1k_lr18e4_pd8l2_d0012_cvtanh_pdtanh_true/data\\1DCNNc4u8k20l8_e1k_lr18e4_pd8l2_d0012_cvtanh_pdtanh_true_best_val_weights.h5",
  "loss": 0.014268922619521618,
  "val_loss": 0.01365460641682148,
  "mae": 0.0,
  "afmae": 0.7241751551628113,
  "val_mae": 0.0,
  "val_afmae": 0.7244468331336975,
  "val_power_log_loss": 0.0,
  "power_log_loss": 0.0,
  "lr": 0.003599999938160181,
  "elapsed_time": 118.97085285186768,
  "remaining_time": 0.0,
  "expected_finish_time": "2026-04-13 19:24:40",
  "smoothed_speed": 42786.91804662702
}