{
  "project_name": "FRIKANh8u6l6_5",
  "generated_at": "2026-04-09T23:46:48.813541+08:00",
  "status": "complete",
  "sources": {
    "training_info": true,
    "compute_analysis": true,
    "model_info": true,
    "linear_response": true
  },
  "missing_sources": [],
  "missing_sections": [],
  "epochs": 30000,
  "min_loss": 0.011276,
  "min_val_loss": 0.015126,
  "train_loss": 0.012123839929699898,
  "val_loss": 0.015182199887931347,
  "train_mae": 0.01336150337010622,
  "train_afmae": 0.012336913496255875,
  "val_mae": 0.013697518035769463,
  "val_afmae": 0.027127599343657494,
  "weights_source": null,
  "freq_drift_hz": 32.0,
  "sens_drift_percent": 27.2599979566365,
  "linearity_percent": 26.040327615520553,
  "compute_cost": 1710.0,
  "total_params": 2569,
  "display_metrics": {
    "TRAIN_MAE": 0.01336150337010622,
    "TRAIN_AFMAE": 0.012336913496255875,
    "VAL_MAE": 0.013697518035769463,
    "VAL_AFMAE": 0.027127599343657494,
    "Freq Drift (Hz)": 32.0,
    "Sens Drift (%)": 27.2599979566365,
    "Linearity (%)": 26.040327615520553,
    "Compute Cost": 1710.0,
    "Total Params": 2569,
    "Epochs": 30000
  }
}