{
  "project_name": "FRIKANh8u6l6_5",
  "generated_at": "2026-04-10T12:56:22.586087+08:00",
  "status": "complete",
  "calculation_standard": "ablation-study-v1",
  "sources": {
    "training_info": true,
    "compute_analysis": true,
    "model_info": true,
    "linear_response": true,
    "linearity_by_frequency": true,
    "config": true
  },
  "missing_sources": [],
  "missing_sections": [],
  "epochs": 30000,
  "min_loss": 0.011276,
  "min_val_loss": 0.015126,
  "train_loss": 0.012123839929699898,
  "val_loss": 0.015182199887931347,
  "train_mae": 0.01336150337010622,
  "train_afmae": 0.012336913496255875,
  "val_mae": 0.013697518035769463,
  "val_afmae": 0.027127599343657494,
  "weights_source": null,
  "freq_drift_hz": 1.357593434687331,
  "sens_drift_percent": 5.600093287711431,
  "linearity_percent": 0.48562512021381254,
  "compute_cost": 1710.0,
  "total_params": 2569,
  "lr": 0.01,
  "use_cosine_annealing": true,
  "metric_details": {
    "natural_frequency_drift": {
      "min": 32.864175115653346,
      "max": 35.15858079299066,
      "median": 34.22176855034068,
      "count": 25,
      "unit": "Hz",
      "method": "max(|max-median|, |median-min|) from fn_comped",
      "drift": 1.357593434687331
    },
    "sensitivity_drift": {
      "min": 58.969185980814935,
      "max": 69.58970319516682,
      "median": 63.98960990745539,
      "count": 25,
      "unit": "%",
      "method": "max(|max-median|, |median-min|) from interpolated sensitivity",
      "drift": 5.600093287711431,
      "frequency_hz": 100.0
    },
    "linearity": {
      "mean": 0.48562512021381254,
      "max": 1.342505765681823,
      "min": 0.06848587960959218,
      "count": 14,
      "unit": "%",
      "method": "mean(1 - R^2) across frequency points"
    },
    "natural_frequency_drift_origin": {
      "min": 34.24511188160566,
      "max": 93.39109038646993,
      "median": 58.89345106524416,
      "count": 25,
      "unit": "Hz",
      "method": "max(|max-median|, |median-min|) from fn_origin",
      "drift": 34.49763932122577
    },
    "sensitivity_drift_origin": {
      "min": 60.001934754356135,
      "max": 203.37127543336493,
      "median": 144.5628340451216,
      "count": 25,
      "unit": "%",
      "method": "max(|max-median|, |median-min|) from interpolated origin sensitivity",
      "drift": 84.56089929076546,
      "frequency_hz": 100.0
    },
    "linearity_origin": {
      "mean": 2.5499568401843997,
      "max": 6.418887454843169,
      "min": 0.359242046082775,
      "count": 14,
      "unit": "%",
      "method": "mean(1 - R^2) across frequency points"
    }
  },
  "compute_details": {
    "total_params": 2569,
    "additions": 266,
    "multiplications": 40,
    "maps": 234,
    "total_ops": 540,
    "weighted_total": 1710.0,
    "weighted_additions": 266.0,
    "weighted_multiplications": 40.0,
    "weighted_maps": 1404.0
  },
  "display_metrics": {
    "TRAIN_MAE": 0.01336150337010622,
    "TRAIN_AFMAE": 0.012336913496255875,
    "VAL_MAE": 0.013697518035769463,
    "VAL_AFMAE": 0.027127599343657494,
    "Freq Drift (Hz)": 1.357593434687331,
    "Sens Drift (%)": 5.600093287711431,
    "Linearity (%)": 0.48562512021381254,
    "Compute Cost": 1710.0,
    "Total Params": 2569,
    "Epochs": 30000,
    "LR": 0.01,
    "Cosine Annealing": true
  }
}