{
  "project_name": "FRIKANh8u6l6_e1k_lr2e4_pureafmae",
  "generated_at": "2026-04-13T10:12:09.222743+08:00",
  "status": "complete",
  "calculation_standard": "ablation-study-v1",
  "sources": {
    "training_info": true,
    "compute_analysis": true,
    "model_info": true,
    "linear_response": true,
    "linearity_by_frequency": true,
    "config": true
  },
  "missing_sources": [],
  "missing_sections": [],
  "epochs": 1000,
  "min_loss": 0.016685,
  "min_val_loss": 0.030542,
  "train_loss": 0.01653263345360756,
  "val_loss": 0.030542491003870964,
  "train_mae": 0.08509208261966705,
  "train_afmae": 0.01653263345360756,
  "val_mae": 0.08672294020652771,
  "val_afmae": 0.030542491003870964,
  "weights_source": "best_val",
  "freq_drift_hz": 5.300746403468583,
  "sens_drift_percent": 25.17125219179715,
  "linearity_percent": 2.6135402753113164,
  "compute_cost": 1710.0,
  "total_params": 2569,
  "lr": 0.0002,
  "use_cosine_annealing": false,
  "metric_details": {
    "natural_frequency_drift": {
      "min": 26.260700662448457,
      "max": 33.83362755617539,
      "median": 28.532881152706803,
      "count": 25,
      "unit": "Hz",
      "method": "max(|max-median|, |median-min|) from fn_comped",
      "drift": 5.300746403468583
    },
    "sensitivity_drift": {
      "min": 25.93466464697577,
      "max": 69.51504104859319,
      "median": 44.34378885679604,
      "count": 25,
      "unit": "%",
      "method": "max(|max-median|, |median-min|) from interpolated sensitivity",
      "drift": 25.17125219179715,
      "frequency_hz": 100.0
    },
    "linearity": {
      "mean": 2.6135402753113164,
      "max": 9.388146600779269,
      "min": 0.7301072169460077,
      "count": 14,
      "unit": "%",
      "method": "mean(1 - R^2) across frequency points"
    },
    "natural_frequency_drift_origin": {
      "min": 34.24511188160566,
      "max": 93.39109038646993,
      "median": 58.89345106524416,
      "count": 25,
      "unit": "Hz",
      "method": "max(|max-median|, |median-min|) from fn_origin",
      "drift": 34.49763932122577
    },
    "sensitivity_drift_origin": {
      "min": 60.001934754356135,
      "max": 203.37127543336493,
      "median": 144.5628340451216,
      "count": 25,
      "unit": "%",
      "method": "max(|max-median|, |median-min|) from interpolated origin sensitivity",
      "drift": 84.56089929076546,
      "frequency_hz": 100.0
    },
    "linearity_origin": {
      "mean": 2.5499568401843997,
      "max": 6.418887454843169,
      "min": 0.359242046082775,
      "count": 14,
      "unit": "%",
      "method": "mean(1 - R^2) across frequency points"
    }
  },
  "compute_details": {
    "total_params": 2569,
    "additions": 266,
    "multiplications": 40,
    "maps": 234,
    "total_ops": 540,
    "weighted_total": 1710.0,
    "weighted_additions": 266.0,
    "weighted_multiplications": 40.0,
    "weighted_maps": 1404.0
  },
  "compute_cost_status": "complete",
  "compute_has_unsupported_layers": false,
  "compute_unsupported_layer_count": 0,
  "compute_unsupported_layers": [],
  "compute_unsupported_layer_details": [],
  "compute_cost_warning": null,
  "loss_function": "AFMAE",
  "loss_function_key": "pure_power_log_mae",
  "loss_function_source": "config.use_pure_power_loss",
  "display_metrics": {
    "Loss Function": "AFMAE",
    "TRAIN_MAE": 0.08509208261966705,
    "TRAIN_AFMAE": 0.01653263345360756,
    "VAL_MAE": 0.08672294020652771,
    "VAL_AFMAE": 0.030542491003870964,
    "Freq Drift (Hz)": 5.300746403468583,
    "Sens Drift (%)": 25.17125219179715,
    "Linearity (%)": 2.6135402753113164,
    "Compute Cost": 1710.0,
    "Total Params": 2569,
    "Epochs": 1000,
    "LR": 0.0002,
    "Cosine Annealing": false
  }
}