{
    "total_epochs": 1000,
    "min_loss": 0.016685,
    "params@min_loss": {
        "epoch": 995,
        "val_loss": 0.035907,
        "mae": 0.0,
        "val_mae": 0.0,
        "power_log_loss": 0.016685,
        "val_power_log_loss": 0.035907
    },
    "min_val_loss": 0.030542,
    "params@min_val_loss": {
        "epoch": 874,
        "val_loss": 0.030542,
        "mae": 0.0,
        "val_mae": 0.0,
        "power_log_loss": 0.022476,
        "val_power_log_loss": 0.030542
    },
    "min_mae": 0.0,
    "params@min_mae": {
        "epoch": 1,
        "val_loss": 2.1332,
        "mae": 0.0,
        "val_mae": 0.0,
        "power_log_loss": 2.2748,
        "val_power_log_loss": 2.1332
    },
    "min_val_mae": 0.0,
    "params@min_val_mae": {
        "epoch": 1,
        "val_loss": 2.1332,
        "mae": 0.0,
        "val_mae": 0.0,
        "power_log_loss": 2.2748,
        "val_power_log_loss": 2.1332
    },
    "min_power_log_loss": 0.016685,
    "params@min_power_log_loss": {
        "epoch": 995,
        "val_loss": 0.035907,
        "mae": 0.0,
        "val_mae": 0.0,
        "power_log_loss": 0.016685,
        "val_power_log_loss": 0.035907
    },
    "min_val_power_log_loss": 0.030542,
    "params@min_val_power_log_loss": {
        "epoch": 874,
        "val_loss": 0.030542,
        "mae": 0.0,
        "val_mae": 0.0,
        "power_log_loss": 0.022476,
        "val_power_log_loss": 0.030542
    },
    "learning_rate_max": 0.0004,
    "learning_rate_min": 0.0004,
    "learning_rate_mean": 0.00040000000000000013,
    "evaluation_metrics": {
        "weights_source": "best_val",
        "train_loss": 0.01653263345360756,
        "val_loss": 0.030542491003870964,
        "train_mae": 0.08509208261966705,
        "train_afmae": 0.01653263345360756,
        "val_mae": 0.08672294020652771,
        "val_afmae": 0.030542491003870964
    }
}