{
  "completed_epoch": 1000,
  "min_loss": 0.01668521575629711,
  "min_val_loss": 0.030542492866516113,
  "current_epoch": 1000,
  "model_name": "FRIKAN",
  "training_alive": false,
  "timestamp": "20260410142319.0",
  "best_weights_file": "projects/03_FRIKAN_PUREAFME/FRIKANh8u6l6_e1k_lr2e4_pureafmae/data\\FRIKANh8u6l6_e1k_lr2e4_pureafmae_best_weights.h5",
  "best_val_weights_file": "projects/03_FRIKAN_PUREAFME/FRIKANh8u6l6_e1k_lr2e4_pureafmae/data\\FRIKANh8u6l6_e1k_lr2e4_pureafmae_best_val_weights.h5",
  "loss": 0.020752031356096268,
  "val_loss": 0.056418973952531815,
  "mae": 0.0,
  "afmae": 2.363710403442383,
  "val_mae": 0.0,
  "val_afmae": 2.357050657272339,
  "val_power_log_loss": 0.056418973952531815,
  "power_log_loss": 0.020752031356096268,
  "lr": 0.00039999998989515007,
  "elapsed_time": 2140.0203964710236,
  "remaining_time": 2.325461176411553,
  "expected_finish_time": "2026-04-10 14:22:34",
  "smoothed_speed": 1548.0800266703238
}