{
  "completed_epoch": 1000,
  "min_loss": 0.023061444982886314,
  "min_val_loss": 0.024243349209427834,
  "current_epoch": 1000,
  "model_name": "FRIKAN",
  "training_alive": false,
  "timestamp": "20260424023409.1",
  "best_weights_file": "projects/09_HPARAM_SENSITIVITY/FRIKANh7u6l6g8s2_e1k_lr7e4_axisH/data\\FRIKANh7u6l6g8s2_e1k_lr7e4_axisH_best_weights.h5",
  "best_val_weights_file": "projects/09_HPARAM_SENSITIVITY/FRIKANh7u6l6g8s2_e1k_lr7e4_axisH/data\\FRIKANh7u6l6g8s2_e1k_lr7e4_axisH_best_val_weights.h5",
  "loss": 0.024208052083849907,
  "val_loss": 0.025068100541830063,
  "mae": 0.0,
  "afmae": 1.6355496644973755,
  "val_mae": 0.0,
  "val_afmae": 1.6186742782592773,
  "val_power_log_loss": 0.04461102932691574,
  "power_log_loss": 0.04043183848261833,
  "lr": 0.00014000000373926014,
  "elapsed_time": 2022.311560869217,
  "remaining_time": 0.0,
  "expected_finish_time": "2026-04-24 02:34:09",
  "smoothed_speed": 1822.4266551102703
}