{
  "completed_epoch": 2000,
  "min_loss": 0.04321674257516861,
  "min_val_loss": 0.043470174074172974,
  "current_epoch": 2000,
  "model_name": "GRN",
  "training_alive": false,
  "timestamp": "20260404152037.9",
  "best_weights_file": "projects/01_LR_STUDY/GRNu16_e2k_lr7e4/data\\GRNu16_e2k_lr7e4_best_weights.h5",
  "best_val_weights_file": "projects/01_LR_STUDY/GRNu16_e2k_lr7e4/data\\GRNu16_e2k_lr7e4_best_val_weights.h5",
  "loss": 0.05127612128853798,
  "val_loss": 0.05124259367585182,
  "mae": 0.0,
  "afmae": 2.494443655014038,
  "val_mae": 0.0,
  "val_afmae": 2.4944710731506348,
  "val_power_log_loss": 0.139795184135437,
  "power_log_loss": 0.14110860228538513,
  "lr": 0.00014000000373926014,
  "elapsed_time": 3663.3003084659576,
  "remaining_time": 1.7883798362856695,
  "expected_finish_time": "2026-04-04 15:19:00",
  "smoothed_speed": 2012.9951853387752
}