{
    "total_epochs": 2000,
    "min_loss": 0.043217,
    "params@min_loss": {
        "epoch": 1960,
        "val_loss": 0.045102,
        "mae": 0.0,
        "val_mae": 0.0,
        "power_log_loss": 0.11177,
        "val_power_log_loss": 0.1249
    },
    "min_val_loss": 0.04347,
    "params@min_val_loss": {
        "epoch": 1930,
        "val_loss": 0.04347,
        "mae": 0.0,
        "val_mae": 0.0,
        "power_log_loss": 0.11543,
        "val_power_log_loss": 0.11206
    },
    "min_mae": 0.0,
    "params@min_mae": {
        "epoch": 1,
        "val_loss": 0.47703,
        "mae": 0.0,
        "val_mae": 0.0,
        "power_log_loss": 2.2614,
        "val_power_log_loss": 1.9841
    },
    "min_val_mae": 0.0,
    "params@min_val_mae": {
        "epoch": 1,
        "val_loss": 0.47703,
        "mae": 0.0,
        "val_mae": 0.0,
        "power_log_loss": 2.2614,
        "val_power_log_loss": 1.9841
    },
    "min_power_log_loss": 0.10696,
    "params@min_power_log_loss": {
        "epoch": 1947,
        "val_loss": 0.043812,
        "mae": 0.0,
        "val_mae": 0.0,
        "power_log_loss": 0.10696,
        "val_power_log_loss": 0.1112
    },
    "min_val_power_log_loss": 0.10744,
    "params@min_val_power_log_loss": {
        "epoch": 1963,
        "val_loss": 0.045307,
        "mae": 0.0,
        "val_mae": 0.0,
        "power_log_loss": 0.11721,
        "val_power_log_loss": 0.10744
    },
    "learning_rate_max": 0.00014,
    "learning_rate_min": 0.00014,
    "learning_rate_mean": 0.00013999999999999996,
    "evaluation_metrics": {
        "train_loss": 0.043322280049324036,
        "val_loss": 0.04347016662359238,
        "train_mae": 0.028325099498033524,
        "train_afmae": 0.11262283474206924,
        "val_mae": 0.028443431481719017,
        "val_afmae": 0.11205808818340302
    }
}