{
  "completed_epoch": 1000,
  "min_loss": 0.013455783016979694,
  "min_val_loss": 0.012759973295032978,
  "current_epoch": 1000,
  "model_name": "1DCNN",
  "training_alive": false,
  "timestamp": "20260413190607.6",
  "best_weights_file": "projects/05_1DCNN/1DCNNc4u8k20l8_e1k_lr19e4_pd8l2_d0012_cvtanh_true/data\\1DCNNc4u8k20l8_e1k_lr19e4_pd8l2_d0012_cvtanh_true_best_weights.h5",
  "best_val_weights_file": "projects/05_1DCNN/1DCNNc4u8k20l8_e1k_lr19e4_pd8l2_d0012_cvtanh_true/data\\1DCNNc4u8k20l8_e1k_lr19e4_pd8l2_d0012_cvtanh_true_best_val_weights.h5",
  "loss": 0.013657339848577976,
  "val_loss": 0.013375814072787762,
  "mae": 0.0,
  "afmae": 1.739555835723877,
  "val_mae": 0.0,
  "val_afmae": 1.7397265434265137,
  "val_power_log_loss": 0.0,
  "power_log_loss": 0.0,
  "lr": 0.003800000064074993,
  "elapsed_time": 116.43815898895264,
  "remaining_time": 0.0,
  "expected_finish_time": "2026-04-13 19:05:55",
  "smoothed_speed": 42263.045786879935
}