{
    "total_epochs": 30000,
    "min_loss": 0.013155,
    "params@min_loss": {
        "epoch": 29997,
        "val_loss": 0.015763,
        "power_log_loss": 0.013626,
        "val_power_log_loss": 0.026285
    },
    "min_val_loss": 0.015667,
    "params@min_val_loss": {
        "epoch": 27471,
        "val_loss": 0.015667,
        "power_log_loss": 0.015489,
        "val_power_log_loss": 0.026159
    },
    "min_power_log_loss": 0.013624,
    "params@min_power_log_loss": {
        "epoch": 29999,
        "val_loss": 0.015763,
        "power_log_loss": 0.013624,
        "val_power_log_loss": 0.026282
    },
    "min_val_power_log_loss": 0.026054,
    "params@min_val_power_log_loss": {
        "epoch": 27927,
        "val_loss": 0.015677,
        "power_log_loss": 0.015727,
        "val_power_log_loss": 0.026054
    },
    "learning_rate_max": 0.002,
    "learning_rate_min": 1.1453e-07,
    "learning_rate_mean": 0.000200958921228,
    "evaluation_metrics": {
        "train_loss": 0.013727799989283085,
        "val_loss": 0.015663012862205505,
        "train_mae": 0.014688879251480103,
        "train_afmae": 0.016568103805184364,
        "val_mae": 0.01513584889471531,
        "val_afmae": 0.025960195809602737
    }
}