{
  "project_name": "1DCNNc4u8k20l8_e1k_lr18e6_pd8l2_d001_cvtanh_true_r24",
  "generated_at": "2026-04-28T04:36:50.085881+08:00",
  "status": "complete",
  "calculation_standard": "ablation-study-v4-bounded-fit-freq-inband-linearity",
  "sources": {
    "training_info": true,
    "compute_analysis": true,
    "model_info": true,
    "linear_response": true,
    "linearity_by_frequency": true,
    "config": true,
    "board_inference_config": true,
    "board_inference_qemu": true,
    "board_inference_keil": true
  },
  "missing_sources": [],
  "missing_sections": [],
  "epochs": 1000,
  "min_loss": 0.019153,
  "min_val_loss": 0.016937,
  "train_loss": 0.016781669110059738,
  "val_loss": 0.01693650707602501,
  "train_mae": 0.016781669110059738,
  "train_afmae": 0.2226383090019226,
  "val_mae": 0.01693650707602501,
  "val_afmae": 0.2217671424150467,
  "weights_source": "best_val",
  "freq_drift_hz": 10.74217240582204,
  "freq_drift_band_min_hz": 10.0,
  "freq_drift_band_max_hz": 128.0,
  "freq_drift_source_frequency_points_hz": [
    10.0,
    13.0,
    16.0,
    20.0,
    25.0,
    32.0,
    40.0,
    50.0,
    64.0,
    80.0,
    100.0,
    128.0
  ],
  "freq_drift_interpolation_points": null,
  "sens_drift_percent": 35.803227610567134,
  "linearity_percent": 2.1641375657542583,
  "linearity_band_max_hz": 128.0,
  "linearity_frequency_count": 12,
  "linearity_frequency_points_hz": [
    10.0,
    13.0,
    16.0,
    20.0,
    25.0,
    32.0,
    40.0,
    50.0,
    64.0,
    80.0,
    100.0,
    128.0
  ],
  "compute_cost": 3984.0,
  "total_params": 885,
  "lr": 1.8e-05,
  "use_cosine_annealing": false,
  "metric_details": {
    "natural_frequency_drift": {
      "min": 22.881337974756597,
      "max": 40.49874913368537,
      "median": 33.62351038057864,
      "count": 25,
      "unit": "Hz",
      "method": "max(|max-median|, |median-min|) from band-limited fitted center frequency (comped)",
      "drift": 10.74217240582204,
      "band_min_hz": 10.0,
      "band_max_hz": 128.0,
      "source_frequency_points_hz": [
        10.0,
        13.0,
        16.0,
        20.0,
        25.0,
        32.0,
        40.0,
        50.0,
        64.0,
        80.0,
        100.0,
        128.0
      ],
      "fit_param_key": "fit_params_comped"
    },
    "sensitivity_drift": {
      "min": 23.484358758736473,
      "max": 73.5920358666535,
      "median": 59.28758636930361,
      "count": 25,
      "unit": "%",
      "method": "max(|max-median|, |median-min|) from interpolated sensitivity",
      "drift": 35.803227610567134,
      "frequency_hz": 100.0
    },
    "linearity": {
      "mean": 2.1641375657542583,
      "max": 4.113554883188753,
      "min": 0.5082887729419339,
      "count": 12,
      "unit": "%",
      "method": "mean(1 - R^2) across in-band frequency points",
      "band_max_hz": 128.0,
      "frequencies_hz": [
        10.0,
        13.0,
        16.0,
        20.0,
        25.0,
        32.0,
        40.0,
        50.0,
        64.0,
        80.0,
        100.0,
        128.0
      ]
    },
    "natural_frequency_drift_origin": {
      "min": 34.24511188160566,
      "max": 93.39109038646993,
      "median": 58.89345106524416,
      "count": 25,
      "unit": "Hz",
      "method": "max(|max-median|, |median-min|) from band-limited fitted center frequency (origin)",
      "drift": 34.49763932122577,
      "band_min_hz": 10.0,
      "band_max_hz": 128.0,
      "source_frequency_points_hz": [
        10.0,
        13.0,
        16.0,
        20.0,
        25.0,
        32.0,
        40.0,
        50.0,
        64.0,
        80.0,
        100.0,
        128.0
      ],
      "fit_param_key": "fit_params_origin"
    },
    "sensitivity_drift_origin": {
      "min": 60.001934754356135,
      "max": 203.37127543336493,
      "median": 144.5628340451216,
      "count": 25,
      "unit": "%",
      "method": "max(|max-median|, |median-min|) from interpolated origin sensitivity",
      "drift": 84.56089929076546,
      "frequency_hz": 100.0
    },
    "linearity_origin": {
      "mean": 2.0043849708252406,
      "max": 4.375669781001812,
      "min": 0.359242046082775,
      "count": 12,
      "unit": "%",
      "method": "mean(1 - R^2) across in-band frequency points",
      "band_max_hz": 128.0,
      "frequencies_hz": [
        10.0,
        13.0,
        16.0,
        20.0,
        25.0,
        32.0,
        40.0,
        50.0,
        64.0,
        80.0,
        100.0,
        128.0
      ]
    }
  },
  "compute_details": {
    "total_params": 885,
    "additions": 856,
    "multiplications": 856,
    "maps": 28,
    "total_ops": 1740,
    "weighted_total": 3984.0,
    "weighted_additions": 856.0,
    "weighted_multiplications": 2568.0,
    "weighted_maps": 560.0
  },
  "compute_cost_status": "complete",
  "compute_has_unsupported_layers": false,
  "compute_unsupported_layer_count": 0,
  "compute_unsupported_layers": [],
  "compute_unsupported_layer_details": [],
  "compute_cost_warning": null,
  "loss_function": "MAE",
  "loss_function_key": "mae",
  "loss_function_source": "config.use_power_loss",
  "board_inference_ep_path": "ex_projects/inference/qemu-c-inference/onedcnn_c4u8k20l8_e1k_lr18e4_pd8l2_d001_cvtanh_true",
  "board_qemu_mae": 0.0005513119388866424,
  "board_keil_mae": 0.0005513119388866424,
  "board_keil_speed": 0.497525,
  "board_keil_fps": 2009.9492487814682,
  "board_inference": {
    "configured": true,
    "ep_path": "ex_projects/inference/qemu-c-inference/onedcnn_c4u8k20l8_e1k_lr18e4_pd8l2_d001_cvtanh_true",
    "project_dir": "ex_projects/inference/qemu-c-inference/onedcnn_c4u8k20l8_e1k_lr18e4_pd8l2_d001_cvtanh_true",
    "qemu_summary_path": "ex_projects/inference/qemu-c-inference/onedcnn_c4u8k20l8_e1k_lr18e4_pd8l2_d001_cvtanh_true/data/benchmark_summary.json",
    "keil_summary_path": "ex_projects/inference/qemu-c-inference/onedcnn_c4u8k20l8_e1k_lr18e4_pd8l2_d001_cvtanh_true/data/keil_benchmark_summary.json",
    "qemu_summary_exists": true,
    "keil_summary_exists": true,
    "qemu_mae": 0.0005513119388866424,
    "keil_mae": 0.0005513119388866424,
    "keil_wall_time_per_iter_ms": 199.01,
    "keil_point_count_per_iter": 400,
    "keil_speed_ms_per_point": 0.497525,
    "keil_speed_unit": "ms/point",
    "keil_speed_points_per_second": 2009.9492487814682,
    "keil_speed_display_unit": "points/s",
    "published_optimization_profile": null,
    "keil_optimization_profiles": [],
    "missing_sources": [],
    "missing_sections": []
  },
  "display_metrics": {
    "Loss Function": "MAE",
    "TRAIN_MAE": 0.016781669110059738,
    "TRAIN_AFMAE": 0.2226383090019226,
    "VAL_MAE": 0.01693650707602501,
    "VAL_AFMAE": 0.2217671424150467,
    "Freq Drift (Hz)": 10.74217240582204,
    "Sens Drift (%)": 35.803227610567134,
    "Linearity (%)": 2.1641375657542583,
    "Compute Cost": 3984.0,
    "Total Params": 885,
    "Epochs": 1000,
    "LR": 1.8e-05,
    "Cosine Annealing": false,
    "QEMU-MAE": 0.0005513119388866424,
    "KEIL-MAE": 0.0005513119388866424,
    "KEIL-SPEED": 0.497525,
    "KEIL-FPS": 2009.9492487814682
  }
}