{
  "completed_epoch": 1000,
  "min_loss": 0.01915404386818409,
  "min_val_loss": 0.016940684989094734,
  "current_epoch": 1000,
  "model_name": "1DCNN",
  "training_alive": false,
  "timestamp": "20260428043632.8",
  "best_weights_file": "projects/05_1DCNN/1DCNNc4u8k20l8_e1k_lr18e6_pd8l2_d001_cvtanh_true_r24/data\\1DCNNc4u8k20l8_e1k_lr18e6_pd8l2_d001_cvtanh_true_r24_best_weights.h5",
  "best_val_weights_file": "projects/05_1DCNN/1DCNNc4u8k20l8_e1k_lr18e6_pd8l2_d001_cvtanh_true_r24/data\\1DCNNc4u8k20l8_e1k_lr18e6_pd8l2_d001_cvtanh_true_r24_best_val_weights.h5",
  "loss": 0.019153017550706863,
  "val_loss": 0.01693650893867016,
  "mae": 0.0,
  "afmae": 1.12371027469635,
  "val_mae": 0.0,
  "val_afmae": 1.1239365339279175,
  "val_power_log_loss": 0.0,
  "power_log_loss": 0.0,
  "lr": 3.600000127335079e-05,
  "elapsed_time": 132.1358880996704,
  "remaining_time": 0.0,
  "expected_finish_time": "2026-04-28 04:36:32",
  "smoothed_speed": 45379.253996313906
}