{
  "timestamp": "2025-07-13T20:43:20.438010",
  "plot_name": "layer_2_bias_error_heatmap",
  "plot_type": "layer_bias_error_heatmap",
  "data": {
    "layer": 2,
    "baseline_values": [
      0.0053230794451286645,
      0.002277854777102961,
      0.005200971593404269,
      0.014258062125845128,
      0.0031517994583550313,
      0.0032547915184209797
    ],
    "compensated_values": [
      0.0008900857317327704,
      0.0007390869932787092,
      0.00016430900137143212,
      0.003648267416309192,
      0.00014247189282434736,
      0.0011057130559907757
    ],
    "vmin": 0.00014247189282434736,
    "vmax": 0.014258062125845128,
    "improvement_percent": 80.01009273810442
  },
  "metadata": {
    "layer": 2,
    "channel_count": 6,
    "units": "bias_error_absolute"
  }
}