{
  "completed_epoch": 1000,
  "min_loss": 0.03741909936070442,
  "min_val_loss": 0.036185406148433685,
  "current_epoch": 1000,
  "model_name": "CNNKAN",
  "training_alive": false,
  "timestamp": "20260406171540.4",
  "best_weights_file": "projects/01_LR_STUDY/CNNKANh8u6l6_e1k_lr25e5_c10k3d05/data\\CNNKANh8u6l6_e1k_lr25e5_c10k3d05_best_weights.h5",
  "best_val_weights_file": "projects/01_LR_STUDY/CNNKANh8u6l6_e1k_lr25e5_c10k3d05/data\\CNNKANh8u6l6_e1k_lr25e5_c10k3d05_best_val_weights.h5",
  "loss": 0.038851238787174225,
  "val_loss": 0.0379566065967083,
  "mae": 0.0,
  "afmae": 1.5177851915359497,
  "val_mae": 0.0,
  "val_afmae": 1.5027718544006348,
  "val_power_log_loss": 0.061256732791662216,
  "power_log_loss": 0.0478215366601944,
  "lr": 4.999999873689376e-05,
  "elapsed_time": 9286.468877792358,
  "remaining_time": 7.428058082793053,
  "expected_finish_time": "2026-04-06 17:15:47",
  "smoothed_speed": 484.64887590732866
}