{
  "completed_epoch": 1000,
  "min_loss": 0.013094905763864517,
  "min_val_loss": 0.01122499443590641,
  "current_epoch": 1000,
  "model_name": "1DCNN",
  "training_alive": false,
  "timestamp": "20260427223957.5",
  "best_weights_file": "projects/05_1DCNN/1DCNNc4u8k20l8_e1k_lr18e5_pd8l2_d001_cvtanh_true_r24/data\\1DCNNc4u8k20l8_e1k_lr18e5_pd8l2_d001_cvtanh_true_r24_best_weights.h5",
  "best_val_weights_file": "projects/05_1DCNN/1DCNNc4u8k20l8_e1k_lr18e5_pd8l2_d001_cvtanh_true_r24/data\\1DCNNc4u8k20l8_e1k_lr18e5_pd8l2_d001_cvtanh_true_r24_best_val_weights.h5",
  "loss": 0.01312063354998827,
  "val_loss": 0.011242806911468506,
  "mae": 0.0,
  "afmae": 1.4770947694778442,
  "val_mae": 0.0,
  "val_afmae": 1.4773905277252197,
  "val_power_log_loss": 0.0,
  "power_log_loss": 0.0,
  "lr": 0.0003600000054575503,
  "elapsed_time": 111.73896288871765,
  "remaining_time": 0.0,
  "expected_finish_time": "2026-04-27 22:39:57",
  "smoothed_speed": 46746.53688657752
}