{
  "project_name": "FRIMLPh8u6l6_e1k_lr2e3_mlp16l4_tanh_d00",
  "generated_at": "2026-04-11T12:32:52.598674+08:00",
  "status": "complete",
  "calculation_standard": "ablation-study-v1",
  "sources": {
    "training_info": true,
    "compute_analysis": true,
    "model_info": true,
    "linear_response": true,
    "linearity_by_frequency": true,
    "config": true
  },
  "missing_sources": [],
  "missing_sections": [],
  "epochs": 1000,
  "min_loss": 0.038314,
  "min_val_loss": 0.038548,
  "train_loss": 0.03825119510293007,
  "val_loss": 0.038547955453395844,
  "train_mae": 0.028418071568012238,
  "train_afmae": 0.09388318657875061,
  "val_mae": 0.028802823275327682,
  "val_afmae": 0.09443040192127228,
  "weights_source": "best_val",
  "freq_drift_hz": 8.04296948449037,
  "sens_drift_percent": 16.401227453299178,
  "linearity_percent": 1.5031973335536852,
  "compute_cost": 2280.0,
  "total_params": 1169,
  "lr": 0.002,
  "use_cosine_annealing": false,
  "metric_details": {
    "natural_frequency_drift": {
      "min": 29.07128211781162,
      "max": 40.59280894130778,
      "median": 32.54983945681741,
      "count": 25,
      "unit": "Hz",
      "method": "max(|max-median|, |median-min|) from fn_comped",
      "drift": 8.04296948449037
    },
    "sensitivity_drift": {
      "min": 43.177174657753,
      "max": 75.62970006785439,
      "median": 59.22847261455521,
      "count": 25,
      "unit": "%",
      "method": "max(|max-median|, |median-min|) from interpolated sensitivity",
      "drift": 16.401227453299178,
      "frequency_hz": 100.0
    },
    "linearity": {
      "mean": 1.5031973335536852,
      "max": 3.721161449474686,
      "min": 0.13456441557054832,
      "count": 14,
      "unit": "%",
      "method": "mean(1 - R^2) across frequency points"
    },
    "natural_frequency_drift_origin": {
      "min": 34.24511188160566,
      "max": 93.39109038646993,
      "median": 58.89345106524416,
      "count": 25,
      "unit": "Hz",
      "method": "max(|max-median|, |median-min|) from fn_origin",
      "drift": 34.49763932122577
    },
    "sensitivity_drift_origin": {
      "min": 60.001934754356135,
      "max": 203.37127543336493,
      "median": 144.5628340451216,
      "count": 25,
      "unit": "%",
      "method": "max(|max-median|, |median-min|) from interpolated origin sensitivity",
      "drift": 84.56089929076546,
      "frequency_hz": 100.0
    },
    "linearity_origin": {
      "mean": 2.5499568401843997,
      "max": 6.418887454843169,
      "min": 0.359242046082775,
      "count": 14,
      "unit": "%",
      "method": "mean(1 - R^2) across frequency points"
    }
  },
  "compute_details": {
    "total_params": 1169,
    "additions": 944,
    "multiplications": 952,
    "maps": 64,
    "total_ops": 1960,
    "weighted_total": 2280.0,
    "weighted_additions": 944.0,
    "weighted_multiplications": 952.0,
    "weighted_maps": 384.0
  },
  "compute_cost_status": "complete",
  "compute_has_unsupported_layers": false,
  "compute_unsupported_layer_count": 0,
  "compute_unsupported_layers": [],
  "compute_unsupported_layer_details": [],
  "compute_cost_warning": null,
  "display_metrics": {
    "TRAIN_MAE": 0.028418071568012238,
    "TRAIN_AFMAE": 0.09388318657875061,
    "VAL_MAE": 0.028802823275327682,
    "VAL_AFMAE": 0.09443040192127228,
    "Freq Drift (Hz)": 8.04296948449037,
    "Sens Drift (%)": 16.401227453299178,
    "Linearity (%)": 1.5031973335536852,
    "Compute Cost": 2280.0,
    "Total Params": 1169,
    "Epochs": 1000,
    "LR": 0.002,
    "Cosine Annealing": false
  }
}