{
  "completed_epoch": 1000,
  "min_loss": 0.03831367939710617,
  "min_val_loss": 0.038547955453395844,
  "current_epoch": 1000,
  "model_name": "FRIMLP",
  "training_alive": false,
  "timestamp": "20260411123229.8",
  "best_weights_file": "projects/04_FRIMLP/FRIMLPh8u6l6_e1k_lr2e3_mlp16l4_tanh_d00/data\\FRIMLPh8u6l6_e1k_lr2e3_mlp16l4_tanh_d00_best_weights.h5",
  "best_val_weights_file": "projects/04_FRIMLP/FRIMLPh8u6l6_e1k_lr2e3_mlp16l4_tanh_d00/data\\FRIMLPh8u6l6_e1k_lr2e3_mlp16l4_tanh_d00_best_val_weights.h5",
  "loss": 0.04256010428071022,
  "val_loss": 0.03872499614953995,
  "mae": 0.0,
  "afmae": 1.2248400449752808,
  "val_mae": 0.0,
  "val_afmae": 1.22501802444458,
  "val_power_log_loss": 0.09776292741298676,
  "power_log_loss": 0.10619870573282242,
  "lr": 0.00039999998989515007,
  "elapsed_time": 131.3246250152588,
  "remaining_time": 0.0,
  "expected_finish_time": "2026-04-11 12:31:49",
  "smoothed_speed": 46321.8871014789
}