{
    "total_epochs": 1000,
    "min_loss": 0.038314,
    "params@min_loss": {
        "epoch": 989,
        "val_loss": 0.039244,
        "mae": 0.0,
        "val_mae": 0.0,
        "power_log_loss": 0.092585,
        "val_power_log_loss": 0.1006
    },
    "min_val_loss": 0.038548,
    "params@min_val_loss": {
        "epoch": 995,
        "val_loss": 0.038548,
        "mae": 0.0,
        "val_mae": 0.0,
        "power_log_loss": 0.093258,
        "val_power_log_loss": 0.09443
    },
    "min_mae": 0.0,
    "params@min_mae": {
        "epoch": 1,
        "val_loss": 0.23138,
        "mae": 0.0,
        "val_mae": 0.0,
        "power_log_loss": 0.93091,
        "val_power_log_loss": 0.76164
    },
    "min_val_mae": 0.0,
    "params@min_val_mae": {
        "epoch": 1,
        "val_loss": 0.23138,
        "mae": 0.0,
        "val_mae": 0.0,
        "power_log_loss": 0.93091,
        "val_power_log_loss": 0.76164
    },
    "min_power_log_loss": 0.089069,
    "params@min_power_log_loss": {
        "epoch": 998,
        "val_loss": 0.039083,
        "mae": 0.0,
        "val_mae": 0.0,
        "power_log_loss": 0.089069,
        "val_power_log_loss": 0.094756
    },
    "min_val_power_log_loss": 0.091982,
    "params@min_val_power_log_loss": {
        "epoch": 983,
        "val_loss": 0.039719,
        "mae": 0.0,
        "val_mae": 0.0,
        "power_log_loss": 0.095956,
        "val_power_log_loss": 0.091982
    },
    "learning_rate_max": 0.0004,
    "learning_rate_min": 0.0004,
    "learning_rate_mean": 0.00040000000000000013,
    "evaluation_metrics": {
        "weights_source": "best_val",
        "train_loss": 0.03825119510293007,
        "val_loss": 0.038547955453395844,
        "train_mae": 0.028418071568012238,
        "train_afmae": 0.09388318657875061,
        "val_mae": 0.028802823275327682,
        "val_afmae": 0.09443040192127228
    }
}