{
  "completed_epoch": 57,
  "min_loss": 0.019591258838772774,
  "min_val_loss": 0.019209710881114006,
  "current_epoch": 57,
  "model_name": "RNN",
  "training_alive": false,
  "timestamp": "20260414204403.3",
  "best_weights_file": "projects/07_RNN/RNNu16_e1k_puremae_r12/data\\RNNu16_e1k_puremae_r12_best_weights.h5",
  "best_val_weights_file": "projects/07_RNN/RNNu16_e1k_puremae_r12/data\\RNNu16_e1k_puremae_r12_best_val_weights.h5",
  "loss": 0.020500507205724716,
  "val_loss": 0.01927792839705944,
  "mae": 0.0,
  "afmae": 0.6993710994720459,
  "val_mae": 0.0,
  "val_afmae": 0.6938861012458801,
  "val_power_log_loss": 0.0,
  "power_log_loss": 0.0,
  "lr": 0.002400000113993883,
  "elapsed_time": 813.1391565799713,
  "remaining_time": 13403.107226738946,
  "expected_finish_time": "2026-04-15 00:27:26",
  "smoothed_speed": 253.28455130370352
}