{
    "completed_epoch": 2,
    "min_loss": 1.7684298753738403,
    "min_val_loss": 1.8018057346343994,
    "current_epoch": 2,
    "model_name": "FRIKAN",
    "training_alive": false,
    "timestamp": "20260420162715.7",
    "best_weights_file": "projects/08_IIR_AB/FRIKANh8u6l6_e1k_lr2e4_sysiir_trainable_trueiir_mb64/data\\FRIKANh8u6l6_e1k_lr2e4_sysiir_trainable_trueiir_mb64_best_weights.h5",
    "best_val_weights_file": "projects/08_IIR_AB/FRIKANh8u6l6_e1k_lr2e4_sysiir_trainable_trueiir_mb64/data\\FRIKANh8u6l6_e1k_lr2e4_sysiir_trainable_trueiir_mb64_best_val_weights.h5",
    "loss": 1.6957932710647583,
    "val_loss": 1.7287284135818481,
    "mae": 0.0,
    "afmae": 1.968323826789856,
    "val_mae": 0.0,
    "val_afmae": 1.9578728675842285,
    "val_power_log_loss": 1.8708539009094238,
    "power_log_loss": 1.8782557249069214,
    "lr": 3.9999998989515007e-05,
    "elapsed_time": 54.27674460411072,
    "remaining_time": 30012.56186653433,
    "expected_finish_time": "2026-04-21 00:47:28",
    "smoothed_speed": 119.70987401799147
}
