{
  "project_name": "FRIKANh8u6l6_6",
  "generated_at": "2026-04-09T23:46:48.827672+08:00",
  "status": "complete",
  "sources": {
    "training_info": true,
    "compute_analysis": true,
    "model_info": true,
    "linear_response": true
  },
  "missing_sources": [],
  "missing_sections": [],
  "epochs": 30000,
  "min_loss": 0.011717,
  "min_val_loss": 0.014951,
  "train_loss": 0.012636546045541763,
  "val_loss": 0.015142004936933517,
  "train_mae": 0.016026059165596962,
  "train_afmae": 0.013126140460371971,
  "val_mae": 0.016398826614022255,
  "val_afmae": 0.0252328310161829,
  "weights_source": null,
  "freq_drift_hz": 32.0,
  "sens_drift_percent": 26.903826105845763,
  "linearity_percent": 26.493858421998816,
  "compute_cost": 1710.0,
  "total_params": 2569,
  "display_metrics": {
    "TRAIN_MAE": 0.016026059165596962,
    "TRAIN_AFMAE": 0.013126140460371971,
    "VAL_MAE": 0.016398826614022255,
    "VAL_AFMAE": 0.0252328310161829,
    "Freq Drift (Hz)": 32.0,
    "Sens Drift (%)": 26.903826105845763,
    "Linearity (%)": 26.493858421998816,
    "Compute Cost": 1710.0,
    "Total Params": 2569,
    "Epochs": 30000
  }
}