{
  "project_name": "FRIKANh8u6l6_6",
  "generated_at": "2026-04-10T00:36:27.022667+08:00",
  "status": "complete",
  "calculation_standard": "ablation-study-v1",
  "sources": {
    "training_info": true,
    "compute_analysis": true,
    "model_info": true,
    "linear_response": true,
    "linearity_by_frequency": true
  },
  "missing_sources": [],
  "missing_sections": [],
  "epochs": 30000,
  "min_loss": 0.011717,
  "min_val_loss": 0.014951,
  "train_loss": 0.012636546045541763,
  "val_loss": 0.015142004936933517,
  "train_mae": 0.016026059165596962,
  "train_afmae": 0.013126140460371971,
  "val_mae": 0.016398826614022255,
  "val_afmae": 0.0252328310161829,
  "weights_source": null,
  "freq_drift_hz": 1.2411531945108365,
  "sens_drift_percent": 8.675284746385557,
  "linearity_percent": 0.5371693555920503,
  "compute_cost": 1710.0,
  "total_params": 2569,
  "metric_details": {
    "natural_frequency_drift": {
      "min": 32.84028420952387,
      "max": 34.96819482434995,
      "median": 34.08143740403471,
      "count": 25,
      "unit": "Hz",
      "method": "max(|max-median|, |median-min|) from fn_comped",
      "drift": 1.2411531945108365
    },
    "sensitivity_drift": {
      "min": 58.86054101175299,
      "max": 72.93668682374869,
      "median": 64.26140207736313,
      "count": 25,
      "unit": "%",
      "method": "max(|max-median|, |median-min|) from interpolated sensitivity",
      "drift": 8.675284746385557,
      "frequency_hz": 100.0
    },
    "linearity": {
      "mean": 0.5371693555920503,
      "max": 1.2566481106395466,
      "min": 0.12606630447411504,
      "count": 14,
      "unit": "%",
      "method": "mean(1 - R^2) across frequency points"
    },
    "natural_frequency_drift_origin": {
      "min": 34.24511188160566,
      "max": 93.39109038646993,
      "median": 58.89345106524416,
      "count": 25,
      "unit": "Hz",
      "method": "max(|max-median|, |median-min|) from fn_origin",
      "drift": 34.49763932122577
    },
    "sensitivity_drift_origin": {
      "min": 60.001934754356135,
      "max": 203.37127543336493,
      "median": 144.5628340451216,
      "count": 25,
      "unit": "%",
      "method": "max(|max-median|, |median-min|) from interpolated origin sensitivity",
      "drift": 84.56089929076546,
      "frequency_hz": 100.0
    },
    "linearity_origin": {
      "mean": 2.5499568401843997,
      "max": 6.418887454843169,
      "min": 0.359242046082775,
      "count": 14,
      "unit": "%",
      "method": "mean(1 - R^2) across frequency points"
    }
  },
  "compute_details": {
    "total_params": 2569,
    "additions": 266,
    "multiplications": 40,
    "maps": 234,
    "total_ops": 540,
    "weighted_total": 1710.0,
    "weighted_additions": 266.0,
    "weighted_multiplications": 40.0,
    "weighted_maps": 1404.0
  },
  "display_metrics": {
    "TRAIN_MAE": 0.016026059165596962,
    "TRAIN_AFMAE": 0.013126140460371971,
    "VAL_MAE": 0.016398826614022255,
    "VAL_AFMAE": 0.0252328310161829,
    "Freq Drift (Hz)": 1.2411531945108365,
    "Sens Drift (%)": 8.675284746385557,
    "Linearity (%)": 0.5371693555920503,
    "Compute Cost": 1710.0,
    "Total Params": 2569,
    "Epochs": 30000
  }
}