{
    "total_epochs": 30000,
    "min_loss": 0.011717,
    "params@min_loss": {
        "epoch": 24999,
        "val_loss": 0.015021,
        "power_log_loss": 0.0090647,
        "val_power_log_loss": 0.025108
    },
    "min_val_loss": 0.014951,
    "params@min_val_loss": {
        "epoch": 28943,
        "val_loss": 0.014951,
        "power_log_loss": 0.011715,
        "val_power_log_loss": 0.02476
    },
    "min_power_log_loss": 0.0090647,
    "params@min_power_log_loss": {
        "epoch": 24999,
        "val_loss": 0.015021,
        "power_log_loss": 0.0090647,
        "val_power_log_loss": 0.025108
    },
    "min_val_power_log_loss": 0.02476,
    "params@min_val_power_log_loss": {
        "epoch": 28943,
        "val_loss": 0.014951,
        "power_log_loss": 0.011715,
        "val_power_log_loss": 0.02476
    },
    "learning_rate_max": 0.002,
    "learning_rate_min": 1.1453e-07,
    "learning_rate_mean": 0.000200958921228,
    "evaluation_metrics": {
        "train_loss": 0.012636546045541763,
        "val_loss": 0.015142004936933517,
        "train_mae": 0.016026059165596962,
        "train_afmae": 0.013126140460371971,
        "val_mae": 0.016398826614022255,
        "val_afmae": 0.0252328310161829
    }
}