{
  "project_name": "FRIKANh8u6l6_nosym",
  "generated_at": "2026-04-10T12:56:21.300846+08:00",
  "status": "complete",
  "calculation_standard": "ablation-study-v1",
  "sources": {
    "training_info": true,
    "compute_analysis": true,
    "model_info": true,
    "linear_response": true,
    "linearity_by_frequency": true,
    "config": true
  },
  "missing_sources": [],
  "missing_sections": [],
  "epochs": 1000,
  "min_loss": 0.030213,
  "min_val_loss": 0.032637,
  "train_loss": 0.030374616384506226,
  "val_loss": 0.03263743221759796,
  "train_mae": 0.05036916211247444,
  "train_afmae": 0.030433958396315575,
  "val_mae": 0.049971163272857666,
  "val_afmae": 0.041507966816425323,
  "weights_source": null,
  "freq_drift_hz": 2.525682084960323,
  "sens_drift_percent": 10.299943768936053,
  "linearity_percent": 0.6710211585692317,
  "compute_cost": 1710.0,
  "total_params": 2569,
  "lr": 0.01,
  "use_cosine_annealing": true,
  "metric_details": {
    "natural_frequency_drift": {
      "min": 31.270726099988423,
      "max": 35.85299085488563,
      "median": 33.796408184948746,
      "count": 25,
      "unit": "Hz",
      "method": "max(|max-median|, |median-min|) from fn_comped",
      "drift": 2.525682084960323
    },
    "sensitivity_drift": {
      "min": 50.17725923041732,
      "max": 70.16283319687705,
      "median": 60.47720299935337,
      "count": 25,
      "unit": "%",
      "method": "max(|max-median|, |median-min|) from interpolated sensitivity",
      "drift": 10.299943768936053,
      "frequency_hz": 100.0
    },
    "linearity": {
      "mean": 0.6710211585692317,
      "max": 1.5248681113257945,
      "min": 0.25377533540631436,
      "count": 14,
      "unit": "%",
      "method": "mean(1 - R^2) across frequency points"
    },
    "natural_frequency_drift_origin": {
      "min": 34.24511188160566,
      "max": 93.39109038646993,
      "median": 58.89345106524416,
      "count": 25,
      "unit": "Hz",
      "method": "max(|max-median|, |median-min|) from fn_origin",
      "drift": 34.49763932122577
    },
    "sensitivity_drift_origin": {
      "min": 60.001934754356135,
      "max": 203.37127543336493,
      "median": 144.5628340451216,
      "count": 25,
      "unit": "%",
      "method": "max(|max-median|, |median-min|) from interpolated origin sensitivity",
      "drift": 84.56089929076546,
      "frequency_hz": 100.0
    },
    "linearity_origin": {
      "mean": 2.5499568401843997,
      "max": 6.418887454843169,
      "min": 0.359242046082775,
      "count": 14,
      "unit": "%",
      "method": "mean(1 - R^2) across frequency points"
    }
  },
  "compute_details": {
    "total_params": 2569,
    "additions": 266,
    "multiplications": 40,
    "maps": 234,
    "total_ops": 540,
    "weighted_total": 1710.0,
    "weighted_additions": 266.0,
    "weighted_multiplications": 40.0,
    "weighted_maps": 1404.0
  },
  "display_metrics": {
    "TRAIN_MAE": 0.05036916211247444,
    "TRAIN_AFMAE": 0.030433958396315575,
    "VAL_MAE": 0.049971163272857666,
    "VAL_AFMAE": 0.041507966816425323,
    "Freq Drift (Hz)": 2.525682084960323,
    "Sens Drift (%)": 10.299943768936053,
    "Linearity (%)": 0.6710211585692317,
    "Compute Cost": 1710.0,
    "Total Params": 2569,
    "Epochs": 1000,
    "LR": 0.01,
    "Cosine Annealing": true
  }
}