{
  "project_name": "FRIKANh8u6l6_nosym",
  "generated_at": "2026-04-09T23:48:48.231708+08:00",
  "status": "complete",
  "sources": {
    "training_info": true,
    "compute_analysis": true,
    "model_info": true,
    "linear_response": true
  },
  "missing_sources": [],
  "missing_sections": [],
  "epochs": 1000,
  "min_loss": 0.030213,
  "min_val_loss": 0.032637,
  "train_loss": 0.030374616384506226,
  "val_loss": 0.03263743221759796,
  "train_mae": 0.05036916211247444,
  "train_afmae": 0.030433958396315575,
  "val_mae": 0.049971163272857666,
  "val_afmae": 0.041507966816425323,
  "weights_source": null,
  "freq_drift_hz": 32.0,
  "sens_drift_percent": 28.282685082903157,
  "linearity_percent": 28.49543160377267,
  "compute_cost": 1710.0,
  "total_params": 2569,
  "display_metrics": {
    "TRAIN_MAE": 0.05036916211247444,
    "TRAIN_AFMAE": 0.030433958396315575,
    "VAL_MAE": 0.049971163272857666,
    "VAL_AFMAE": 0.041507966816425323,
    "Freq Drift (Hz)": 32.0,
    "Sens Drift (%)": 28.282685082903157,
    "Linearity (%)": 28.49543160377267,
    "Compute Cost": 1710.0,
    "Total Params": 2569,
    "Epochs": 1000
  }
}