{
  "completed_epoch": 32,
  "min_loss": 0.1242155209183693,
  "min_val_loss": 0.13142244517803192,
  "current_epoch": 32,
  "model_name": "FRIKAN",
  "training_alive": true,
  "timestamp": "20260401204117.0",
  "best_weights_file": "projects\\00_MAE_VS_AFMAE\\FRIKANh8u6l6_nosym/data\\projects\\00_MAE_VS_AFMAE\\FRIKANh8u6l6_nosym_best_weights.h5",
  "best_val_weights_file": "projects\\00_MAE_VS_AFMAE\\FRIKANh8u6l6_nosym/data\\projects\\00_MAE_VS_AFMAE\\FRIKANh8u6l6_nosym_best_val_weights.h5",
  "loss": 0.1367391049861908,
  "val_loss": 0.12493272125720978,
  "val_power_log_loss": 0.2551615834236145,
  "power_log_loss": 0.27338355779647827,
  "lr": 0.0012872002553194761,
  "elapsed_time": 72.18279504776001,
  "remaining_time": 2146.4497781792347,
  "expected_finish_time": "2026-04-01 21:17:03",
  "smoothed_speed": 1625.1952575191858
}