{
    "total_epochs": 1000,
    "min_loss": 0.030213,
    "params@min_loss": {
        "epoch": 997,
        "val_loss": 0.032652,
        "power_log_loss": 0.029611,
        "val_power_log_loss": 0.041598
    },
    "min_val_loss": 0.032637,
    "params@min_val_loss": {
        "epoch": 954,
        "val_loss": 0.032637,
        "power_log_loss": 0.030835,
        "val_power_log_loss": 0.041508
    },
    "min_power_log_loss": 0.029611,
    "params@min_power_log_loss": {
        "epoch": 997,
        "val_loss": 0.032652,
        "power_log_loss": 0.029611,
        "val_power_log_loss": 0.041598
    },
    "min_val_power_log_loss": 0.041444,
    "params@min_val_power_log_loss": {
        "epoch": 951,
        "val_loss": 0.032673,
        "power_log_loss": 0.030997,
        "val_power_log_loss": 0.041444
    },
    "learning_rate_max": 0.002,
    "learning_rate_min": 1.62e-05,
    "learning_rate_mean": 0.0010535457309999998,
    "evaluation_metrics": {
        "train_loss": 0.030374616384506226,
        "val_loss": 0.03263743221759796,
        "train_mae": 0.05036916211247444,
        "train_afmae": 0.030433958396315575,
        "val_mae": 0.049971163272857666,
        "val_afmae": 0.041507966816425323
    }
}