{
  "project_name": "FRIMLPh8u6l6_e1k_lr5e4_mlp20l6_tanh_d00",
  "generated_at": "2026-04-13T10:12:10.062402+08:00",
  "status": "complete",
  "calculation_standard": "ablation-study-v1",
  "sources": {
    "training_info": true,
    "compute_analysis": true,
    "model_info": true,
    "linear_response": true,
    "linearity_by_frequency": true,
    "config": true
  },
  "missing_sources": [],
  "missing_sections": [],
  "epochs": 1000,
  "min_loss": 0.036203,
  "min_val_loss": 0.036937,
  "train_loss": 0.035897962749004364,
  "val_loss": 0.036937497556209564,
  "train_mae": 0.019645901396870613,
  "train_afmae": 0.08973007649183273,
  "val_mae": 0.020034486427903175,
  "val_afmae": 0.09370029717683792,
  "weights_source": "best_val",
  "freq_drift_hz": 5.9777063298162005,
  "sens_drift_percent": 22.958982213042255,
  "linearity_percent": 0.8692458644394916,
  "compute_cost": 5152.0,
  "total_params": 2493,
  "lr": 0.0005,
  "use_cosine_annealing": false,
  "metric_details": {
    "natural_frequency_drift": {
      "min": 28.514375646930155,
      "max": 38.59678140763339,
      "median": 32.619075077817186,
      "count": 25,
      "unit": "Hz",
      "method": "max(|max-median|, |median-min|) from fn_comped",
      "drift": 5.9777063298162005
    },
    "sensitivity_drift": {
      "min": 40.09413578989891,
      "max": 72.17426052601454,
      "median": 63.05311800294116,
      "count": 25,
      "unit": "%",
      "method": "max(|max-median|, |median-min|) from interpolated sensitivity",
      "drift": 22.958982213042255,
      "frequency_hz": 100.0
    },
    "linearity": {
      "mean": 0.8692458644394916,
      "max": 2.081378624231034,
      "min": 0.11790846037301739,
      "count": 14,
      "unit": "%",
      "method": "mean(1 - R^2) across frequency points"
    },
    "natural_frequency_drift_origin": {
      "min": 34.24511188160566,
      "max": 93.39109038646993,
      "median": 58.89345106524416,
      "count": 25,
      "unit": "Hz",
      "method": "max(|max-median|, |median-min|) from fn_origin",
      "drift": 34.49763932122577
    },
    "sensitivity_drift_origin": {
      "min": 60.001934754356135,
      "max": 203.37127543336493,
      "median": 144.5628340451216,
      "count": 25,
      "unit": "%",
      "method": "max(|max-median|, |median-min|) from interpolated origin sensitivity",
      "drift": 84.56089929076546,
      "frequency_hz": 100.0
    },
    "linearity_origin": {
      "mean": 2.5499568401843997,
      "max": 6.418887454843169,
      "min": 0.359242046082775,
      "count": 14,
      "unit": "%",
      "method": "mean(1 - R^2) across frequency points"
    }
  },
  "compute_details": {
    "total_params": 2493,
    "additions": 2212,
    "multiplications": 2220,
    "maps": 120,
    "total_ops": 4552,
    "weighted_total": 5152.0,
    "weighted_additions": 2212.0,
    "weighted_multiplications": 2220.0,
    "weighted_maps": 720.0
  },
  "compute_cost_status": "complete",
  "compute_has_unsupported_layers": false,
  "compute_unsupported_layer_count": 0,
  "compute_unsupported_layers": [],
  "compute_unsupported_layer_details": [],
  "compute_cost_warning": null,
  "loss_function": "MAE+AFMAE",
  "loss_function_key": "power_log_mae",
  "loss_function_source": "config.use_power_loss",
  "display_metrics": {
    "Loss Function": "MAE+AFMAE",
    "TRAIN_MAE": 0.019645901396870613,
    "TRAIN_AFMAE": 0.08973007649183273,
    "VAL_MAE": 0.020034486427903175,
    "VAL_AFMAE": 0.09370029717683792,
    "Freq Drift (Hz)": 5.9777063298162005,
    "Sens Drift (%)": 22.958982213042255,
    "Linearity (%)": 0.8692458644394916,
    "Compute Cost": 5152.0,
    "Total Params": 2493,
    "Epochs": 1000,
    "LR": 0.0005,
    "Cosine Annealing": false
  }
}