{
  "completed_epoch": 32,
  "min_loss": 0.22095681726932526,
  "min_val_loss": 0.22117921710014343,
  "current_epoch": 32,
  "model_name": "FRIMLP",
  "training_alive": true,
  "timestamp": "20260410225753.5",
  "best_weights_file": "projects/04_FRIMLP/FRIMLPh8u6l6_e1k_lr5e4_mlp20l6_tanh_d00/data\\FRIMLPh8u6l6_e1k_lr5e4_mlp20l6_tanh_d00_best_weights.h5",
  "best_val_weights_file": "projects/04_FRIMLP/FRIMLPh8u6l6_e1k_lr5e4_mlp20l6_tanh_d00/data\\FRIMLPh8u6l6_e1k_lr5e4_mlp20l6_tanh_d00_best_val_weights.h5",
  "loss": 0.22015658020973206,
  "val_loss": 0.22187069058418274,
  "mae": 0.0,
  "afmae": 0.4375392496585846,
  "val_mae": 0.0,
  "val_afmae": 0.4392567276954651,
  "val_power_log_loss": 0.44913801550865173,
  "power_log_loss": 0.43068140745162964,
  "lr": 9.999999747378752e-05,
  "elapsed_time": 69.86934065818787,
  "remaining_time": 7441.753273671135,
  "expected_finish_time": "2026-04-11 01:01:55",
  "smoothed_speed": 468.760501956163
}