{
  "completed_epoch": 1000,
  "min_loss": 0.0362028069794178,
  "min_val_loss": 0.036937493830919266,
  "current_epoch": 1000,
  "model_name": "FRIMLP",
  "training_alive": false,
  "timestamp": "20260411032904.2",
  "best_weights_file": "projects/04_FRIMLP/FRIMLPh8u6l6_e1k_lr5e4_mlp20l6_tanh_d00/data\\FRIMLPh8u6l6_e1k_lr5e4_mlp20l6_tanh_d00_best_weights.h5",
  "best_val_weights_file": "projects/04_FRIMLP/FRIMLPh8u6l6_e1k_lr5e4_mlp20l6_tanh_d00/data\\FRIMLPh8u6l6_e1k_lr5e4_mlp20l6_tanh_d00_best_val_weights.h5",
  "loss": 0.03676612675189972,
  "val_loss": 0.03774480149149895,
  "mae": 0.0,
  "afmae": 0.43016931414604187,
  "val_mae": 0.0,
  "val_afmae": 0.4272347092628479,
  "val_power_log_loss": 0.09024552255868912,
  "power_log_loss": 0.09615226089954376,
  "lr": 9.999999747378752e-05,
  "elapsed_time": 158.08522534370422,
  "remaining_time": 0.0,
  "expected_finish_time": "2026-04-11 03:28:23",
  "smoothed_speed": 34287.244907801294
}