{
  "project_name": "RNNr19d16_e1k_puremae_r15",
  "generated_at": "2026-04-16T17:13:59.579806+08:00",
  "status": "complete",
  "calculation_standard": "ablation-study-v1",
  "sources": {
    "training_info": true,
    "compute_analysis": true,
    "model_info": true,
    "linear_response": true,
    "linearity_by_frequency": true,
    "config": true
  },
  "missing_sources": [],
  "missing_sections": [],
  "epochs": 1000,
  "min_loss": 0.012725,
  "min_val_loss": 0.012366,
  "train_loss": 0.012428593821823597,
  "val_loss": 0.012366283684968948,
  "train_mae": 0.012428593821823597,
  "train_afmae": 0.1396063268184662,
  "val_mae": 0.012366283684968948,
  "val_afmae": 0.14090704917907715,
  "weights_source": "best_val",
  "freq_drift_hz": 8.977421771119467,
  "sens_drift_percent": 32.9970844114893,
  "linearity_percent": 1.6929080766522435,
  "compute_cost": 1610.0,
  "total_params": 736,
  "lr": 0.0015,
  "use_cosine_annealing": false,
  "metric_details": {
    "natural_frequency_drift": {
      "min": 26.643028179817364,
      "max": 37.054619156227076,
      "median": 35.62044995093683,
      "count": 25,
      "unit": "Hz",
      "method": "max(|max-median|, |median-min|) from fn_comped",
      "drift": 8.977421771119467
    },
    "sensitivity_drift": {
      "min": 32.825429047451834,
      "max": 73.19227461738251,
      "median": 65.82251345894113,
      "count": 25,
      "unit": "%",
      "method": "max(|max-median|, |median-min|) from interpolated sensitivity",
      "drift": 32.9970844114893,
      "frequency_hz": 100.0
    },
    "linearity": {
      "mean": 1.6929080766522435,
      "max": 8.168285480085547,
      "min": 0.27624889892452487,
      "count": 14,
      "unit": "%",
      "method": "mean(1 - R^2) across frequency points"
    },
    "natural_frequency_drift_origin": {
      "min": 34.24511188160566,
      "max": 93.39109038646993,
      "median": 58.89345106524416,
      "count": 25,
      "unit": "Hz",
      "method": "max(|max-median|, |median-min|) from fn_origin",
      "drift": 34.49763932122577
    },
    "sensitivity_drift_origin": {
      "min": 60.001934754356135,
      "max": 203.37127543336493,
      "median": 144.5628340451216,
      "count": 25,
      "unit": "%",
      "method": "max(|max-median|, |median-min|) from interpolated origin sensitivity",
      "drift": 84.56089929076546,
      "frequency_hz": 100.0
    },
    "linearity_origin": {
      "mean": 2.5499568401843997,
      "max": 6.418887454843169,
      "min": 0.359242046082775,
      "count": 14,
      "unit": "%",
      "method": "mean(1 - R^2) across frequency points"
    }
  },
  "compute_details": {
    "total_params": 736,
    "additions": 700,
    "multiplications": 700,
    "maps": 35,
    "total_ops": 1435,
    "weighted_total": 1610.0,
    "weighted_additions": 700.0,
    "weighted_multiplications": 700.0,
    "weighted_maps": 210.0
  },
  "compute_cost_status": "complete",
  "compute_has_unsupported_layers": false,
  "compute_unsupported_layer_count": 0,
  "compute_unsupported_layers": [],
  "compute_unsupported_layer_details": [],
  "compute_cost_warning": null,
  "loss_function": "MAE",
  "loss_function_key": "mae",
  "loss_function_source": "config.use_power_loss",
  "display_metrics": {
    "Loss Function": "MAE",
    "TRAIN_MAE": 0.012428593821823597,
    "TRAIN_AFMAE": 0.1396063268184662,
    "VAL_MAE": 0.012366283684968948,
    "VAL_AFMAE": 0.14090704917907715,
    "Freq Drift (Hz)": 8.977421771119467,
    "Sens Drift (%)": 32.9970844114893,
    "Linearity (%)": 1.6929080766522435,
    "Compute Cost": 1610.0,
    "Total Params": 736,
    "Epochs": 1000,
    "LR": 0.0015,
    "Cosine Annealing": false
  }
}