{
  "completed_epoch": 1000,
  "min_loss": 0.01272520236670971,
  "min_val_loss": 0.012366285547614098,
  "current_epoch": 1000,
  "model_name": "RNN",
  "training_alive": false,
  "timestamp": "20260416171321.0",
  "best_weights_file": "projects/07_RNN/RNNr19d16_e1k_puremae_r15/data\\RNNr19d16_e1k_puremae_r15_best_weights.h5",
  "best_val_weights_file": "projects/07_RNN/RNNr19d16_e1k_puremae_r15/data\\RNNr19d16_e1k_puremae_r15_best_val_weights.h5",
  "loss": 0.012867685407400131,
  "val_loss": 0.013860251754522324,
  "mae": 0.0,
  "afmae": 0.5317233800888062,
  "val_mae": 0.0,
  "val_afmae": 0.5362694263458252,
  "val_power_log_loss": 0.0,
  "power_log_loss": 0.0,
  "lr": 0.003000000026077032,
  "elapsed_time": 13578.314033985138,
  "remaining_time": 0.0,
  "expected_finish_time": "2026-04-16 17:12:49",
  "smoothed_speed": 230.90586037898407
}