{
  "project_name": "LSTMu16_e2k_lr7e4",
  "generated_at": "2026-04-10T00:36:26.324457+08:00",
  "status": "complete",
  "calculation_standard": "ablation-study-v1",
  "sources": {
    "training_info": true,
    "compute_analysis": true,
    "model_info": true,
    "linear_response": true,
    "linearity_by_frequency": true
  },
  "missing_sources": [],
  "missing_sections": [],
  "epochs": 2000,
  "min_loss": 0.020552,
  "min_val_loss": 0.020463,
  "train_loss": 0.019944213330745697,
  "val_loss": 0.020463164895772934,
  "train_mae": 0.012787191197276115,
  "train_afmae": 0.044189803302288055,
  "val_mae": 0.012867450714111328,
  "val_afmae": 0.04632706195116043,
  "weights_source": null,
  "freq_drift_hz": 3.4462309893794725,
  "sens_drift_percent": 7.32592104771188,
  "linearity_percent": 0.5728466207261965,
  "compute_cost": 3360.0,
  "total_params": 1441,
  "metric_details": {
    "natural_frequency_drift": {
      "min": 32.181466384877766,
      "max": 37.459461673283236,
      "median": 34.013230683903764,
      "count": 25,
      "unit": "Hz",
      "method": "max(|max-median|, |median-min|) from fn_comped",
      "drift": 3.4462309893794725
    },
    "sensitivity_drift": {
      "min": 56.60548664702825,
      "max": 67.83611346221781,
      "median": 63.93140769474013,
      "count": 25,
      "unit": "%",
      "method": "max(|max-median|, |median-min|) from interpolated sensitivity",
      "drift": 7.32592104771188,
      "frequency_hz": 100.0
    },
    "linearity": {
      "mean": 0.5728466207261965,
      "max": 2.1390069689025237,
      "min": 0.12174292990564384,
      "count": 14,
      "unit": "%",
      "method": "mean(1 - R^2) across frequency points"
    },
    "natural_frequency_drift_origin": {
      "min": 34.24511188160566,
      "max": 93.39109038646993,
      "median": 58.89345106524416,
      "count": 25,
      "unit": "Hz",
      "method": "max(|max-median|, |median-min|) from fn_origin",
      "drift": 34.49763932122577
    },
    "sensitivity_drift_origin": {
      "min": 60.001934754356135,
      "max": 203.37127543336493,
      "median": 144.5628340451216,
      "count": 25,
      "unit": "%",
      "method": "max(|max-median|, |median-min|) from interpolated origin sensitivity",
      "drift": 84.56089929076546,
      "frequency_hz": 100.0
    },
    "linearity_origin": {
      "mean": 2.5499568401843997,
      "max": 6.418887454843169,
      "min": 0.359242046082775,
      "count": 14,
      "unit": "%",
      "method": "mean(1 - R^2) across frequency points"
    }
  },
  "compute_details": {
    "total_params": 1441,
    "additions": 1376,
    "multiplications": 1408,
    "maps": 96,
    "total_ops": 2880,
    "weighted_total": 3360.0,
    "weighted_additions": 1376.0,
    "weighted_multiplications": 1408.0,
    "weighted_maps": 576.0
  },
  "display_metrics": {
    "TRAIN_MAE": 0.012787191197276115,
    "TRAIN_AFMAE": 0.044189803302288055,
    "VAL_MAE": 0.012867450714111328,
    "VAL_AFMAE": 0.04632706195116043,
    "Freq Drift (Hz)": 3.4462309893794725,
    "Sens Drift (%)": 7.32592104771188,
    "Linearity (%)": 0.5728466207261965,
    "Compute Cost": 3360.0,
    "Total Params": 1441,
    "Epochs": 2000
  }
}