{
  "project_name": "LSTMu16_e2k_lr7e4",
  "generated_at": "2026-04-09T23:48:48.838160+08:00",
  "status": "complete",
  "sources": {
    "training_info": true,
    "compute_analysis": true,
    "model_info": true,
    "linear_response": true
  },
  "missing_sources": [],
  "missing_sections": [],
  "epochs": 2000,
  "min_loss": 0.020552,
  "min_val_loss": 0.020463,
  "train_loss": 0.019944213330745697,
  "val_loss": 0.020463164895772934,
  "train_mae": 0.012787191197276115,
  "train_afmae": 0.044189803302288055,
  "val_mae": 0.012867450714111328,
  "val_afmae": 0.04632706195116043,
  "weights_source": null,
  "freq_drift_hz": 32.0,
  "sens_drift_percent": 28.10207328870775,
  "linearity_percent": 24.031792239912562,
  "compute_cost": 3360.0,
  "total_params": 1441,
  "display_metrics": {
    "TRAIN_MAE": 0.012787191197276115,
    "TRAIN_AFMAE": 0.044189803302288055,
    "VAL_MAE": 0.012867450714111328,
    "VAL_AFMAE": 0.04632706195116043,
    "Freq Drift (Hz)": 32.0,
    "Sens Drift (%)": 28.10207328870775,
    "Linearity (%)": 24.031792239912562,
    "Compute Cost": 3360.0,
    "Total Params": 1441,
    "Epochs": 2000
  }
}