{
    "total_epochs": 2000,
    "min_loss": 0.020552,
    "params@min_loss": {
        "epoch": 1962,
        "val_loss": 0.020481,
        "mae": 0.0,
        "val_mae": 0.0,
        "power_log_loss": 0.047009,
        "val_power_log_loss": 0.046486
    },
    "min_val_loss": 0.020463,
    "params@min_val_loss": {
        "epoch": 1964,
        "val_loss": 0.020463,
        "mae": 0.0,
        "val_mae": 0.0,
        "power_log_loss": 0.047071,
        "val_power_log_loss": 0.046327
    },
    "min_mae": 0.0,
    "params@min_mae": {
        "epoch": 1,
        "val_loss": 0.20277,
        "mae": 0.0,
        "val_mae": 0.0,
        "power_log_loss": 0.90956,
        "val_power_log_loss": 0.76729
    },
    "min_val_mae": 0.0,
    "params@min_val_mae": {
        "epoch": 1,
        "val_loss": 0.20277,
        "mae": 0.0,
        "val_mae": 0.0,
        "power_log_loss": 0.90956,
        "val_power_log_loss": 0.76729
    },
    "min_power_log_loss": 0.046847,
    "params@min_power_log_loss": {
        "epoch": 1963,
        "val_loss": 0.020584,
        "mae": 0.0,
        "val_mae": 0.0,
        "power_log_loss": 0.046847,
        "val_power_log_loss": 0.046656
    },
    "min_val_power_log_loss": 0.046327,
    "params@min_val_power_log_loss": {
        "epoch": 1964,
        "val_loss": 0.020463,
        "mae": 0.0,
        "val_mae": 0.0,
        "power_log_loss": 0.047071,
        "val_power_log_loss": 0.046327
    },
    "learning_rate_max": 0.00014,
    "learning_rate_min": 0.00014,
    "learning_rate_mean": 0.00013999999999999996,
    "evaluation_metrics": {
        "train_loss": 0.019944213330745697,
        "val_loss": 0.020463164895772934,
        "train_mae": 0.012787191197276115,
        "train_afmae": 0.044189803302288055,
        "val_mae": 0.012867450714111328,
        "val_afmae": 0.04632706195116043
    }
}