{
  "completed_epoch": 2000,
  "min_loss": 0.020551642403006554,
  "min_val_loss": 0.020463164895772934,
  "current_epoch": 2000,
  "model_name": "LSTM",
  "training_alive": false,
  "timestamp": "20260404152012.6",
  "best_weights_file": "projects/01_LR_STUDY/LSTMu16_e2k_lr7e4/data\\LSTMu16_e2k_lr7e4_best_weights.h5",
  "best_val_weights_file": "projects/01_LR_STUDY/LSTMu16_e2k_lr7e4/data\\LSTMu16_e2k_lr7e4_best_val_weights.h5",
  "loss": 0.021483609452843666,
  "val_loss": 0.021971458569169044,
  "mae": 0.0,
  "afmae": 1.0586081743240356,
  "val_mae": 0.0,
  "val_afmae": 1.0589370727539062,
  "val_power_log_loss": 0.050521619617938995,
  "power_log_loss": 0.048249512910842896,
  "lr": 0.00014000000373926014,
  "elapsed_time": 3631.3258669376373,
  "remaining_time": 1.7917595315138442,
  "expected_finish_time": "2026-04-04 14:17:24",
  "smoothed_speed": 2009.198185740018
}