{
  "completed_epoch": 1,
  "min_loss": 2.16886568069458,
  "min_val_loss": 2.236112594604492,
  "current_epoch": 1,
  "model_name": "FRIKAN",
  "training_alive": false,
  "timestamp": "20260420170543.4",
  "best_weights_file": "projects/08_IIR_AB/FRIKANh8u6l6_e1k_lr1e4_randiir_trainable_trueiir_rawfast_mb64_simoiirprobe_20260420/data\\FRIKANh8u6l6_e1k_lr1e4_randiir_trainable_trueiir_rawfast_mb64_simoiirprobe_20260420_best_weights.h5",
  "best_val_weights_file": "projects/08_IIR_AB/FRIKANh8u6l6_e1k_lr1e4_randiir_trainable_trueiir_rawfast_mb64_simoiirprobe_20260420/data\\FRIKANh8u6l6_e1k_lr1e4_randiir_trainable_trueiir_rawfast_mb64_simoiirprobe_20260420_best_val_weights.h5",
  "loss": 2.1829376220703125,
  "val_loss": 2.1999027729034424,
  "mae": 0.0,
  "afmae": 2.1772828102111816,
  "val_mae": 0.0,
  "val_afmae": 2.1722984313964844,
  "val_power_log_loss": 2.140673875808716,
  "power_log_loss": 2.1524572372436523,
  "lr": 1.9999999494757503e-05,
  "elapsed_time": 219.49433827400208,
  "remaining_time": 219211.84647417068,
  "expected_finish_time": "2026-04-23 05:57:22",
  "smoothed_speed": 16.406047655931573
}