{
  "completed_epoch": 0,
  "min_loss": 2.16886568069458,
  "min_val_loss": 2.236112594604492,
  "current_epoch": 0,
  "model_name": "FRIKAN",
  "training_alive": false,
  "timestamp": "20260420170011.4",
  "best_weights_file": "projects/08_IIR_AB/FRIKANh8u6l6_e1k_lr1e4_randiir_trainable_trueiir_rawfast_mb64_simoiirprobe_20260420/data\\FRIKANh8u6l6_e1k_lr1e4_randiir_trainable_trueiir_rawfast_mb64_simoiirprobe_20260420_best_weights.h5",
  "best_val_weights_file": "projects/08_IIR_AB/FRIKANh8u6l6_e1k_lr1e4_randiir_trainable_trueiir_rawfast_mb64_simoiirprobe_20260420/data\\FRIKANh8u6l6_e1k_lr1e4_randiir_trainable_trueiir_rawfast_mb64_simoiirprobe_20260420_best_val_weights.h5",
  "loss": 2.16886568069458,
  "val_loss": 2.236112594604492,
  "mae": 0.700684130191803,
  "afmae": 2.1772828102111816,
  "val_mae": 0.7007546424865723,
  "val_afmae": 2.1722984313964844
}