{
  "project_name": "FRIKANh8u6l6_base",
  "generated_at": "2026-04-13T10:12:07.974101+08:00",
  "status": "complete",
  "calculation_standard": "ablation-study-v1",
  "sources": {
    "training_info": true,
    "compute_analysis": true,
    "model_info": true,
    "linear_response": true,
    "linearity_by_frequency": true,
    "config": true
  },
  "missing_sources": [],
  "missing_sections": [],
  "epochs": 1000,
  "min_loss": 0.019037,
  "min_val_loss": 0.021254,
  "train_loss": 0.019066864624619484,
  "val_loss": 0.021253619343042374,
  "train_mae": 0.01627008616924286,
  "train_afmae": 0.02452242188155651,
  "val_mae": 0.016601886600255966,
  "val_afmae": 0.03490104153752327,
  "weights_source": null,
  "freq_drift_hz": 3.698161990642948,
  "sens_drift_percent": 18.300057961331362,
  "linearity_percent": 0.5038005625728948,
  "compute_cost": 1710.0,
  "total_params": 2569,
  "lr": 0.01,
  "use_cosine_annealing": true,
  "metric_details": {
    "natural_frequency_drift": {
      "min": 29.646212079808297,
      "max": 35.474718398886026,
      "median": 33.344374070451245,
      "count": 25,
      "unit": "Hz",
      "method": "max(|max-median|, |median-min|) from fn_comped",
      "drift": 3.698161990642948
    },
    "sensitivity_drift": {
      "min": 44.03324245611505,
      "max": 70.20531335990076,
      "median": 62.33330041744641,
      "count": 25,
      "unit": "%",
      "method": "max(|max-median|, |median-min|) from interpolated sensitivity",
      "drift": 18.300057961331362,
      "frequency_hz": 100.0
    },
    "linearity": {
      "mean": 0.5038005625728948,
      "max": 1.489805198857319,
      "min": 0.10064729993585209,
      "count": 14,
      "unit": "%",
      "method": "mean(1 - R^2) across frequency points"
    },
    "natural_frequency_drift_origin": {
      "min": 34.24511188160566,
      "max": 93.39109038646993,
      "median": 58.89345106524416,
      "count": 25,
      "unit": "Hz",
      "method": "max(|max-median|, |median-min|) from fn_origin",
      "drift": 34.49763932122577
    },
    "sensitivity_drift_origin": {
      "min": 60.001934754356135,
      "max": 203.37127543336493,
      "median": 144.5628340451216,
      "count": 25,
      "unit": "%",
      "method": "max(|max-median|, |median-min|) from interpolated origin sensitivity",
      "drift": 84.56089929076546,
      "frequency_hz": 100.0
    },
    "linearity_origin": {
      "mean": 2.5499568401843997,
      "max": 6.418887454843169,
      "min": 0.359242046082775,
      "count": 14,
      "unit": "%",
      "method": "mean(1 - R^2) across frequency points"
    }
  },
  "compute_details": {
    "total_params": 2569,
    "additions": 266,
    "multiplications": 40,
    "maps": 234,
    "total_ops": 540,
    "weighted_total": 1710.0,
    "weighted_additions": 266.0,
    "weighted_multiplications": 40.0,
    "weighted_maps": 1404.0
  },
  "compute_cost_status": "complete",
  "compute_has_unsupported_layers": false,
  "compute_unsupported_layer_count": 0,
  "compute_unsupported_layers": [],
  "compute_unsupported_layer_details": [],
  "compute_cost_warning": null,
  "loss_function": "MAE+AFMAE",
  "loss_function_key": "power_log_mae",
  "loss_function_source": "config.use_power_loss",
  "display_metrics": {
    "Loss Function": "MAE+AFMAE",
    "TRAIN_MAE": 0.01627008616924286,
    "TRAIN_AFMAE": 0.02452242188155651,
    "VAL_MAE": 0.016601886600255966,
    "VAL_AFMAE": 0.03490104153752327,
    "Freq Drift (Hz)": 3.698161990642948,
    "Sens Drift (%)": 18.300057961331362,
    "Linearity (%)": 0.5038005625728948,
    "Compute Cost": 1710.0,
    "Total Params": 2569,
    "Epochs": 1000,
    "LR": 0.01,
    "Cosine Annealing": true
  }
}