{
    "total_epochs": 1000,
    "min_loss": 0.019037,
    "params@min_loss": {
        "epoch": 1000,
        "val_loss": 0.021274,
        "power_log_loss": 0.024326,
        "val_power_log_loss": 0.03492
    },
    "min_val_loss": 0.021254,
    "params@min_val_loss": {
        "epoch": 986,
        "val_loss": 0.021254,
        "power_log_loss": 0.024546,
        "val_power_log_loss": 0.034901
    },
    "min_power_log_loss": 0.024322,
    "params@min_power_log_loss": {
        "epoch": 993,
        "val_loss": 0.021268,
        "power_log_loss": 0.024322,
        "val_power_log_loss": 0.034898
    },
    "min_val_power_log_loss": 0.034844,
    "params@min_val_power_log_loss": {
        "epoch": 997,
        "val_loss": 0.021254,
        "power_log_loss": 0.024377,
        "val_power_log_loss": 0.034844
    },
    "learning_rate_max": 0.002,
    "learning_rate_min": 1.62e-05,
    "learning_rate_mean": 0.0010535457309999998,
    "evaluation_metrics": {
        "train_loss": 0.019066864624619484,
        "val_loss": 0.021253619343042374,
        "train_mae": 0.01627008616924286,
        "train_afmae": 0.02452242188155651,
        "val_mae": 0.016601886600255966,
        "val_afmae": 0.03490104153752327
    }
}