{
  "completed_epoch": 1000,
  "min_loss": 0.012931409291923046,
  "min_val_loss": 0.012353900820016861,
  "current_epoch": 1000,
  "model_name": "RNN",
  "training_alive": false,
  "timestamp": "20260415185606.2",
  "best_weights_file": "projects/07_RNN/RNNu16d40_e1k_puremae_r15/data\\RNNu16d40_e1k_puremae_r15_best_weights.h5",
  "best_val_weights_file": "projects/07_RNN/RNNu16d40_e1k_puremae_r15/data\\RNNu16d40_e1k_puremae_r15_best_val_weights.h5",
  "loss": 0.013629100285470486,
  "val_loss": 0.014029163867235184,
  "mae": 0.0,
  "afmae": 1.5951303243637085,
  "val_mae": 0.0,
  "val_afmae": 1.5962697267532349,
  "val_power_log_loss": 0.0,
  "power_log_loss": 0.0,
  "lr": 0.003000000026077032,
  "elapsed_time": 13782.596938610077,
  "remaining_time": 0.0,
  "expected_finish_time": "2026-04-15 18:55:41",
  "smoothed_speed": 283.2220178583786
}