{
  "completed_epoch": 1000,
  "min_loss": 0.027447501197457314,
  "min_val_loss": 0.0282980315387249,
  "current_epoch": 1000,
  "model_name": "FRIKAN",
  "training_alive": false,
  "timestamp": "20260424112507.9",
  "best_weights_file": "projects/09_HPARAM_SENSITIVITY/FRIKANh8u6l6g5s2_e1k_lr7e4_axisG/data\\FRIKANh8u6l6g5s2_e1k_lr7e4_axisG_best_weights.h5",
  "best_val_weights_file": "projects/09_HPARAM_SENSITIVITY/FRIKANh8u6l6g5s2_e1k_lr7e4_axisG/data\\FRIKANh8u6l6g5s2_e1k_lr7e4_axisG_best_val_weights.h5",
  "loss": 0.027710966765880585,
  "val_loss": 0.02839520387351513,
  "mae": 0.0,
  "afmae": 2.0712196826934814,
  "val_mae": 0.0,
  "val_afmae": 2.0645220279693604,
  "val_power_log_loss": 0.05528412386775017,
  "power_log_loss": 0.05322866886854172,
  "lr": 0.00014000000373926014,
  "elapsed_time": 2265.3751409053802,
  "remaining_time": 0.0,
  "expected_finish_time": "2026-04-24 11:25:07",
  "smoothed_speed": 1702.441478484354
}