{
    "total_epochs": 1000,
    "min_loss": 0.027448,
    "params@min_loss": {
        "epoch": 997,
        "val_loss": 0.028298,
        "mae": 0.0,
        "val_mae": 0.0,
        "power_log_loss": 0.051918,
        "val_power_log_loss": 0.054734
    },
    "min_val_loss": 0.028298,
    "params@min_val_loss": {
        "epoch": 997,
        "val_loss": 0.028298,
        "mae": 0.0,
        "val_mae": 0.0,
        "power_log_loss": 0.051918,
        "val_power_log_loss": 0.054734
    },
    "min_mae": 0.0,
    "params@min_mae": {
        "epoch": 1,
        "val_loss": 1.9219,
        "mae": 0.0,
        "val_mae": 0.0,
        "power_log_loss": 2.061,
        "val_power_log_loss": 2.0398
    },
    "min_val_mae": 0.0,
    "params@min_val_mae": {
        "epoch": 1,
        "val_loss": 1.9219,
        "mae": 0.0,
        "val_mae": 0.0,
        "power_log_loss": 2.061,
        "val_power_log_loss": 2.0398
    },
    "min_power_log_loss": 0.051918,
    "params@min_power_log_loss": {
        "epoch": 997,
        "val_loss": 0.028298,
        "mae": 0.0,
        "val_mae": 0.0,
        "power_log_loss": 0.051918,
        "val_power_log_loss": 0.054734
    },
    "min_val_power_log_loss": 0.054734,
    "params@min_val_power_log_loss": {
        "epoch": 997,
        "val_loss": 0.028298,
        "mae": 0.0,
        "val_mae": 0.0,
        "power_log_loss": 0.051918,
        "val_power_log_loss": 0.054734
    },
    "learning_rate_max": 0.00014,
    "learning_rate_min": 0.00014,
    "learning_rate_mean": 0.00013999999999999996,
    "evaluation_metrics": {
        "weights_source": "best_val",
        "train_loss": 0.0271889790892601,
        "val_loss": 0.0282980315387249,
        "train_mae": 0.019477233290672302,
        "train_afmae": 0.05011341720819473,
        "val_mae": 0.019895726814866066,
        "val_afmae": 0.05473394691944122
    }
}