{
  "timestamp": "2025-07-13T20:43:16.411711",
  "plot_name": "layer_4_bias_rms_comparison",
  "plot_type": "layer_bias_rms_comparison",
  "data": {
    "channels": [
      0,
      1,
      2,
      3,
      4,
      5
    ],
    "baseline_bias_errors": [
      2.497185149607692e-05,
      0.0045534610774210504,
      2.504803093239093e-05,
      2.503477847664708e-05,
      0.0034869086343436995,
      0.0024899563172791628
    ],
    "compensated_bias_errors": [
      2.496980557518839e-05,
      4.836784844264308e-05,
      2.5041756627496472e-05,
      2.5030888549767275e-05,
      0.0017175261915066686,
      0.0021620665667105854
    ],
    "baseline_rms_error": 0.021616241366429263,
    "compensated_rms_error": 0.022216746708082512,
    "baseline_mean": 0.001767563448324838,
    "compensated_mean": 0.0006671671762353915,
    "bias_improvement_percent": 62.254980047947825,
    "rms_improvement_percent": -2.7780284808711158
  },
  "metadata": {
    "layer": 4,
    "layer_name": "Layer_4",
    "channel_count": 6,
    "units": "mixed_bias_rms_errors"
  }
}