{
  "project_name": "FRIKANh8u6l6_e2k_lr7e4",
  "generated_at": "2026-04-09T23:48:48.648745+08:00",
  "status": "complete",
  "sources": {
    "training_info": true,
    "compute_analysis": true,
    "model_info": true,
    "linear_response": true
  },
  "missing_sources": [],
  "missing_sections": [],
  "epochs": 2000,
  "min_loss": 0.022198,
  "min_val_loss": 0.023674,
  "train_loss": 0.021989041939377785,
  "val_loss": 0.023674463853240013,
  "train_mae": 0.020512092858552933,
  "train_afmae": 0.031555503606796265,
  "val_mae": 0.021048180758953094,
  "val_afmae": 0.03916060924530029,
  "weights_source": null,
  "freq_drift_hz": 32.0,
  "sens_drift_percent": 28.406648430578862,
  "linearity_percent": 28.61930548068755,
  "compute_cost": 1710.0,
  "total_params": 2569,
  "display_metrics": {
    "TRAIN_MAE": 0.020512092858552933,
    "TRAIN_AFMAE": 0.031555503606796265,
    "VAL_MAE": 0.021048180758953094,
    "VAL_AFMAE": 0.03916060924530029,
    "Freq Drift (Hz)": 32.0,
    "Sens Drift (%)": 28.406648430578862,
    "Linearity (%)": 28.61930548068755,
    "Compute Cost": 1710.0,
    "Total Params": 2569,
    "Epochs": 2000
  }
}