{
  "project_name": "FRIKANh8u6l6_e2k_lr7e4",
  "generated_at": "2026-04-13T10:12:08.631188+08:00",
  "status": "complete",
  "calculation_standard": "ablation-study-v1",
  "sources": {
    "training_info": true,
    "compute_analysis": true,
    "model_info": true,
    "linear_response": true,
    "linearity_by_frequency": true,
    "config": true
  },
  "missing_sources": [],
  "missing_sections": [],
  "epochs": 2000,
  "min_loss": 0.022198,
  "min_val_loss": 0.023674,
  "train_loss": 0.021989041939377785,
  "val_loss": 0.023674463853240013,
  "train_mae": 0.020512092858552933,
  "train_afmae": 0.031555503606796265,
  "val_mae": 0.021048180758953094,
  "val_afmae": 0.03916060924530029,
  "weights_source": null,
  "freq_drift_hz": 3.415457576529775,
  "sens_drift_percent": 14.184848531783075,
  "linearity_percent": 0.6222877436160084,
  "compute_cost": 1710.0,
  "total_params": 2569,
  "lr": 0.0007,
  "use_cosine_annealing": false,
  "metric_details": {
    "natural_frequency_drift": {
      "min": 30.751664661333034,
      "max": 36.769625800537796,
      "median": 33.35416822400802,
      "count": 25,
      "unit": "Hz",
      "method": "max(|max-median|, |median-min|) from fn_comped",
      "drift": 3.415457576529775
    },
    "sensitivity_drift": {
      "min": 46.76392847134109,
      "max": 69.7343880582418,
      "median": 60.948777003124164,
      "count": 25,
      "unit": "%",
      "method": "max(|max-median|, |median-min|) from interpolated sensitivity",
      "drift": 14.184848531783075,
      "frequency_hz": 100.0
    },
    "linearity": {
      "mean": 0.6222877436160084,
      "max": 1.792705505357084,
      "min": 0.09751048646222671,
      "count": 14,
      "unit": "%",
      "method": "mean(1 - R^2) across frequency points"
    },
    "natural_frequency_drift_origin": {
      "min": 34.24511188160566,
      "max": 93.39109038646993,
      "median": 58.89345106524416,
      "count": 25,
      "unit": "Hz",
      "method": "max(|max-median|, |median-min|) from fn_origin",
      "drift": 34.49763932122577
    },
    "sensitivity_drift_origin": {
      "min": 60.001934754356135,
      "max": 203.37127543336493,
      "median": 144.5628340451216,
      "count": 25,
      "unit": "%",
      "method": "max(|max-median|, |median-min|) from interpolated origin sensitivity",
      "drift": 84.56089929076546,
      "frequency_hz": 100.0
    },
    "linearity_origin": {
      "mean": 2.5499568401843997,
      "max": 6.418887454843169,
      "min": 0.359242046082775,
      "count": 14,
      "unit": "%",
      "method": "mean(1 - R^2) across frequency points"
    }
  },
  "compute_details": {
    "total_params": 2569,
    "additions": 266,
    "multiplications": 40,
    "maps": 234,
    "total_ops": 540,
    "weighted_total": 1710.0,
    "weighted_additions": 266.0,
    "weighted_multiplications": 40.0,
    "weighted_maps": 1404.0
  },
  "compute_cost_status": "complete",
  "compute_has_unsupported_layers": false,
  "compute_unsupported_layer_count": 0,
  "compute_unsupported_layers": [],
  "compute_unsupported_layer_details": [],
  "compute_cost_warning": null,
  "loss_function": "MAE+AFMAE",
  "loss_function_key": "power_log_mae",
  "loss_function_source": "config.use_power_loss",
  "display_metrics": {
    "Loss Function": "MAE+AFMAE",
    "TRAIN_MAE": 0.020512092858552933,
    "TRAIN_AFMAE": 0.031555503606796265,
    "VAL_MAE": 0.021048180758953094,
    "VAL_AFMAE": 0.03916060924530029,
    "Freq Drift (Hz)": 3.415457576529775,
    "Sens Drift (%)": 14.184848531783075,
    "Linearity (%)": 0.6222877436160084,
    "Compute Cost": 1710.0,
    "Total Params": 2569,
    "Epochs": 2000,
    "LR": 0.0007,
    "Cosine Annealing": false
  }
}