{
  "completed_epoch": 2000,
  "min_loss": 0.022198257967829704,
  "min_val_loss": 0.023674463853240013,
  "current_epoch": 2000,
  "model_name": "FRIKAN",
  "training_alive": false,
  "timestamp": "20260404151934.7",
  "best_weights_file": "projects/01_LR_STUDY/FRIKANh8u6l6_e2k_lr7e4/data\\FRIKANh8u6l6_e2k_lr7e4_best_weights.h5",
  "best_val_weights_file": "projects/01_LR_STUDY/FRIKANh8u6l6_e2k_lr7e4/data\\FRIKANh8u6l6_e2k_lr7e4_best_val_weights.h5",
  "loss": 0.024092981591820717,
  "val_loss": 0.02467126026749611,
  "mae": 0.0,
  "afmae": 2.058079242706299,
  "val_mae": 0.0,
  "val_afmae": 2.0511698722839355,
  "val_power_log_loss": 0.0423012301325798,
  "power_log_loss": 0.04102390632033348,
  "lr": 0.00014000000373926014,
  "elapsed_time": 4049.451590538025,
  "remaining_time": 2.002581165678219,
  "expected_finish_time": "2026-04-04 13:16:12",
  "smoothed_speed": 1797.6799451126267
}