{
  "project_name": "FRIKANh8u6l6_e1k_lr5e4_randiir_frozen",
  "generated_at": "2026-04-19T10:41:27.699474+08:00",
  "status": "complete",
  "calculation_standard": "ablation-study-v1",
  "sources": {
    "training_info": true,
    "compute_analysis": true,
    "model_info": true,
    "linear_response": true,
    "linearity_by_frequency": true,
    "config": true
  },
  "missing_sources": [],
  "missing_sections": [],
  "epochs": 1000,
  "min_loss": 0.1115,
  "min_val_loss": 0.11399,
  "train_loss": 0.11124758422374725,
  "val_loss": 0.11399252712726593,
  "train_mae": 0.23536567389965057,
  "train_afmae": 0.03333134576678276,
  "val_mae": 0.23528285324573517,
  "val_afmae": 0.04543917626142502,
  "weights_source": "best_val",
  "freq_drift_hz": 5.373933122692623,
  "sens_drift_percent": 22.278412115780085,
  "linearity_percent": 2.3257838557498127,
  "compute_cost": 1710.0,
  "total_params": 2569,
  "lr": 0.0005,
  "use_cosine_annealing": false,
  "metric_details": {
    "natural_frequency_drift": {
      "min": 20.471737454773958,
      "max": 28.1794676644676,
      "median": 22.80553454177498,
      "count": 25,
      "unit": "Hz",
      "method": "max(|max-median|, |median-min|) from fn_comped",
      "drift": 5.373933122692623
    },
    "sensitivity_drift": {
      "min": 3.631331458763256,
      "max": 36.07266924855249,
      "median": 25.90974357454334,
      "count": 25,
      "unit": "%",
      "method": "max(|max-median|, |median-min|) from interpolated sensitivity",
      "drift": 22.278412115780085,
      "frequency_hz": 100.0
    },
    "linearity": {
      "mean": 2.3257838557498127,
      "max": 12.96188439539183,
      "min": 0.1274991922295743,
      "count": 14,
      "unit": "%",
      "method": "mean(1 - R^2) across frequency points"
    },
    "natural_frequency_drift_origin": {
      "min": 34.24511188160566,
      "max": 93.39109038646993,
      "median": 58.89345106524416,
      "count": 25,
      "unit": "Hz",
      "method": "max(|max-median|, |median-min|) from fn_origin",
      "drift": 34.49763932122577
    },
    "sensitivity_drift_origin": {
      "min": 60.001934754356135,
      "max": 203.37127543336493,
      "median": 144.5628340451216,
      "count": 25,
      "unit": "%",
      "method": "max(|max-median|, |median-min|) from interpolated origin sensitivity",
      "drift": 84.56089929076546,
      "frequency_hz": 100.0
    },
    "linearity_origin": {
      "mean": 2.5499568401843997,
      "max": 6.418887454843169,
      "min": 0.359242046082775,
      "count": 14,
      "unit": "%",
      "method": "mean(1 - R^2) across frequency points"
    }
  },
  "compute_details": {
    "total_params": 2569,
    "additions": 266,
    "multiplications": 40,
    "maps": 234,
    "total_ops": 540,
    "weighted_total": 1710.0,
    "weighted_additions": 266.0,
    "weighted_multiplications": 40.0,
    "weighted_maps": 1404.0
  },
  "compute_cost_status": "complete",
  "compute_has_unsupported_layers": false,
  "compute_unsupported_layer_count": 0,
  "compute_unsupported_layers": [],
  "compute_unsupported_layer_details": [],
  "compute_cost_warning": null,
  "loss_function": "MAE+AFMAE",
  "loss_function_key": "power_log_mae",
  "loss_function_source": "config.use_power_loss",
  "display_metrics": {
    "Loss Function": "MAE+AFMAE",
    "TRAIN_MAE": 0.23536567389965057,
    "TRAIN_AFMAE": 0.03333134576678276,
    "VAL_MAE": 0.23528285324573517,
    "VAL_AFMAE": 0.04543917626142502,
    "Freq Drift (Hz)": 5.373933122692623,
    "Sens Drift (%)": 22.278412115780085,
    "Linearity (%)": 2.3257838557498127,
    "Compute Cost": 1710.0,
    "Total Params": 2569,
    "Epochs": 1000,
    "LR": 0.0005,
    "Cosine Annealing": false
  }
}