{
  "completed_epoch": 1000,
  "min_loss": 0.11149639636278152,
  "min_val_loss": 0.11399252712726593,
  "current_epoch": 1000,
  "model_name": "FRIKAN",
  "training_alive": false,
  "timestamp": "20260419104108.9",
  "best_weights_file": "projects/08_IIR_AB/FRIKANh8u6l6_e1k_lr5e4_randiir_frozen/data\\FRIKANh8u6l6_e1k_lr5e4_randiir_frozen_best_weights.h5",
  "best_val_weights_file": "projects/08_IIR_AB/FRIKANh8u6l6_e1k_lr5e4_randiir_frozen/data\\FRIKANh8u6l6_e1k_lr5e4_randiir_frozen_best_val_weights.h5",
  "loss": 0.11251574009656906,
  "val_loss": 0.11452795565128326,
  "mae": 0.0,
  "afmae": 1.8308587074279785,
  "val_mae": 0.0,
  "val_afmae": 1.8183283805847168,
  "val_power_log_loss": 0.046433351933956146,
  "power_log_loss": 0.03803271800279617,
  "lr": 9.999999747378752e-05,
  "elapsed_time": 2296.4987342357635,
  "remaining_time": 0.0,
  "expected_finish_time": "2026-04-19 10:40:50",
  "smoothed_speed": 1605.2428897788634
}