{
  "project_name": "FRIMLPh8u6l6_e1k_lr1e3_mlp20l6_tanh_d00",
  "generated_at": "2026-04-11T03:34:08.759197+08:00",
  "status": "complete",
  "calculation_standard": "ablation-study-v1",
  "sources": {
    "training_info": true,
    "compute_analysis": true,
    "model_info": true,
    "linear_response": true,
    "linearity_by_frequency": true,
    "config": true
  },
  "missing_sources": [],
  "missing_sections": [],
  "epochs": 1000,
  "min_loss": 0.030106,
  "min_val_loss": 0.030054,
  "train_loss": 0.029586901888251305,
  "val_loss": 0.03005446493625641,
  "train_mae": 0.022859226912260056,
  "train_afmae": 0.06480183452367783,
  "val_mae": 0.023197071626782417,
  "val_afmae": 0.06634193658828735,
  "weights_source": "best_val",
  "freq_drift_hz": 5.299324078128983,
  "sens_drift_percent": 10.907288486205303,
  "linearity_percent": 1.079322447074452,
  "compute_cost": 5152.0,
  "total_params": 2493,
  "lr": 0.001,
  "use_cosine_annealing": false,
  "metric_details": {
    "natural_frequency_drift": {
      "min": 31.37887255756492,
      "max": 38.22352349208459,
      "median": 32.924199413955606,
      "count": 25,
      "unit": "Hz",
      "method": "max(|max-median|, |median-min|) from fn_comped",
      "drift": 5.299324078128983
    },
    "sensitivity_drift": {
      "min": 52.386614614074524,
      "max": 72.25854762081205,
      "median": 63.29390310027983,
      "count": 25,
      "unit": "%",
      "method": "max(|max-median|, |median-min|) from interpolated sensitivity",
      "drift": 10.907288486205303,
      "frequency_hz": 100.0
    },
    "linearity": {
      "mean": 1.079322447074452,
      "max": 2.3337883767006296,
      "min": 0.2089350199275919,
      "count": 14,
      "unit": "%",
      "method": "mean(1 - R^2) across frequency points"
    },
    "natural_frequency_drift_origin": {
      "min": 34.24511188160566,
      "max": 93.39109038646993,
      "median": 58.89345106524416,
      "count": 25,
      "unit": "Hz",
      "method": "max(|max-median|, |median-min|) from fn_origin",
      "drift": 34.49763932122577
    },
    "sensitivity_drift_origin": {
      "min": 60.001934754356135,
      "max": 203.37127543336493,
      "median": 144.5628340451216,
      "count": 25,
      "unit": "%",
      "method": "max(|max-median|, |median-min|) from interpolated origin sensitivity",
      "drift": 84.56089929076546,
      "frequency_hz": 100.0
    },
    "linearity_origin": {
      "mean": 2.5499568401843997,
      "max": 6.418887454843169,
      "min": 0.359242046082775,
      "count": 14,
      "unit": "%",
      "method": "mean(1 - R^2) across frequency points"
    }
  },
  "compute_details": {
    "total_params": 2493,
    "additions": 2212,
    "multiplications": 2220,
    "maps": 120,
    "total_ops": 4552,
    "weighted_total": 5152.0,
    "weighted_additions": 2212.0,
    "weighted_multiplications": 2220.0,
    "weighted_maps": 720.0
  },
  "compute_cost_status": "complete",
  "compute_has_unsupported_layers": false,
  "compute_unsupported_layer_count": 0,
  "compute_unsupported_layers": [],
  "compute_unsupported_layer_details": [],
  "compute_cost_warning": null,
  "display_metrics": {
    "TRAIN_MAE": 0.022859226912260056,
    "TRAIN_AFMAE": 0.06480183452367783,
    "VAL_MAE": 0.023197071626782417,
    "VAL_AFMAE": 0.06634193658828735,
    "Freq Drift (Hz)": 5.299324078128983,
    "Sens Drift (%)": 10.907288486205303,
    "Linearity (%)": 1.079322447074452,
    "Compute Cost": 5152.0,
    "Total Params": 2493,
    "Epochs": 1000,
    "LR": 0.001,
    "Cosine Annealing": false
  }
}