{
  "completed_epoch": 1000,
  "min_loss": 0.03010576032102108,
  "min_val_loss": 0.03005446307361126,
  "current_epoch": 1000,
  "model_name": "FRIMLP",
  "training_alive": false,
  "timestamp": "20260411033335.2",
  "best_weights_file": "projects/04_FRIMLP/FRIMLPh8u6l6_e1k_lr1e3_mlp20l6_tanh_d00/data\\FRIMLPh8u6l6_e1k_lr1e3_mlp20l6_tanh_d00_best_weights.h5",
  "best_val_weights_file": "projects/04_FRIMLP/FRIMLPh8u6l6_e1k_lr1e3_mlp20l6_tanh_d00/data\\FRIMLPh8u6l6_e1k_lr1e3_mlp20l6_tanh_d00_best_val_weights.h5",
  "loss": 0.030214261263608932,
  "val_loss": 0.03006146103143692,
  "mae": 0.0,
  "afmae": 0.4286015033721924,
  "val_mae": 0.0,
  "val_afmae": 0.4288857579231262,
  "val_power_log_loss": 0.06645329296588898,
  "power_log_loss": 0.06749903410673141,
  "lr": 0.00019999999494757503,
  "elapsed_time": 157.52127313613892,
  "remaining_time": 0.0,
  "expected_finish_time": "2026-04-11 03:32:57",
  "smoothed_speed": 34231.299044759224
}