{
    "total_epochs": 1000,
    "min_loss": 0.030106,
    "params@min_loss": {
        "epoch": 995,
        "val_loss": 0.03013,
        "mae": 0.0,
        "val_mae": 0.0,
        "power_log_loss": 0.066984,
        "val_power_log_loss": 0.066659
    },
    "min_val_loss": 0.030054,
    "params@min_val_loss": {
        "epoch": 999,
        "val_loss": 0.030054,
        "mae": 0.0,
        "val_mae": 0.0,
        "power_log_loss": 0.067373,
        "val_power_log_loss": 0.066342
    },
    "min_mae": 0.0,
    "params@min_mae": {
        "epoch": 1,
        "val_loss": 0.086064,
        "mae": 0.0,
        "val_mae": 0.0,
        "power_log_loss": 0.33682,
        "val_power_log_loss": 0.2661
    },
    "min_val_mae": 0.0,
    "params@min_val_mae": {
        "epoch": 1,
        "val_loss": 0.086064,
        "mae": 0.0,
        "val_mae": 0.0,
        "power_log_loss": 0.33682,
        "val_power_log_loss": 0.2661
    },
    "min_power_log_loss": 0.066855,
    "params@min_power_log_loss": {
        "epoch": 855,
        "val_loss": 0.03103,
        "mae": 0.0,
        "val_mae": 0.0,
        "power_log_loss": 0.066855,
        "val_power_log_loss": 0.070538
    },
    "min_val_power_log_loss": 0.066342,
    "params@min_val_power_log_loss": {
        "epoch": 999,
        "val_loss": 0.030054,
        "mae": 0.0,
        "val_mae": 0.0,
        "power_log_loss": 0.067373,
        "val_power_log_loss": 0.066342
    },
    "learning_rate_max": 0.0002,
    "learning_rate_min": 0.0002,
    "learning_rate_mean": 0.00020000000000000006,
    "evaluation_metrics": {
        "weights_source": "best_val",
        "train_loss": 0.029586901888251305,
        "val_loss": 0.03005446493625641,
        "train_mae": 0.022859226912260056,
        "train_afmae": 0.06480183452367783,
        "val_mae": 0.023197071626782417,
        "val_afmae": 0.06634193658828735
    }
}