{
  "project_name": "FRIKANh8u6l6_4",
  "generated_at": "2026-04-09T23:46:48.798936+08:00",
  "status": "complete",
  "sources": {
    "training_info": true,
    "compute_analysis": true,
    "model_info": true,
    "linear_response": true
  },
  "missing_sources": [],
  "missing_sections": [],
  "epochs": 30000,
  "min_loss": 0.011346,
  "min_val_loss": 0.014868,
  "train_loss": 0.012115173041820526,
  "val_loss": 0.014905599877238274,
  "train_mae": 0.013345646671950817,
  "train_afmae": 0.012667795643210411,
  "val_mae": 0.013755260035395622,
  "val_afmae": 0.026227544993162155,
  "weights_source": null,
  "freq_drift_hz": 32.0,
  "sens_drift_percent": 27.121834520285738,
  "linearity_percent": 26.826450108404543,
  "compute_cost": 1710.0,
  "total_params": 2569,
  "display_metrics": {
    "TRAIN_MAE": 0.013345646671950817,
    "TRAIN_AFMAE": 0.012667795643210411,
    "VAL_MAE": 0.013755260035395622,
    "VAL_AFMAE": 0.026227544993162155,
    "Freq Drift (Hz)": 32.0,
    "Sens Drift (%)": 27.121834520285738,
    "Linearity (%)": 26.826450108404543,
    "Compute Cost": 1710.0,
    "Total Params": 2569,
    "Epochs": 30000
  }
}