{
  "project_name": "FRIKANh8u6l6_4",
  "generated_at": "2026-04-10T12:56:22.571990+08:00",
  "status": "complete",
  "calculation_standard": "ablation-study-v1",
  "sources": {
    "training_info": true,
    "compute_analysis": true,
    "model_info": true,
    "linear_response": true,
    "linearity_by_frequency": true,
    "config": true
  },
  "missing_sources": [],
  "missing_sections": [],
  "epochs": 30000,
  "min_loss": 0.011346,
  "min_val_loss": 0.014868,
  "train_loss": 0.012115173041820526,
  "val_loss": 0.014905599877238274,
  "train_mae": 0.013345646671950817,
  "train_afmae": 0.012667795643210411,
  "val_mae": 0.013755260035395622,
  "val_afmae": 0.026227544993162155,
  "weights_source": null,
  "freq_drift_hz": 1.1454381426975146,
  "sens_drift_percent": 7.120075384394212,
  "linearity_percent": 0.49960246214082615,
  "compute_cost": 1710.0,
  "total_params": 2569,
  "lr": 0.01,
  "use_cosine_annealing": true,
  "metric_details": {
    "natural_frequency_drift": {
      "min": 32.87051405345456,
      "max": 35.10731121419292,
      "median": 34.01595219615208,
      "count": 25,
      "unit": "Hz",
      "method": "max(|max-median|, |median-min|) from fn_comped",
      "drift": 1.1454381426975146
    },
    "sensitivity_drift": {
      "min": 59.50222350236981,
      "max": 70.48179950415573,
      "median": 63.36172411976152,
      "count": 25,
      "unit": "%",
      "method": "max(|max-median|, |median-min|) from interpolated sensitivity",
      "drift": 7.120075384394212,
      "frequency_hz": 100.0
    },
    "linearity": {
      "mean": 0.49960246214082615,
      "max": 1.5491621033223657,
      "min": 0.07477191237785785,
      "count": 14,
      "unit": "%",
      "method": "mean(1 - R^2) across frequency points"
    },
    "natural_frequency_drift_origin": {
      "min": 34.24511188160566,
      "max": 93.39109038646993,
      "median": 58.89345106524416,
      "count": 25,
      "unit": "Hz",
      "method": "max(|max-median|, |median-min|) from fn_origin",
      "drift": 34.49763932122577
    },
    "sensitivity_drift_origin": {
      "min": 60.001934754356135,
      "max": 203.37127543336493,
      "median": 144.5628340451216,
      "count": 25,
      "unit": "%",
      "method": "max(|max-median|, |median-min|) from interpolated origin sensitivity",
      "drift": 84.56089929076546,
      "frequency_hz": 100.0
    },
    "linearity_origin": {
      "mean": 2.5499568401843997,
      "max": 6.418887454843169,
      "min": 0.359242046082775,
      "count": 14,
      "unit": "%",
      "method": "mean(1 - R^2) across frequency points"
    }
  },
  "compute_details": {
    "total_params": 2569,
    "additions": 266,
    "multiplications": 40,
    "maps": 234,
    "total_ops": 540,
    "weighted_total": 1710.0,
    "weighted_additions": 266.0,
    "weighted_multiplications": 40.0,
    "weighted_maps": 1404.0
  },
  "display_metrics": {
    "TRAIN_MAE": 0.013345646671950817,
    "TRAIN_AFMAE": 0.012667795643210411,
    "VAL_MAE": 0.013755260035395622,
    "VAL_AFMAE": 0.026227544993162155,
    "Freq Drift (Hz)": 1.1454381426975146,
    "Sens Drift (%)": 7.120075384394212,
    "Linearity (%)": 0.49960246214082615,
    "Compute Cost": 1710.0,
    "Total Params": 2569,
    "Epochs": 30000,
    "LR": 0.01,
    "Cosine Annealing": true
  }
}