{
    "inference_config": {
        "bias_compensation": {
            "enabled": true,
            "layer_bias_adjustments": {
                "1": [0.005323, 0.002278, 0.005201, 0.014258, 0.003152, 0.003255],
                "2": [0.002181, 0.001301, 0.000932, 0.007533, 0.000669, 0.001903],
                "3": [0.007174, 0.000358, -0.001310, -0.003717, 0.000912, 0.000241],
                "4": [0.000025, 0.002515, 0.000025, 0.000025, -0.000785, 0.002807]
            }
        }
    },
    "use_model": "WaveNet5",
    "dataset_type": "AliasSimu",
    "model_subcfg": {
        "init_center_freqs": [10, 80],
        "init_quality_factors": [1.0, 1.0],
        "post_dense": true,
        "post_dense_activation": "relu",
        "post_dense_units": 6,
        "post_dense_layers": 3
    },
    "learning_rate": 0.02,
    "epoch_train": 30000,
    "step_per_epoch": 1,
    "auto_lr_decay_steps": 1000,
    "use_predict_features": true
}