{
  "completed_epoch": 550,
  "min_loss": 0.011260873638093472,
  "min_val_loss": 0.010772990994155407,
  "current_epoch": 550,
  "model_name": "RNN",
  "training_alive": true,
  "timestamp": "20260414204811.4",
  "best_weights_file": "projects/07_RNN/RNNr24d16_e1k_puremae_r15/data\\RNNr24d16_e1k_puremae_r15_best_weights.h5",
  "best_val_weights_file": "projects/07_RNN/RNNr24d16_e1k_puremae_r15/data\\RNNr24d16_e1k_puremae_r15_best_val_weights.h5",
  "loss": 0.012789159081876278,
  "val_loss": 0.014168097637593746,
  "mae": 0.0,
  "afmae": 0.7932961583137512,
  "val_mae": 0.0,
  "val_afmae": 0.7943914532661438,
  "val_power_log_loss": 0.0,
  "power_log_loss": 0.0,
  "lr": 0.003000000026077032,
  "elapsed_time": 7274.570089817047,
  "remaining_time": 5804.318729551642,
  "expected_finish_time": "2026-04-14 19:30:43",
  "smoothed_speed": 279.10252270469954
}