{
  "project_name": "1DCNNc4u8k20l8_e1k_lr18e4_pd8l1_d0012_cvtanh_true",
  "generated_at": "2026-04-13T19:21:48.183873+08:00",
  "status": "complete",
  "calculation_standard": "ablation-study-v1",
  "sources": {
    "training_info": true,
    "compute_analysis": true,
    "model_info": true,
    "linear_response": true,
    "linearity_by_frequency": true,
    "config": true
  },
  "missing_sources": [],
  "missing_sections": [],
  "epochs": 1000,
  "min_loss": 0.014458,
  "min_val_loss": 0.013796,
  "train_loss": 0.01394469290971756,
  "val_loss": 0.013795550912618637,
  "train_mae": 0.01394469290971756,
  "train_afmae": 0.14735758304595947,
  "val_mae": 0.013795550912618637,
  "val_afmae": 0.1471564769744873,
  "weights_source": "best_val",
  "freq_drift_hz": 8.541861042445259,
  "sens_drift_percent": 31.88131406736079,
  "linearity_percent": 1.6987400670461839,
  "compute_cost": 1704.0,
  "total_params": 813,
  "lr": 0.0018,
  "use_cosine_annealing": false,
  "metric_details": {
    "natural_frequency_drift": {
      "min": 26.617050416581005,
      "max": 37.688956230062914,
      "median": 35.158911459026264,
      "count": 25,
      "unit": "Hz",
      "method": "max(|max-median|, |median-min|) from fn_comped",
      "drift": 8.541861042445259
    },
    "sensitivity_drift": {
      "min": 32.76710436723617,
      "max": 73.20048778717312,
      "median": 64.64841843459696,
      "count": 25,
      "unit": "%",
      "method": "max(|max-median|, |median-min|) from interpolated sensitivity",
      "drift": 31.88131406736079,
      "frequency_hz": 100.0
    },
    "linearity": {
      "mean": 1.6987400670461839,
      "max": 4.598321712100873,
      "min": 0.3458657052912928,
      "count": 14,
      "unit": "%",
      "method": "mean(1 - R^2) across frequency points"
    },
    "natural_frequency_drift_origin": {
      "min": 34.24511188160566,
      "max": 93.39109038646993,
      "median": 58.89345106524416,
      "count": 25,
      "unit": "Hz",
      "method": "max(|max-median|, |median-min|) from fn_origin",
      "drift": 34.49763932122577
    },
    "sensitivity_drift_origin": {
      "min": 60.001934754356135,
      "max": 203.37127543336493,
      "median": 144.5628340451216,
      "count": 25,
      "unit": "%",
      "method": "max(|max-median|, |median-min|) from interpolated origin sensitivity",
      "drift": 84.56089929076546,
      "frequency_hz": 100.0
    },
    "linearity_origin": {
      "mean": 2.5499568401843997,
      "max": 6.418887454843169,
      "min": 0.359242046082775,
      "count": 14,
      "unit": "%",
      "method": "mean(1 - R^2) across frequency points"
    }
  },
  "compute_details": {
    "total_params": 813,
    "additions": 792,
    "multiplications": 792,
    "maps": 20,
    "total_ops": 1604,
    "weighted_total": 1704.0,
    "weighted_additions": 792.0,
    "weighted_multiplications": 792.0,
    "weighted_maps": 120.0
  },
  "compute_cost_status": "complete",
  "compute_has_unsupported_layers": false,
  "compute_unsupported_layer_count": 0,
  "compute_unsupported_layers": [],
  "compute_unsupported_layer_details": [],
  "compute_cost_warning": null,
  "loss_function": "MAE",
  "loss_function_key": "mae",
  "loss_function_source": "config.use_power_loss",
  "display_metrics": {
    "Loss Function": "MAE",
    "TRAIN_MAE": 0.01394469290971756,
    "TRAIN_AFMAE": 0.14735758304595947,
    "VAL_MAE": 0.013795550912618637,
    "VAL_AFMAE": 0.1471564769744873,
    "Freq Drift (Hz)": 8.541861042445259,
    "Sens Drift (%)": 31.88131406736079,
    "Linearity (%)": 1.6987400670461839,
    "Compute Cost": 1704.0,
    "Total Params": 813,
    "Epochs": 1000,
    "LR": 0.0018,
    "Cosine Annealing": false
  }
}