{
  "completed_epoch": 1000,
  "min_loss": 0.014467678032815456,
  "min_val_loss": 0.013795551843941212,
  "current_epoch": 1000,
  "model_name": "1DCNN",
  "training_alive": false,
  "timestamp": "20260413192141.2",
  "best_weights_file": "projects/05_1DCNN/1DCNNc4u8k20l8_e1k_lr18e4_pd8l1_d0012_cvtanh_true/data\\1DCNNc4u8k20l8_e1k_lr18e4_pd8l1_d0012_cvtanh_true_best_weights.h5",
  "best_val_weights_file": "projects/05_1DCNN/1DCNNc4u8k20l8_e1k_lr18e4_pd8l1_d0012_cvtanh_true/data\\1DCNNc4u8k20l8_e1k_lr18e4_pd8l1_d0012_cvtanh_true_best_val_weights.h5",
  "loss": 0.014458300545811653,
  "val_loss": 0.014178566634654999,
  "mae": 0.0,
  "afmae": 0.39494189620018005,
  "val_mae": 0.0,
  "val_afmae": 0.3947092890739441,
  "val_power_log_loss": 0.0,
  "power_log_loss": 0.0,
  "lr": 0.003599999938160181,
  "elapsed_time": 107.49526953697205,
  "remaining_time": 0.0,
  "expected_finish_time": "2026-04-13 19:21:31",
  "smoothed_speed": 50826.340170894575
}