{
  "project_name": "FRIKANh8u6l6_e1k_lr3e4_nopositive",
  "generated_at": "2026-04-19T01:28:23.327414+08:00",
  "status": "complete",
  "calculation_standard": "ablation-study-v1",
  "sources": {
    "training_info": true,
    "compute_analysis": true,
    "model_info": true,
    "linear_response": true,
    "linearity_by_frequency": true,
    "config": true
  },
  "missing_sources": [],
  "missing_sections": [],
  "epochs": 1000,
  "min_loss": 0.20235,
  "min_val_loss": 0.20446,
  "train_loss": 0.2017442137002945,
  "val_loss": 0.2044580578804016,
  "train_mae": 0.1509980410337448,
  "train_afmae": 0.5783013701438904,
  "val_mae": 0.15153102576732635,
  "val_afmae": 0.5924999713897705,
  "weights_source": "best_val",
  "freq_drift_hz": 352662.5075801133,
  "sens_drift_percent": 45.903746880621476,
  "linearity_percent": 43.71941558353644,
  "compute_cost": 1710.0,
  "total_params": 2569,
  "lr": 0.0003,
  "use_cosine_annealing": false,
  "metric_details": {
    "natural_frequency_drift": {
      "min": 48.17727491305859,
      "max": 352786.8069131305,
      "median": 124.29933301719758,
      "count": 25,
      "unit": "Hz",
      "method": "max(|max-median|, |median-min|) from fn_comped",
      "drift": 352662.5075801133
    },
    "sensitivity_drift": {
      "min": 4.950589419180524,
      "max": 70.42471789135047,
      "median": 24.520971010728992,
      "count": 25,
      "unit": "%",
      "method": "max(|max-median|, |median-min|) from interpolated sensitivity",
      "drift": 45.903746880621476,
      "frequency_hz": 100.0
    },
    "linearity": {
      "mean": 43.71941558353644,
      "max": 81.74904166008339,
      "min": 3.322272719032926,
      "count": 14,
      "unit": "%",
      "method": "mean(1 - R^2) across frequency points"
    },
    "natural_frequency_drift_origin": {
      "min": 34.24511188160566,
      "max": 93.39109038646993,
      "median": 58.89345106524416,
      "count": 25,
      "unit": "Hz",
      "method": "max(|max-median|, |median-min|) from fn_origin",
      "drift": 34.49763932122577
    },
    "sensitivity_drift_origin": {
      "min": 60.001934754356135,
      "max": 203.37127543336493,
      "median": 144.5628340451216,
      "count": 25,
      "unit": "%",
      "method": "max(|max-median|, |median-min|) from interpolated origin sensitivity",
      "drift": 84.56089929076546,
      "frequency_hz": 100.0
    },
    "linearity_origin": {
      "mean": 2.5499568401843997,
      "max": 6.418887454843169,
      "min": 0.359242046082775,
      "count": 14,
      "unit": "%",
      "method": "mean(1 - R^2) across frequency points"
    }
  },
  "compute_details": {
    "total_params": 2569,
    "additions": 266,
    "multiplications": 40,
    "maps": 234,
    "total_ops": 540,
    "weighted_total": 1710.0,
    "weighted_additions": 266.0,
    "weighted_multiplications": 40.0,
    "weighted_maps": 1404.0
  },
  "compute_cost_status": "complete",
  "compute_has_unsupported_layers": false,
  "compute_unsupported_layer_count": 0,
  "compute_unsupported_layers": [],
  "compute_unsupported_layer_details": [],
  "compute_cost_warning": null,
  "loss_function": "MAE+AFMAE",
  "loss_function_key": "power_log_mae",
  "loss_function_source": "config.use_power_loss",
  "display_metrics": {
    "Loss Function": "MAE+AFMAE",
    "TRAIN_MAE": 0.1509980410337448,
    "TRAIN_AFMAE": 0.5783013701438904,
    "VAL_MAE": 0.15153102576732635,
    "VAL_AFMAE": 0.5924999713897705,
    "Freq Drift (Hz)": 352662.5075801133,
    "Sens Drift (%)": 45.903746880621476,
    "Linearity (%)": 43.71941558353644,
    "Compute Cost": 1710.0,
    "Total Params": 2569,
    "Epochs": 1000,
    "LR": 0.0003,
    "Cosine Annealing": false
  }
}