{
  "completed_epoch": 1000,
  "min_loss": 0.2023499608039856,
  "min_val_loss": 0.2044580727815628,
  "current_epoch": 1000,
  "model_name": "FRIKAN",
  "training_alive": false,
  "timestamp": "20260419012805.9",
  "best_weights_file": "projects/01_LR_STUDY/FRIKANh8u6l6_e1k_lr3e4_nopositive/data\\FRIKANh8u6l6_e1k_lr3e4_nopositive_best_weights.h5",
  "best_val_weights_file": "projects/01_LR_STUDY/FRIKANh8u6l6_e1k_lr3e4_nopositive/data\\FRIKANh8u6l6_e1k_lr3e4_nopositive_best_val_weights.h5",
  "loss": 0.20502790808677673,
  "val_loss": 0.2072279155254364,
  "mae": 0.0,
  "afmae": 1.2668589353561401,
  "val_mae": 0.0,
  "val_afmae": 1.269338607788086,
  "val_power_log_loss": 0.6022921800613403,
  "power_log_loss": 0.5869059562683105,
  "lr": 5.999999848427251e-05,
  "elapsed_time": 2132.022736787796,
  "remaining_time": 0.0,
  "expected_finish_time": "2026-04-19 01:27:48",
  "smoothed_speed": 1775.9614945867881
}