{
  "project_name": "LSTMu16_e1k_lr7e6_puremae_r8_r24",
  "generated_at": "2026-04-28T03:58:41.226853+08:00",
  "status": "complete",
  "calculation_standard": "ablation-study-v4-bounded-fit-freq-inband-linearity",
  "sources": {
    "training_info": true,
    "compute_analysis": true,
    "model_info": true,
    "linear_response": true,
    "linearity_by_frequency": true,
    "config": true,
    "board_inference_config": true,
    "board_inference_qemu": true,
    "board_inference_keil": true
  },
  "missing_sources": [],
  "missing_sections": [],
  "epochs": 1000,
  "min_loss": 0.021577,
  "min_val_loss": 0.022001,
  "train_loss": 0.021564964205026627,
  "val_loss": 0.022000739350914955,
  "train_mae": 0.021564964205026627,
  "train_afmae": 0.17907261848449707,
  "val_mae": 0.022000739350914955,
  "val_afmae": 0.17921841144561768,
  "weights_source": "best_val",
  "freq_drift_hz": 10.500744057362766,
  "freq_drift_band_min_hz": 10.0,
  "freq_drift_band_max_hz": 128.0,
  "freq_drift_source_frequency_points_hz": [
    10.0,
    13.0,
    16.0,
    20.0,
    25.0,
    32.0,
    40.0,
    50.0,
    64.0,
    80.0,
    100.0,
    128.0
  ],
  "freq_drift_interpolation_points": null,
  "sens_drift_percent": 29.68732861765054,
  "linearity_percent": 2.0434334374393672,
  "linearity_band_max_hz": 128.0,
  "linearity_frequency_count": 12,
  "linearity_frequency_points_hz": [
    10.0,
    13.0,
    16.0,
    20.0,
    25.0,
    32.0,
    40.0,
    50.0,
    64.0,
    80.0,
    100.0,
    128.0
  ],
  "compute_cost": 7520.0,
  "total_params": 1441,
  "lr": 7e-06,
  "use_cosine_annealing": false,
  "metric_details": {
    "natural_frequency_drift": {
      "min": 24.759204192503898,
      "max": 43.8493079054387,
      "median": 33.34856384807593,
      "count": 25,
      "unit": "Hz",
      "method": "max(|max-median|, |median-min|) from band-limited fitted center frequency (comped)",
      "drift": 10.500744057362766,
      "band_min_hz": 10.0,
      "band_max_hz": 128.0,
      "source_frequency_points_hz": [
        10.0,
        13.0,
        16.0,
        20.0,
        25.0,
        32.0,
        40.0,
        50.0,
        64.0,
        80.0,
        100.0,
        128.0
      ],
      "fit_param_key": "fit_params_comped"
    },
    "sensitivity_drift": {
      "min": 28.92466671496504,
      "max": 81.8687903451333,
      "median": 58.61199533261558,
      "count": 25,
      "unit": "%",
      "method": "max(|max-median|, |median-min|) from interpolated sensitivity",
      "drift": 29.68732861765054,
      "frequency_hz": 100.0
    },
    "linearity": {
      "mean": 2.0434334374393672,
      "max": 4.018110634844508,
      "min": 0.3695268442327593,
      "count": 12,
      "unit": "%",
      "method": "mean(1 - R^2) across in-band frequency points",
      "band_max_hz": 128.0,
      "frequencies_hz": [
        10.0,
        13.0,
        16.0,
        20.0,
        25.0,
        32.0,
        40.0,
        50.0,
        64.0,
        80.0,
        100.0,
        128.0
      ]
    },
    "natural_frequency_drift_origin": {
      "min": 34.24511188160566,
      "max": 93.39109038646993,
      "median": 58.89345106524416,
      "count": 25,
      "unit": "Hz",
      "method": "max(|max-median|, |median-min|) from band-limited fitted center frequency (origin)",
      "drift": 34.49763932122577,
      "band_min_hz": 10.0,
      "band_max_hz": 128.0,
      "source_frequency_points_hz": [
        10.0,
        13.0,
        16.0,
        20.0,
        25.0,
        32.0,
        40.0,
        50.0,
        64.0,
        80.0,
        100.0,
        128.0
      ],
      "fit_param_key": "fit_params_origin"
    },
    "sensitivity_drift_origin": {
      "min": 60.001934754356135,
      "max": 203.37127543336493,
      "median": 144.5628340451216,
      "count": 25,
      "unit": "%",
      "method": "max(|max-median|, |median-min|) from interpolated origin sensitivity",
      "drift": 84.56089929076546,
      "frequency_hz": 100.0
    },
    "linearity_origin": {
      "mean": 2.0043849708252406,
      "max": 4.375669781001812,
      "min": 0.359242046082775,
      "count": 12,
      "unit": "%",
      "method": "mean(1 - R^2) across in-band frequency points",
      "band_max_hz": 128.0,
      "frequencies_hz": [
        10.0,
        13.0,
        16.0,
        20.0,
        25.0,
        32.0,
        40.0,
        50.0,
        64.0,
        80.0,
        100.0,
        128.0
      ]
    }
  },
  "compute_details": {
    "total_params": 1441,
    "additions": 1376,
    "multiplications": 1408,
    "maps": 96,
    "total_ops": 2880,
    "weighted_total": 7520.0,
    "weighted_additions": 1376.0,
    "weighted_multiplications": 4224.0,
    "weighted_maps": 1920.0
  },
  "compute_cost_status": "complete",
  "compute_has_unsupported_layers": false,
  "compute_unsupported_layer_count": 0,
  "compute_unsupported_layers": [],
  "compute_unsupported_layer_details": [],
  "compute_cost_warning": null,
  "loss_function": "MAE",
  "loss_function_key": "mae",
  "loss_function_source": "config.use_power_loss",
  "board_inference_ep_path": "ex_projects/inference/qemu-c-inference/lstm_u16_e1k_puremae_r8",
  "board_qemu_mae": 0.05070218251205572,
  "board_keil_mae": 0.05070218251205572,
  "board_keil_speed": 0.7011225,
  "board_keil_fps": 1426.2842798512386,
  "board_inference": {
    "configured": true,
    "ep_path": "ex_projects/inference/qemu-c-inference/lstm_u16_e1k_puremae_r8",
    "project_dir": "ex_projects/inference/qemu-c-inference/lstm_u16_e1k_puremae_r8",
    "qemu_summary_path": "ex_projects/inference/qemu-c-inference/lstm_u16_e1k_puremae_r8/data/benchmark_summary.json",
    "keil_summary_path": "ex_projects/inference/qemu-c-inference/lstm_u16_e1k_puremae_r8/data/keil_benchmark_summary.json",
    "qemu_summary_exists": true,
    "keil_summary_exists": true,
    "qemu_mae": 0.05070218251205572,
    "keil_mae": 0.05070218251205572,
    "keil_wall_time_per_iter_ms": 280.449,
    "keil_point_count_per_iter": 400,
    "keil_speed_ms_per_point": 0.7011225,
    "keil_speed_unit": "ms/point",
    "keil_speed_points_per_second": 1426.2842798512386,
    "keil_speed_display_unit": "points/s",
    "published_optimization_profile": null,
    "keil_optimization_profiles": [],
    "missing_sources": [],
    "missing_sections": []
  },
  "display_metrics": {
    "Loss Function": "MAE",
    "TRAIN_MAE": 0.021564964205026627,
    "TRAIN_AFMAE": 0.17907261848449707,
    "VAL_MAE": 0.022000739350914955,
    "VAL_AFMAE": 0.17921841144561768,
    "Freq Drift (Hz)": 10.500744057362766,
    "Sens Drift (%)": 29.68732861765054,
    "Linearity (%)": 2.0434334374393672,
    "Compute Cost": 7520.0,
    "Total Params": 1441,
    "Epochs": 1000,
    "LR": 7e-06,
    "Cosine Annealing": false,
    "QEMU-MAE": 0.05070218251205572,
    "KEIL-MAE": 0.05070218251205572,
    "KEIL-SPEED": 0.7011225,
    "KEIL-FPS": 1426.2842798512386
  }
}