{
  "completed_epoch": 1000,
  "min_loss": 0.02159523032605648,
  "min_val_loss": 0.02201799862086773,
  "current_epoch": 1000,
  "model_name": "LSTM",
  "training_alive": false,
  "timestamp": "20260428035817.2",
  "best_weights_file": "projects/01_LR_STUDY/LSTMu16_e1k_lr7e6_puremae_r8_r24/data\\LSTMu16_e1k_lr7e6_puremae_r8_r24_best_weights.h5",
  "best_val_weights_file": "projects/01_LR_STUDY/LSTMu16_e1k_lr7e6_puremae_r8_r24/data\\LSTMu16_e1k_lr7e6_puremae_r8_r24_best_val_weights.h5",
  "loss": 0.02157737873494625,
  "val_loss": 0.022000739350914955,
  "mae": 0.0,
  "afmae": 2.024425506591797,
  "val_mae": 0.0,
  "val_afmae": 2.024428367614746,
  "val_power_log_loss": 0.0,
  "power_log_loss": 0.0,
  "lr": 1.4000000192027073e-05,
  "elapsed_time": 2072.1768963336945,
  "remaining_time": 0.0,
  "expected_finish_time": "2026-04-28 03:58:17",
  "smoothed_speed": 1809.7018211536688
}