{
  "completed_epoch": 96,
  "min_loss": 0.1126125231385231,
  "min_val_loss": 0.11533544212579727,
  "current_epoch": 96,
  "model_name": "CNNKAN",
  "training_alive": false,
  "timestamp": "20260406123138.0",
  "best_weights_file": "projects/01_LR_STUDY/CNNKANh8u6l6_e1k_lr30e5_c8k5d03/data\\CNNKANh8u6l6_e1k_lr30e5_c8k5d03_best_weights.h5",
  "best_val_weights_file": "projects/01_LR_STUDY/CNNKANh8u6l6_e1k_lr30e5_c8k5d03/data\\CNNKANh8u6l6_e1k_lr30e5_c8k5d03_best_val_weights.h5",
  "loss": 0.11369747668504715,
  "val_loss": 0.11791764199733734,
  "mae": 0.0,
  "afmae": 1.7968463897705078,
  "val_mae": 0.0,
  "val_afmae": 1.7852146625518799,
  "val_power_log_loss": 0.07371830195188522,
  "power_log_loss": 0.0734788104891777,
  "lr": 5.999999848427251e-05,
  "elapsed_time": 268.1012818813324,
  "remaining_time": 2486.083880020473,
  "expected_finish_time": "2026-04-06 13:13:04",
  "smoothed_speed": 1310.4948011541633
}