{
  "project_name": "FRIKANh8u6l6_e1k_lr7e4_r2",
  "generated_at": "2026-04-13T10:12:08.595281+08:00",
  "status": "complete",
  "calculation_standard": "ablation-study-v1",
  "sources": {
    "training_info": true,
    "compute_analysis": true,
    "model_info": true,
    "linear_response": true,
    "linearity_by_frequency": true,
    "config": true
  },
  "missing_sources": [],
  "missing_sections": [],
  "epochs": 1000,
  "min_loss": 0.026441,
  "min_val_loss": 0.027964,
  "train_loss": 0.02589559555053711,
  "val_loss": 0.0279643964022398,
  "train_mae": 0.027769887819886208,
  "train_afmae": 0.032462991774082184,
  "val_mae": 0.028290286660194397,
  "val_afmae": 0.04191663861274719,
  "weights_source": null,
  "freq_drift_hz": 2.668734183681565,
  "sens_drift_percent": 13.295202374078904,
  "linearity_percent": 0.9994788730825923,
  "compute_cost": 1710.0,
  "total_params": 2569,
  "lr": 0.0007,
  "use_cosine_annealing": false,
  "metric_details": {
    "natural_frequency_drift": {
      "min": 30.78619320457668,
      "max": 35.72565946988942,
      "median": 33.05692528620786,
      "count": 25,
      "unit": "Hz",
      "method": "max(|max-median|, |median-min|) from fn_comped",
      "drift": 2.668734183681565
    },
    "sensitivity_drift": {
      "min": 45.887237921687046,
      "max": 70.34911738192737,
      "median": 57.05391500784847,
      "count": 25,
      "unit": "%",
      "method": "max(|max-median|, |median-min|) from interpolated sensitivity",
      "drift": 13.295202374078904,
      "frequency_hz": 100.0
    },
    "linearity": {
      "mean": 0.9994788730825923,
      "max": 3.9564374605987163,
      "min": 0.10562228105985838,
      "count": 14,
      "unit": "%",
      "method": "mean(1 - R^2) across frequency points"
    },
    "natural_frequency_drift_origin": {
      "min": 34.24511188160566,
      "max": 93.39109038646993,
      "median": 58.89345106524416,
      "count": 25,
      "unit": "Hz",
      "method": "max(|max-median|, |median-min|) from fn_origin",
      "drift": 34.49763932122577
    },
    "sensitivity_drift_origin": {
      "min": 60.001934754356135,
      "max": 203.37127543336493,
      "median": 144.5628340451216,
      "count": 25,
      "unit": "%",
      "method": "max(|max-median|, |median-min|) from interpolated origin sensitivity",
      "drift": 84.56089929076546,
      "frequency_hz": 100.0
    },
    "linearity_origin": {
      "mean": 2.5499568401843997,
      "max": 6.418887454843169,
      "min": 0.359242046082775,
      "count": 14,
      "unit": "%",
      "method": "mean(1 - R^2) across frequency points"
    }
  },
  "compute_details": {
    "total_params": 2569,
    "additions": 266,
    "multiplications": 40,
    "maps": 234,
    "total_ops": 540,
    "weighted_total": 1710.0,
    "weighted_additions": 266.0,
    "weighted_multiplications": 40.0,
    "weighted_maps": 1404.0
  },
  "compute_cost_status": "complete",
  "compute_has_unsupported_layers": false,
  "compute_unsupported_layer_count": 0,
  "compute_unsupported_layers": [],
  "compute_unsupported_layer_details": [],
  "compute_cost_warning": null,
  "loss_function": "MAE+AFMAE",
  "loss_function_key": "power_log_mae",
  "loss_function_source": "config.use_power_loss",
  "display_metrics": {
    "Loss Function": "MAE+AFMAE",
    "TRAIN_MAE": 0.027769887819886208,
    "TRAIN_AFMAE": 0.032462991774082184,
    "VAL_MAE": 0.028290286660194397,
    "VAL_AFMAE": 0.04191663861274719,
    "Freq Drift (Hz)": 2.668734183681565,
    "Sens Drift (%)": 13.295202374078904,
    "Linearity (%)": 0.9994788730825923,
    "Compute Cost": 1710.0,
    "Total Params": 2569,
    "Epochs": 1000,
    "LR": 0.0007,
    "Cosine Annealing": false
  }
}