{
  "completed_epoch": 1000,
  "min_loss": 0.026441190391778946,
  "min_val_loss": 0.0279643964022398,
  "current_epoch": 1000,
  "model_name": "FRIKAN",
  "training_alive": false,
  "timestamp": "20260404184848.9",
  "best_weights_file": "projects/01_LR_STUDY/FRIKANh8u6l6_e1k_lr7e4_r2/data\\FRIKANh8u6l6_e1k_lr7e4_r2_best_weights.h5",
  "best_val_weights_file": "projects/01_LR_STUDY/FRIKANh8u6l6_e1k_lr7e4_r2/data\\FRIKANh8u6l6_e1k_lr7e4_r2_best_val_weights.h5",
  "loss": 0.027912287041544914,
  "val_loss": 0.0287800133228302,
  "mae": 0.0,
  "afmae": 2.1013636589050293,
  "val_mae": 0.0,
  "val_afmae": 2.09452223777771,
  "val_power_log_loss": 0.04678215831518173,
  "power_log_loss": 0.039271000772714615,
  "lr": 0.00014000000373926014,
  "elapsed_time": 2050.987067222595,
  "remaining_time": 2.013020006100673,
  "expected_finish_time": "2026-04-04 17:10:40",
  "smoothed_speed": 1788.3577853621991
}