{
  "project_name": "WNET5q0.5h2u8l8",
  "timestamp": "2025-07-07 20:14:53",
  "layer_analysis": [
    {
      "layer_index": 1,
      "mean_error": -0.0001887382532004267,
      "std_error": 0.009764059446752071,
      "rms_error": 0.009765882976353168,
      "max_error": 0.0319310761988163,
      "num_samples": 1000,
      "error_shape": [
        1000
      ]
    }
  ]
}