{
  "completed_epoch": 2,
  "min_loss": 2.083986759185791,
  "min_val_loss": 2.197946548461914,
  "current_epoch": 2,
  "model_name": "FRIKAN",
  "training_alive": false,
  "timestamp": "20260420205746.5",
  "best_weights_file": "projects/08_IIR_AB/FRIKANh8u6l6_e1k_lr1e4_randiir_trainable_trueiir_rawfast_mb56_simoiirprobe_20260420/data\\FRIKANh8u6l6_e1k_lr1e4_randiir_trainable_trueiir_rawfast_mb56_simoiirprobe_20260420_best_weights.h5",
  "best_val_weights_file": "projects/08_IIR_AB/FRIKANh8u6l6_e1k_lr1e4_randiir_trainable_trueiir_rawfast_mb56_simoiirprobe_20260420/data\\FRIKANh8u6l6_e1k_lr1e4_randiir_trainable_trueiir_rawfast_mb56_simoiirprobe_20260420_best_val_weights.h5",
  "loss": 2.0621776580810547,
  "val_loss": 2.173588752746582,
  "mae": 0.0,
  "afmae": 2.124906063079834,
  "val_mae": 0.0,
  "val_afmae": 2.1188347339630127,
  "val_power_log_loss": 2.080726385116577,
  "power_log_loss": 2.0777392387390137,
  "lr": 1.9999999494757503e-05,
  "elapsed_time": 551.5185489654541,
  "remaining_time": 280176.43296954274,
  "expected_finish_time": "2026-04-24 02:47:23",
  "smoothed_speed": 12.823348352038458
}