{
    "total_epochs": 40000,
    "min_loss": 0.002027,
    "params@min_loss": {
        "epoch": 39971,
        "val_loss": 0.0023043,
        "power_log_loss": 0.001725,
        "val_power_log_loss": 0.0029909
    },
    "min_val_loss": 0.0022871,
    "params@min_val_loss": {
        "epoch": 39499,
        "val_loss": 0.0022871,
        "power_log_loss": 0.0018453,
        "val_power_log_loss": 0.0029395
    },
    "min_power_log_loss": 0.0017232,
    "params@min_power_log_loss": {
        "epoch": 39991,
        "val_loss": 0.0023038,
        "power_log_loss": 0.0017232,
        "val_power_log_loss": 0.0029877
    },
    "min_val_power_log_loss": 0.0029395,
    "params@min_val_power_log_loss": {
        "epoch": 39499,
        "val_loss": 0.0022871,
        "power_log_loss": 0.0018453,
        "val_power_log_loss": 0.0029395
    },
    "learning_rate_max": 0.015,
    "learning_rate_min": 9.6916e-06,
    "learning_rate_mean": 0.00293599720944
}