{
  "completed_epoch": 30000,
  "min_loss": 0.002873418154194951,
  "min_val_loss": 0.003115045838057995,
  "current_epoch": 0,
  "model_name": "WaveNet5",
  "training_alive": false,
  "timestamp": "20250705225425.8",
  "best_weights_file": "projects/WNET5_RealAlias_E01/data\\WNET5_RealAlias_E01_best_weights.h5",
  "best_val_weights_file": "projects/WNET5_RealAlias_E01/data\\WNET5_RealAlias_E01_best_val_weights.h5",
  "loss": 0.002873430959880352,
  "val_loss": 0.0031235555652529,
  "val_power_log_loss": 0.0032269724179059267,
  "power_log_loss": 0.0021753511391580105,
  "lr": 8.478225936414674e-06,
  "elapsed_time": 5954.9689292907715,
  "remaining_time": 0.20258572411601394,
  "expected_finish_time": "2025-07-05 22:54:25",
  "smoothed_speed": 17770.255114019794
}