{
    "lut_points": [
        10,
        50,
        100,
        200,
        300,
        400,
        500,
        600,
        700,
        800,
        900,
        1000
    ],
    "mae_interp": [
        0.11746640071463717,
        0.02632624757935165,
        0.013405556566653196,
        0.007366359753827281,
        0.005337168549004875,
        0.004317594084420883,
        0.0037031094111220513,
        0.0032937892515594014,
        0.0030007686672314797,
        0.0027816471000532976,
        0.002610711368131903,
        0.002473757560007735
    ],
    "mae_nointerp": [
        0.3567337450033132,
        0.075493654059499,
        0.05724544496258986,
        0.031892888647556586,
        0.02172768165163637,
        0.01650488071871238,
        0.013765036469446159,
        0.011769009968049231,
        0.010279044777087689,
        0.009129506986387335,
        0.008114743433677555,
        0.007612021452604466
    ],
    "flash_bytes": [
        102608,
        149456,
        208232,
        325424,
        442384,
        559424,
        676232,
        793424,
        910424,
        1027416,
        1144432,
        1261424
    ]
}