{
  "completed_epoch": 0,
  "min_loss": 1.4176722764968872,
  "min_val_loss": 1.4602608680725098,
  "current_epoch": 0,
  "model_name": "FRIKAN",
  "training_alive": false,
  "timestamp": "20260424154114.8",
  "best_weights_file": "projects/09_HPARAM_SENSITIVITY/FRIKANh8u6l7g8s2_e1k_lr7e4_axisL/data\\FRIKANh8u6l7g8s2_e1k_lr7e4_axisL_best_weights.h5",
  "best_val_weights_file": "projects/09_HPARAM_SENSITIVITY/FRIKANh8u6l7g8s2_e1k_lr7e4_axisL/data\\FRIKANh8u6l7g8s2_e1k_lr7e4_axisL_best_val_weights.h5",
  "loss": 1.4176722764968872,
  "val_loss": 1.4602608680725098,
  "mae": 0.309419184923172,
  "afmae": 1.8082082271575928,
  "val_mae": 0.3070847988128662,
  "val_afmae": 1.7953366041183472
}