{
  "completed_epoch": 1000,
  "min_loss": 0.022939622402191162,
  "min_val_loss": 0.024121737107634544,
  "current_epoch": 1000,
  "model_name": "FRIKAN",
  "training_alive": false,
  "timestamp": "20260424181749.2",
  "best_weights_file": "projects/09_HPARAM_SENSITIVITY/FRIKANh8u6l7g8s2_e1k_lr7e4_axisL/data\\FRIKANh8u6l7g8s2_e1k_lr7e4_axisL_best_weights.h5",
  "best_val_weights_file": "projects/09_HPARAM_SENSITIVITY/FRIKANh8u6l7g8s2_e1k_lr7e4_axisL/data\\FRIKANh8u6l7g8s2_e1k_lr7e4_axisL_best_val_weights.h5",
  "loss": 0.022933628410100937,
  "val_loss": 0.024693908169865608,
  "mae": 0.0,
  "afmae": 2.1017115116119385,
  "val_mae": 0.0,
  "val_afmae": 2.09489369392395,
  "val_power_log_loss": 0.04149981215596199,
  "power_log_loss": 0.03225075453519821,
  "lr": 0.00014000000373926014,
  "elapsed_time": 1167.2791829109192,
  "remaining_time": 0.0,
  "expected_finish_time": "2026-04-24 18:17:49",
  "smoothed_speed": 3158.1340656435204
}