{
  "completed_epoch": 298,
  "min_loss": 0.37470272183418274,
  "min_val_loss": 0.38220468163490295,
  "current_epoch": 298,
  "model_name": "FRIKAN",
  "training_alive": true,
  "timestamp": "20260421123517.4",
  "best_weights_file": "projects/08_IIR_AB/FRIKANh8u6l6_e1k_lr1e4_randiir_trainable_trueiir_rawfast_mb60_simoiir/data\\FRIKANh8u6l6_e1k_lr1e4_randiir_trainable_trueiir_rawfast_mb60_simoiir_best_weights.h5",
  "best_val_weights_file": "projects/08_IIR_AB/FRIKANh8u6l6_e1k_lr1e4_randiir_trainable_trueiir_rawfast_mb60_simoiir/data\\FRIKANh8u6l6_e1k_lr1e4_randiir_trainable_trueiir_rawfast_mb60_simoiir_best_val_weights.h5",
  "loss": 0.37312060594558716,
  "val_loss": 0.3812199532985687,
  "mae": 0.0,
  "afmae": 0.9018733501434326,
  "val_mae": 0.0,
  "val_afmae": 0.9126375317573547,
  "val_power_log_loss": 0.7273908257484436,
  "power_log_loss": 0.7687559127807617,
  "lr": 1.9999999494757503e-05,
  "elapsed_time": 10379.82344198227,
  "remaining_time": 120717.66653563888,
  "expected_finish_time": "2026-04-22 22:07:15",
  "smoothed_speed": 20.9347982985896
}