{
  "completed_epoch": 305,
  "min_loss": 0.36705487966537476,
  "min_val_loss": 0.37513911724090576,
  "current_epoch": 305,
  "model_name": "FRIKAN",
  "training_alive": true,
  "timestamp": "20260421125957.6",
  "best_weights_file": "projects/08_IIR_AB/FRIKANh8u6l6_e1k_lr1e4_randiir_trainable_trueiir_rawfast_mb60_simoiir/data\\FRIKANh8u6l6_e1k_lr1e4_randiir_trainable_trueiir_rawfast_mb60_simoiir_best_weights.h5",
  "best_val_weights_file": "projects/08_IIR_AB/FRIKANh8u6l6_e1k_lr1e4_randiir_trainable_trueiir_rawfast_mb60_simoiir/data\\FRIKANh8u6l6_e1k_lr1e4_randiir_trainable_trueiir_rawfast_mb60_simoiir_best_val_weights.h5",
  "loss": 0.36604100465774536,
  "val_loss": 0.3741402328014374,
  "mae": 0.0,
  "afmae": 0.9018733501434326,
  "val_mae": 0.0,
  "val_afmae": 0.9126375317573547,
  "val_power_log_loss": 0.7105701565742493,
  "power_log_loss": 0.7526524662971497,
  "lr": 1.9999999494757503e-05,
  "elapsed_time": 11860.044680595398,
  "remaining_time": 126321.3126045887,
  "expected_finish_time": "2026-04-23 00:05:18",
  "smoothed_speed": 19.806633959162273
}