{
  "completed_epoch": 306,
  "min_loss": 0.36604100465774536,
  "min_val_loss": 0.3741402328014374,
  "current_epoch": 306,
  "model_name": "FRIKAN",
  "training_alive": true,
  "timestamp": "20260421130313.4",
  "best_weights_file": "projects/08_IIR_AB/FRIKANh8u6l6_e1k_lr1e4_randiir_trainable_trueiir_rawfast_mb60_simoiir/data\\FRIKANh8u6l6_e1k_lr1e4_randiir_trainable_trueiir_rawfast_mb60_simoiir_best_weights.h5",
  "best_val_weights_file": "projects/08_IIR_AB/FRIKANh8u6l6_e1k_lr1e4_randiir_trainable_trueiir_rawfast_mb60_simoiir/data\\FRIKANh8u6l6_e1k_lr1e4_randiir_trainable_trueiir_rawfast_mb60_simoiir_best_val_weights.h5",
  "loss": 0.36510202288627625,
  "val_loss": 0.3731812536716461,
  "mae": 0.0,
  "afmae": 0.9018733501434326,
  "val_mae": 0.0,
  "val_afmae": 0.9126375317573547,
  "val_power_log_loss": 0.7085444331169128,
  "power_log_loss": 0.7503798007965088,
  "lr": 1.9999999494757503e-05,
  "elapsed_time": 12055.856942415237,
  "remaining_time": 126588.96258368412,
  "expected_finish_time": "2026-04-23 00:13:02",
  "smoothed_speed": 19.736317835359333
}