{
  "project_name": "TCNc4d1248k3_nopd_true_e1k_lr2e3_d005",
  "generated_at": "2026-04-13T17:33:40.847738+08:00",
  "status": "complete",
  "calculation_standard": "ablation-study-v1",
  "sources": {
    "training_info": true,
    "compute_analysis": true,
    "model_info": true,
    "linear_response": true,
    "linearity_by_frequency": true,
    "config": true
  },
  "missing_sources": [],
  "missing_sections": [],
  "epochs": 1000,
  "min_loss": 0.015339,
  "min_val_loss": 0.025487,
  "train_loss": 0.025542182847857475,
  "val_loss": 0.02548728883266449,
  "train_mae": 0.025542182847857475,
  "train_afmae": 0.24962757527828217,
  "val_mae": 0.02548728883266449,
  "val_afmae": 0.24761344492435455,
  "weights_source": "best_val",
  "freq_drift_hz": 11.711789910961002,
  "sens_drift_percent": 34.178568210399966,
  "linearity_percent": 0.9910224776616674,
  "compute_cost": 3904.0,
  "total_params": 1697,
  "lr": 0.002,
  "use_cosine_annealing": false,
  "metric_details": {
    "natural_frequency_drift": {
      "min": 21.896837701780015,
      "max": 37.01059490645483,
      "median": 33.60862761274102,
      "count": 25,
      "unit": "Hz",
      "method": "max(|max-median|, |median-min|) from fn_comped",
      "drift": 11.711789910961002
    },
    "sensitivity_drift": {
      "min": 14.86020613573138,
      "max": 57.593881594999466,
      "median": 49.03877434613135,
      "count": 25,
      "unit": "%",
      "method": "max(|max-median|, |median-min|) from interpolated sensitivity",
      "drift": 34.178568210399966,
      "frequency_hz": 100.0
    },
    "linearity": {
      "mean": 0.9910224776616674,
      "max": 4.729717477041939,
      "min": 0.20257683595671372,
      "count": 14,
      "unit": "%",
      "method": "mean(1 - R^2) across frequency points"
    },
    "natural_frequency_drift_origin": {
      "min": 34.24511188160566,
      "max": 93.39109038646993,
      "median": 58.89345106524416,
      "count": 25,
      "unit": "Hz",
      "method": "max(|max-median|, |median-min|) from fn_origin",
      "drift": 34.49763932122577
    },
    "sensitivity_drift_origin": {
      "min": 60.001934754356135,
      "max": 203.37127543336493,
      "median": 144.5628340451216,
      "count": 25,
      "unit": "%",
      "method": "max(|max-median|, |median-min|) from interpolated origin sensitivity",
      "drift": 84.56089929076546,
      "frequency_hz": 100.0
    },
    "linearity_origin": {
      "mean": 2.5499568401843997,
      "max": 6.418887454843169,
      "min": 0.359242046082775,
      "count": 14,
      "unit": "%",
      "method": "mean(1 - R^2) across frequency points"
    }
  },
  "compute_details": {
    "total_params": 1697,
    "additions": 1616,
    "multiplications": 1616,
    "maps": 112,
    "total_ops": 3344,
    "weighted_total": 3904.0,
    "weighted_additions": 1616.0,
    "weighted_multiplications": 1616.0,
    "weighted_maps": 672.0
  },
  "compute_cost_status": "complete",
  "compute_has_unsupported_layers": false,
  "compute_unsupported_layer_count": 0,
  "compute_unsupported_layers": [],
  "compute_unsupported_layer_details": [],
  "compute_cost_warning": null,
  "loss_function": "MAE",
  "loss_function_key": "mae",
  "loss_function_source": "config.use_power_loss",
  "display_metrics": {
    "Loss Function": "MAE",
    "TRAIN_MAE": 0.025542182847857475,
    "TRAIN_AFMAE": 0.24962757527828217,
    "VAL_MAE": 0.02548728883266449,
    "VAL_AFMAE": 0.24761344492435455,
    "Freq Drift (Hz)": 11.711789910961002,
    "Sens Drift (%)": 34.178568210399966,
    "Linearity (%)": 0.9910224776616674,
    "Compute Cost": 3904.0,
    "Total Params": 1697,
    "Epochs": 1000,
    "LR": 0.002,
    "Cosine Annealing": false
  }
}