{
  "completed_epoch": 1000,
  "min_loss": 0.01533933263272047,
  "min_val_loss": 0.025487292557954788,
  "current_epoch": 1000,
  "model_name": "TCN",
  "training_alive": false,
  "timestamp": "20260413173334.1",
  "best_weights_file": "projects/06_TCN/TCNc4d1248k3_nopd_true_e1k_lr2e3_d005/data\\TCNc4d1248k3_nopd_true_e1k_lr2e3_d005_best_weights.h5",
  "best_val_weights_file": "projects/06_TCN/TCNc4d1248k3_nopd_true_e1k_lr2e3_d005/data\\TCNc4d1248k3_nopd_true_e1k_lr2e3_d005_best_val_weights.h5",
  "loss": 0.016074782237410545,
  "val_loss": 0.04132489487528801,
  "mae": 0.0,
  "afmae": 4.654192924499512,
  "val_mae": 0.0,
  "val_afmae": 4.653702735900879,
  "val_power_log_loss": 0.0,
  "power_log_loss": 0.0,
  "lr": 0.004000000189989805,
  "elapsed_time": 224.37436151504517,
  "remaining_time": 0.0,
  "expected_finish_time": "2026-04-13 17:33:25",
  "smoothed_speed": 18623.289010035576
}