{
  "project_name": "LSTMTransformeru6_e1k_1",
  "generated_at": "2026-04-21T23:25:11.186303+08:00",
  "status": "complete",
  "calculation_standard": "ablation-study-v1",
  "sources": {
    "training_info": true,
    "compute_analysis": true,
    "model_info": true,
    "linear_response": true,
    "linearity_by_frequency": true,
    "config": true,
    "board_inference_config": false,
    "board_inference_qemu": false,
    "board_inference_keil": false
  },
  "missing_sources": [],
  "missing_sections": [],
  "epochs": 1000,
  "min_loss": 0.01892,
  "min_val_loss": 0.016535,
  "train_loss": 0.016216689720749855,
  "val_loss": 0.016534550115466118,
  "train_mae": 0.015853973105549812,
  "train_afmae": 0.029704513028264046,
  "val_mae": 0.0157772284001112,
  "val_afmae": 0.03150922432541847,
  "weights_source": "best_val",
  "freq_drift_hz": 2.5425041445612635,
  "sens_drift_percent": 5.332293116398937,
  "linearity_percent": 0.6575119248186093,
  "compute_cost": 4488.0,
  "total_params": 1261,
  "lr": 0.01,
  "use_cosine_annealing": false,
  "metric_details": {
    "natural_frequency_drift": {
      "min": 32.671157853743395,
      "max": 36.68999274633997,
      "median": 34.147488601778704,
      "count": 25,
      "unit": "Hz",
      "method": "max(|max-median|, |median-min|) from fn_comped",
      "drift": 2.5425041445612635
    },
    "sensitivity_drift": {
      "min": 58.02440045977363,
      "max": 66.96520293157191,
      "median": 63.35669357617257,
      "count": 25,
      "unit": "%",
      "method": "max(|max-median|, |median-min|) from interpolated sensitivity",
      "drift": 5.332293116398937,
      "frequency_hz": 100.0
    },
    "linearity": {
      "mean": 0.6575119248186093,
      "max": 2.2913518285001877,
      "min": 0.1421278413829774,
      "count": 14,
      "unit": "%",
      "method": "mean(1 - R^2) across frequency points"
    },
    "natural_frequency_drift_origin": {
      "min": 34.24511188160566,
      "max": 93.39109038646993,
      "median": 58.89345106524416,
      "count": 25,
      "unit": "Hz",
      "method": "max(|max-median|, |median-min|) from fn_origin",
      "drift": 34.49763932122577
    },
    "sensitivity_drift_origin": {
      "min": 60.001934754356135,
      "max": 203.37127543336493,
      "median": 144.5628340451216,
      "count": 25,
      "unit": "%",
      "method": "max(|max-median|, |median-min|) from interpolated origin sensitivity",
      "drift": 84.56089929076546,
      "frequency_hz": 100.0
    },
    "linearity_origin": {
      "mean": 2.5499568401843997,
      "max": 6.418887454843169,
      "min": 0.359242046082775,
      "count": 14,
      "unit": "%",
      "method": "mean(1 - R^2) across frequency points"
    }
  },
  "compute_details": {
    "total_params": 1261,
    "additions": 2728,
    "multiplications": 1208,
    "maps": 92,
    "total_ops": 4028,
    "weighted_total": 4488.0,
    "weighted_additions": 2728.0,
    "weighted_multiplications": 1208.0,
    "weighted_maps": 552.0
  },
  "compute_cost_status": "complete",
  "compute_has_unsupported_layers": false,
  "compute_unsupported_layer_count": 0,
  "compute_unsupported_layers": [],
  "compute_unsupported_layer_details": [],
  "compute_cost_warning": null,
  "loss_function": "MAE+AFMAE",
  "loss_function_key": "power_log_mae",
  "loss_function_source": "config.use_power_loss",
  "board_inference_ep_path": null,
  "board_qemu_mae": null,
  "board_keil_mae": null,
  "board_keil_speed": null,
  "board_inference": {
    "configured": false,
    "ep_path": null,
    "project_dir": null,
    "qemu_summary_path": null,
    "keil_summary_path": null,
    "qemu_summary_exists": false,
    "keil_summary_exists": false,
    "qemu_mae": null,
    "keil_mae": null,
    "keil_wall_time_per_iter_ms": null,
    "keil_point_count_per_iter": null,
    "keil_speed_ms_per_point": null,
    "keil_speed_unit": "ms/point",
    "missing_sources": [],
    "missing_sections": []
  },
  "display_metrics": {
    "Loss Function": "MAE+AFMAE",
    "TRAIN_MAE": 0.015853973105549812,
    "TRAIN_AFMAE": 0.029704513028264046,
    "VAL_MAE": 0.0157772284001112,
    "VAL_AFMAE": 0.03150922432541847,
    "Freq Drift (Hz)": 2.5425041445612635,
    "Sens Drift (%)": 5.332293116398937,
    "Linearity (%)": 0.6575119248186093,
    "Compute Cost": 4488.0,
    "Total Params": 1261,
    "Epochs": 1000,
    "LR": 0.01,
    "Cosine Annealing": false,
    "QEMU-MAE": null,
    "KEIL-MAE": null,
    "KEIL-SPEED": null
  }
}