{
  "project_name": "LSTMTransformeru6_e1k_1",
  "generated_at": "2026-04-10T12:56:21.777694+08:00",
  "status": "complete",
  "calculation_standard": "ablation-study-v1",
  "sources": {
    "training_info": true,
    "compute_analysis": true,
    "model_info": true,
    "linear_response": true,
    "linearity_by_frequency": true,
    "config": true
  },
  "missing_sources": [],
  "missing_sections": [],
  "epochs": 1000,
  "min_loss": 0.01892,
  "min_val_loss": 0.016535,
  "train_loss": 0.016216689720749855,
  "val_loss": 0.01653454825282097,
  "train_mae": 0.01585397496819496,
  "train_afmae": 0.02970450557768345,
  "val_mae": 0.01577722653746605,
  "val_afmae": 0.03150922805070877,
  "weights_source": null,
  "freq_drift_hz": 2.542504120077716,
  "sens_drift_percent": 5.332297665459812,
  "linearity_percent": 0.6575120276587377,
  "compute_cost": 2100.0,
  "total_params": 1261,
  "lr": 0.01,
  "use_cosine_annealing": false,
  "metric_details": {
    "natural_frequency_drift": {
      "min": 32.671157707671526,
      "max": 36.68999267091124,
      "median": 34.14748855083352,
      "count": 25,
      "unit": "Hz",
      "method": "max(|max-median|, |median-min|) from fn_comped",
      "drift": 2.542504120077716
    },
    "sensitivity_drift": {
      "min": 58.024395910656196,
      "max": 66.96520240959411,
      "median": 63.35669357611601,
      "count": 25,
      "unit": "%",
      "method": "max(|max-median|, |median-min|) from interpolated sensitivity",
      "drift": 5.332297665459812,
      "frequency_hz": 100.0
    },
    "linearity": {
      "mean": 0.6575120276587377,
      "max": 2.29135207227128,
      "min": 0.1421279675969389,
      "count": 14,
      "unit": "%",
      "method": "mean(1 - R^2) across frequency points"
    },
    "natural_frequency_drift_origin": {
      "min": 34.24511189190977,
      "max": 93.39109037552112,
      "median": 58.893451232916746,
      "count": 25,
      "unit": "Hz",
      "method": "max(|max-median|, |median-min|) from fn_origin",
      "drift": 34.49763914260437
    },
    "sensitivity_drift_origin": {
      "min": 60.00193475436049,
      "max": 203.37127543371568,
      "median": 144.56283404568921,
      "count": 25,
      "unit": "%",
      "method": "max(|max-median|, |median-min|) from interpolated origin sensitivity",
      "drift": 84.56089929132872,
      "frequency_hz": 100.0
    },
    "linearity_origin": {
      "mean": 2.549956840185786,
      "max": 6.418887454845679,
      "min": 0.3592420460827306,
      "count": 14,
      "unit": "%",
      "method": "mean(1 - R^2) across frequency points"
    }
  },
  "compute_details": {
    "total_params": 1261,
    "additions": 792,
    "multiplications": 804,
    "maps": 84,
    "total_ops": 1680,
    "weighted_total": 2100.0,
    "weighted_additions": 792.0,
    "weighted_multiplications": 804.0,
    "weighted_maps": 504.0
  },
  "display_metrics": {
    "TRAIN_MAE": 0.01585397496819496,
    "TRAIN_AFMAE": 0.02970450557768345,
    "VAL_MAE": 0.01577722653746605,
    "VAL_AFMAE": 0.03150922805070877,
    "Freq Drift (Hz)": 2.542504120077716,
    "Sens Drift (%)": 5.332297665459812,
    "Linearity (%)": 0.6575120276587377,
    "Compute Cost": 2100.0,
    "Total Params": 1261,
    "Epochs": 1000,
    "LR": 0.01,
    "Cosine Annealing": false
  }
}