{
  "completed_epoch": 1000,
  "min_loss": 0.018920201808214188,
  "min_val_loss": 0.01653454825282097,
  "current_epoch": 1000,
  "model_name": "LSTMTransformer",
  "training_alive": false,
  "timestamp": "20260405000336.4",
  "best_weights_file": "projects/01_EPOCH1000/LSTMTransformeru6_e1k_1/data\\LSTMTransformeru6_e1k_1_best_weights.h5",
  "best_val_weights_file": "projects/01_EPOCH1000/LSTMTransformeru6_e1k_1/data\\LSTMTransformeru6_e1k_1_best_val_weights.h5",
  "loss": 0.02279036119580269,
  "val_loss": 0.020249003544449806,
  "mae": 0.0,
  "afmae": 1.7828279733657837,
  "val_mae": 0.0,
  "val_afmae": 1.7773959636688232,
  "val_power_log_loss": 0.04760165512561798,
  "power_log_loss": 0.04614752531051636,
  "lr": 0.0020000000949949026,
  "elapsed_time": 1336.4443345069885,
  "remaining_time": 1.2970510835745972,
  "expected_finish_time": "2026-04-04 18:43:34",
  "smoothed_speed": 2775.526766516096
}