{
  "project_name": "FRIKANh8u6l6_e1k_lr2e4_nopositive",
  "generated_at": "2026-04-18T23:19:12.107402+08:00",
  "status": "complete",
  "calculation_standard": "ablation-study-v1",
  "sources": {
    "training_info": true,
    "compute_analysis": true,
    "model_info": true,
    "linear_response": true,
    "linearity_by_frequency": true,
    "config": true
  },
  "missing_sources": [],
  "missing_sections": [],
  "epochs": 1000,
  "min_loss": 0.21255,
  "min_val_loss": 0.21455,
  "train_loss": 0.21166490018367767,
  "val_loss": 0.21455015242099762,
  "train_mae": 0.1525508165359497,
  "train_afmae": 0.6095141172409058,
  "val_mae": 0.15313835442066193,
  "val_afmae": 0.6225260496139526,
  "weights_source": "best_val",
  "freq_drift_hz": 277798.5659793966,
  "sens_drift_percent": 46.54954809553816,
  "linearity_percent": 42.73954864770623,
  "compute_cost": 1710.0,
  "total_params": 2569,
  "lr": 0.0002,
  "use_cosine_annealing": false,
  "metric_details": {
    "natural_frequency_drift": {
      "min": 38.33907408645591,
      "max": 277924.4677634994,
      "median": 125.90178410283261,
      "count": 25,
      "unit": "Hz",
      "method": "max(|max-median|, |median-min|) from fn_comped",
      "drift": 277798.5659793966
    },
    "sensitivity_drift": {
      "min": 6.0350399629780895,
      "max": 71.58966248630138,
      "median": 25.040114390763225,
      "count": 25,
      "unit": "%",
      "method": "max(|max-median|, |median-min|) from interpolated sensitivity",
      "drift": 46.54954809553816,
      "frequency_hz": 100.0
    },
    "linearity": {
      "mean": 42.73954864770623,
      "max": 83.78171153318219,
      "min": 4.17658143362567,
      "count": 14,
      "unit": "%",
      "method": "mean(1 - R^2) across frequency points"
    },
    "natural_frequency_drift_origin": {
      "min": 34.24511188160566,
      "max": 93.39109038646993,
      "median": 58.89345106524416,
      "count": 25,
      "unit": "Hz",
      "method": "max(|max-median|, |median-min|) from fn_origin",
      "drift": 34.49763932122577
    },
    "sensitivity_drift_origin": {
      "min": 60.001934754356135,
      "max": 203.37127543336493,
      "median": 144.5628340451216,
      "count": 25,
      "unit": "%",
      "method": "max(|max-median|, |median-min|) from interpolated origin sensitivity",
      "drift": 84.56089929076546,
      "frequency_hz": 100.0
    },
    "linearity_origin": {
      "mean": 2.5499568401843997,
      "max": 6.418887454843169,
      "min": 0.359242046082775,
      "count": 14,
      "unit": "%",
      "method": "mean(1 - R^2) across frequency points"
    }
  },
  "compute_details": {
    "total_params": 2569,
    "additions": 266,
    "multiplications": 40,
    "maps": 234,
    "total_ops": 540,
    "weighted_total": 1710.0,
    "weighted_additions": 266.0,
    "weighted_multiplications": 40.0,
    "weighted_maps": 1404.0
  },
  "compute_cost_status": "complete",
  "compute_has_unsupported_layers": false,
  "compute_unsupported_layer_count": 0,
  "compute_unsupported_layers": [],
  "compute_unsupported_layer_details": [],
  "compute_cost_warning": null,
  "loss_function": "MAE+AFMAE",
  "loss_function_key": "power_log_mae",
  "loss_function_source": "config.use_power_loss",
  "display_metrics": {
    "Loss Function": "MAE+AFMAE",
    "TRAIN_MAE": 0.1525508165359497,
    "TRAIN_AFMAE": 0.6095141172409058,
    "VAL_MAE": 0.15313835442066193,
    "VAL_AFMAE": 0.6225260496139526,
    "Freq Drift (Hz)": 277798.5659793966,
    "Sens Drift (%)": 46.54954809553816,
    "Linearity (%)": 42.73954864770623,
    "Compute Cost": 1710.0,
    "Total Params": 2569,
    "Epochs": 1000,
    "LR": 0.0002,
    "Cosine Annealing": false
  }
}