{
  "completed_epoch": 1000,
  "min_loss": 0.212553933262825,
  "min_val_loss": 0.21455015242099762,
  "current_epoch": 1000,
  "model_name": "FRIKAN",
  "training_alive": false,
  "timestamp": "20260418231854.6",
  "best_weights_file": "projects/01_LR_STUDY/FRIKANh8u6l6_e1k_lr2e4_nopositive/data\\FRIKANh8u6l6_e1k_lr2e4_nopositive_best_weights.h5",
  "best_val_weights_file": "projects/01_LR_STUDY/FRIKANh8u6l6_e1k_lr2e4_nopositive/data\\FRIKANh8u6l6_e1k_lr2e4_nopositive_best_val_weights.h5",
  "loss": 0.21255441009998322,
  "val_loss": 0.21475745737552643,
  "mae": 0.0,
  "afmae": 1.241140365600586,
  "val_mae": 0.0,
  "val_afmae": 1.235073208808899,
  "val_power_log_loss": 0.6250523328781128,
  "power_log_loss": 0.6089785695075989,
  "lr": 3.9999998989515007e-05,
  "elapsed_time": 2144.7845134735107,
  "remaining_time": 0.0,
  "expected_finish_time": "2026-04-18 23:18:36",
  "smoothed_speed": 1760.2276749479213
}