{
  "project_name": "GRNu16_e1k_puremae",
  "generated_at": "2026-04-10T01:58:07.398019+08:00",
  "status": "complete",
  "calculation_standard": "ablation-study-v1",
  "sources": {
    "training_info": true,
    "compute_analysis": true,
    "model_info": true,
    "linear_response": true,
    "linearity_by_frequency": true
  },
  "missing_sources": [],
  "missing_sections": [],
  "epochs": 1000,
  "min_loss": 0.0092245,
  "min_val_loss": 0.0091107,
  "train_loss": 0.009136224165558815,
  "val_loss": 0.009110651910305023,
  "train_mae": 0.00913622323423624,
  "train_afmae": 0.10572143644094467,
  "val_mae": 0.009110650978982449,
  "val_afmae": 0.10554186254739761,
  "weights_source": "best_val",
  "freq_drift_hz": 7.400430361375115,
  "sens_drift_percent": 27.1457783601212,
  "linearity_percent": 0.9223203321986293,
  "compute_cost": 640.0,
  "total_params": 1201,
  "metric_details": {
    "natural_frequency_drift": {
      "min": 27.63403174061827,
      "max": 36.517167032993804,
      "median": 35.034462101993384,
      "count": 25,
      "unit": "Hz",
      "method": "max(|max-median|, |median-min|) from fn_comped",
      "drift": 7.400430361375115
    },
    "sensitivity_drift": {
      "min": 39.992544725978135,
      "max": 72.77615313251081,
      "median": 67.13832308609933,
      "count": 25,
      "unit": "%",
      "method": "max(|max-median|, |median-min|) from interpolated sensitivity",
      "drift": 27.1457783601212,
      "frequency_hz": 100.0
    },
    "linearity": {
      "mean": 0.9223203321986293,
      "max": 2.4525598684581595,
      "min": 0.22767530266060154,
      "count": 14,
      "unit": "%",
      "method": "mean(1 - R^2) across frequency points"
    },
    "natural_frequency_drift_origin": {
      "min": 34.24511188160566,
      "max": 93.39109038646993,
      "median": 58.89345106524416,
      "count": 25,
      "unit": "Hz",
      "method": "max(|max-median|, |median-min|) from fn_origin",
      "drift": 34.49763932122577
    },
    "sensitivity_drift_origin": {
      "min": 60.001934754356135,
      "max": 203.37127543336493,
      "median": 144.5628340451216,
      "count": 25,
      "unit": "%",
      "method": "max(|max-median|, |median-min|) from interpolated origin sensitivity",
      "drift": 84.56089929076546,
      "frequency_hz": 100.0
    },
    "linearity_origin": {
      "mean": 2.5499568401843997,
      "max": 6.418887454843169,
      "min": 0.359242046082775,
      "count": 14,
      "unit": "%",
      "method": "mean(1 - R^2) across frequency points"
    }
  },
  "compute_details": {
    "total_params": 1201,
    "additions": 272,
    "multiplications": 272,
    "maps": 16,
    "total_ops": 560,
    "weighted_total": 640.0,
    "weighted_additions": 272.0,
    "weighted_multiplications": 272.0,
    "weighted_maps": 96.0
  },
  "display_metrics": {
    "TRAIN_MAE": 0.00913622323423624,
    "TRAIN_AFMAE": 0.10572143644094467,
    "VAL_MAE": 0.009110650978982449,
    "VAL_AFMAE": 0.10554186254739761,
    "Freq Drift (Hz)": 7.400430361375115,
    "Sens Drift (%)": 27.1457783601212,
    "Linearity (%)": 0.9223203321986293,
    "Compute Cost": 640.0,
    "Total Params": 1201,
    "Epochs": 1000
  }
}