{
  "completed_epoch": 1000,
  "min_loss": 0.009224477224051952,
  "min_val_loss": 0.009110650978982449,
  "current_epoch": 1000,
  "model_name": "GRN",
  "training_alive": false,
  "timestamp": "20260410015704.6",
  "best_weights_file": "projects/01_LR_STUDY/GRNu16_e1k_puremae/data\\GRNu16_e1k_puremae_best_weights.h5",
  "best_val_weights_file": "projects/01_LR_STUDY/GRNu16_e1k_puremae/data\\GRNu16_e1k_puremae_best_val_weights.h5",
  "loss": 0.009293085895478725,
  "val_loss": 0.009131982922554016,
  "mae": 0.0,
  "afmae": 0.1705789417028427,
  "val_mae": 0.0,
  "val_afmae": 0.16974349319934845,
  "val_power_log_loss": 0.0,
  "power_log_loss": 0.0,
  "lr": 0.00139999995008111,
  "elapsed_time": 1661.9237048625946,
  "remaining_time": 2.1428121777193994,
  "expected_finish_time": "2026-04-10 01:55:34",
  "smoothed_speed": 1680.035253407739
}