{
  "completed_epoch": 281,
  "min_loss": 0.012695103883743286,
  "min_val_loss": 0.012697125785052776,
  "current_epoch": 281,
  "model_name": "GRN",
  "training_alive": true,
  "timestamp": "20260405021501.9",
  "best_weights_file": "projects/01_LR_STUDY/GRNu16_e1k_puremae/data\\GRNu16_e1k_puremae_best_weights.h5",
  "best_val_weights_file": "projects/01_LR_STUDY/GRNu16_e1k_puremae/data\\GRNu16_e1k_puremae_best_val_weights.h5",
  "loss": 0.012696425430476665,
  "val_loss": 0.012701190076768398,
  "mae": 0.0,
  "afmae": 0.14126673340797424,
  "val_mae": 0.0,
  "val_afmae": 0.14180901646614075,
  "val_power_log_loss": 0.0,
  "power_log_loss": 0.0,
  "lr": 0.00139999995008111,
  "elapsed_time": 584.2643930912018,
  "remaining_time": 1491.721759257403,
  "expected_finish_time": "2026-04-05 02:39:27",
  "smoothed_speed": 1737.5894558850766
}