{
  "completed_epoch": 1000,
  "min_loss": 0.06857491284608841,
  "min_val_loss": 0.0685773566365242,
  "current_epoch": 1000,
  "model_name": "FRIMLP",
  "training_alive": false,
  "timestamp": "20260411151122.0",
  "best_weights_file": "projects/04_FRIMLP/FRIMLPh8u6l6_e1k_lr2e3_mlp17l8_tanh_d00/data\\FRIMLPh8u6l6_e1k_lr2e3_mlp17l8_tanh_d00_best_weights.h5",
  "best_val_weights_file": "projects/04_FRIMLP/FRIMLPh8u6l6_e1k_lr2e3_mlp17l8_tanh_d00/data\\FRIMLPh8u6l6_e1k_lr2e3_mlp17l8_tanh_d00_best_val_weights.h5",
  "loss": 0.0760376825928688,
  "val_loss": 0.08018086850643158,
  "mae": 0.0,
  "afmae": 0.6162329912185669,
  "val_mae": 0.0,
  "val_afmae": 0.6165350675582886,
  "val_power_log_loss": 0.09416405111551285,
  "power_log_loss": 0.08242392539978027,
  "lr": 0.00039999998989515007,
  "elapsed_time": 158.65637397766113,
  "remaining_time": 0.0,
  "expected_finish_time": "2026-04-11 15:10:32",
  "smoothed_speed": 31711.92277074977
}