{
  "project_name": "1DCNNc4u10k20l8_e1k_lr18e4_pd10l2_d0012_cvtanh_true",
  "generated_at": "2026-04-13T19:15:34.900350+08:00",
  "status": "complete",
  "calculation_standard": "ablation-study-v1",
  "sources": {
    "training_info": true,
    "compute_analysis": true,
    "model_info": true,
    "linear_response": true,
    "linearity_by_frequency": true,
    "config": true
  },
  "missing_sources": [],
  "missing_sections": [],
  "epochs": 1000,
  "min_loss": 0.012536,
  "min_val_loss": 0.012668,
  "train_loss": 0.012843762524425983,
  "val_loss": 0.012668355368077755,
  "train_mae": 0.012843762524425983,
  "train_afmae": 0.08052343875169754,
  "val_mae": 0.012668355368077755,
  "val_afmae": 0.08197016268968582,
  "weights_source": "best_val",
  "freq_drift_hz": 3.9464501401631082,
  "sens_drift_percent": 13.580125206371065,
  "linearity_percent": 0.8362579916567929,
  "compute_cost": 2012.0,
  "total_params": 943,
  "lr": 0.0018,
  "use_cosine_annealing": false,
  "metric_details": {
    "natural_frequency_drift": {
      "min": 31.26029311931188,
      "max": 38.22820655004233,
      "median": 34.28175640987922,
      "count": 25,
      "unit": "Hz",
      "method": "max(|max-median|, |median-min|) from fn_comped",
      "drift": 3.9464501401631082
    },
    "sensitivity_drift": {
      "min": 49.03030153885989,
      "max": 68.17985981324667,
      "median": 62.61042674523095,
      "count": 25,
      "unit": "%",
      "method": "max(|max-median|, |median-min|) from interpolated sensitivity",
      "drift": 13.580125206371065,
      "frequency_hz": 100.0
    },
    "linearity": {
      "mean": 0.8362579916567929,
      "max": 2.6676004416913646,
      "min": 0.18895883573489813,
      "count": 14,
      "unit": "%",
      "method": "mean(1 - R^2) across frequency points"
    },
    "natural_frequency_drift_origin": {
      "min": 34.24511188160566,
      "max": 93.39109038646993,
      "median": 58.89345106524416,
      "count": 25,
      "unit": "Hz",
      "method": "max(|max-median|, |median-min|) from fn_origin",
      "drift": 34.49763932122577
    },
    "sensitivity_drift_origin": {
      "min": 60.001934754356135,
      "max": 203.37127543336493,
      "median": 144.5628340451216,
      "count": 25,
      "unit": "%",
      "method": "max(|max-median|, |median-min|) from interpolated origin sensitivity",
      "drift": 84.56089929076546,
      "frequency_hz": 100.0
    },
    "linearity_origin": {
      "mean": 2.5499568401843997,
      "max": 6.418887454843169,
      "min": 0.359242046082775,
      "count": 14,
      "unit": "%",
      "method": "mean(1 - R^2) across frequency points"
    }
  },
  "compute_details": {
    "total_params": 943,
    "additions": 910,
    "multiplications": 910,
    "maps": 32,
    "total_ops": 1852,
    "weighted_total": 2012.0,
    "weighted_additions": 910.0,
    "weighted_multiplications": 910.0,
    "weighted_maps": 192.0
  },
  "compute_cost_status": "complete",
  "compute_has_unsupported_layers": false,
  "compute_unsupported_layer_count": 0,
  "compute_unsupported_layers": [],
  "compute_unsupported_layer_details": [],
  "compute_cost_warning": null,
  "loss_function": "MAE",
  "loss_function_key": "mae",
  "loss_function_source": "config.use_power_loss",
  "display_metrics": {
    "Loss Function": "MAE",
    "TRAIN_MAE": 0.012843762524425983,
    "TRAIN_AFMAE": 0.08052343875169754,
    "VAL_MAE": 0.012668355368077755,
    "VAL_AFMAE": 0.08197016268968582,
    "Freq Drift (Hz)": 3.9464501401631082,
    "Sens Drift (%)": 13.580125206371065,
    "Linearity (%)": 0.8362579916567929,
    "Compute Cost": 2012.0,
    "Total Params": 943,
    "Epochs": 1000,
    "LR": 0.0018,
    "Cosine Annealing": false
  }
}