{
  "completed_epoch": 1000,
  "min_loss": 0.012588263489305973,
  "min_val_loss": 0.01266835629940033,
  "current_epoch": 1000,
  "model_name": "1DCNN",
  "training_alive": false,
  "timestamp": "20260413191527.8",
  "best_weights_file": "projects/05_1DCNN/1DCNNc4u10k20l8_e1k_lr18e4_pd10l2_d0012_cvtanh_true/data\\1DCNNc4u10k20l8_e1k_lr18e4_pd10l2_d0012_cvtanh_true_best_weights.h5",
  "best_val_weights_file": "projects/05_1DCNN/1DCNNc4u10k20l8_e1k_lr18e4_pd10l2_d0012_cvtanh_true/data\\1DCNNc4u10k20l8_e1k_lr18e4_pd10l2_d0012_cvtanh_true_best_val_weights.h5",
  "loss": 0.012535901740193367,
  "val_loss": 0.012899781577289104,
  "mae": 0.0,
  "afmae": 1.6882704496383667,
  "val_mae": 0.0,
  "val_afmae": 1.6881754398345947,
  "val_power_log_loss": 0.0,
  "power_log_loss": 0.0,
  "lr": 0.003599999938160181,
  "elapsed_time": 119.02816891670227,
  "remaining_time": 0.0,
  "expected_finish_time": "2026-04-13 19:15:17",
  "smoothed_speed": 41528.62255353262
}