{
  "project_name": "FRIKANh5u6l6g8s2_e1k_lr7e4_axisH",
  "generated_at": "2026-04-24T01:25:44.506297+08:00",
  "status": "complete",
  "calculation_standard": "ablation-study-v4-bounded-fit-freq-inband-linearity",
  "sources": {
    "training_info": true,
    "compute_analysis": true,
    "model_info": true,
    "linear_response": true,
    "linearity_by_frequency": true,
    "config": true,
    "board_inference_config": true,
    "board_inference_qemu": true,
    "board_inference_keil": true
  },
  "missing_sources": [],
  "missing_sections": [],
  "epochs": 1000,
  "min_loss": 0.024789,
  "min_val_loss": 0.025828,
  "train_loss": 0.024376941844820976,
  "val_loss": 0.025827810168266296,
  "train_mae": 0.02044806256890297,
  "train_afmae": 0.039892829954624176,
  "val_mae": 0.020747477188706398,
  "val_afmae": 0.04634924232959747,
  "weights_source": "best_val",
  "freq_drift_hz": 2.9568437070265077,
  "freq_drift_band_min_hz": 10.0,
  "freq_drift_band_max_hz": 128.0,
  "freq_drift_source_frequency_points_hz": [
    10.0,
    13.0,
    16.0,
    20.0,
    25.0,
    32.0,
    40.0,
    50.0,
    64.0,
    80.0,
    100.0,
    128.0
  ],
  "freq_drift_interpolation_points": null,
  "sens_drift_percent": 12.723843681827447,
  "linearity_percent": 0.5993827256036671,
  "linearity_band_max_hz": 128.0,
  "linearity_frequency_count": 12,
  "linearity_frequency_points_hz": [
    10.0,
    13.0,
    16.0,
    20.0,
    25.0,
    32.0,
    40.0,
    50.0,
    64.0,
    80.0,
    100.0,
    128.0
  ],
  "compute_cost": 4631.0,
  "total_params": 2317,
  "lr": 0.0007,
  "use_cosine_annealing": false,
  "metric_details": {
    "natural_frequency_drift": {
      "min": 30.468788725727855,
      "max": 36.35761231888641,
      "median": 33.42563243275436,
      "count": 25,
      "unit": "Hz",
      "method": "max(|max-median|, |median-min|) from band-limited fitted center frequency (comped)",
      "drift": 2.9568437070265077,
      "band_min_hz": 10.0,
      "band_max_hz": 128.0,
      "source_frequency_points_hz": [
        10.0,
        13.0,
        16.0,
        20.0,
        25.0,
        32.0,
        40.0,
        50.0,
        64.0,
        80.0,
        100.0,
        128.0
      ],
      "fit_param_key": "fit_params_comped"
    },
    "sensitivity_drift": {
      "min": 48.665834137597145,
      "max": 69.84185540792932,
      "median": 61.38967781942459,
      "count": 25,
      "unit": "%",
      "method": "max(|max-median|, |median-min|) from interpolated sensitivity",
      "drift": 12.723843681827447,
      "frequency_hz": 100.0
    },
    "linearity": {
      "mean": 0.5993827256036671,
      "max": 1.4826199629917047,
      "min": 0.13782795982112406,
      "count": 12,
      "unit": "%",
      "method": "mean(1 - R^2) across in-band frequency points",
      "band_max_hz": 128.0,
      "frequencies_hz": [
        10.0,
        13.0,
        16.0,
        20.0,
        25.0,
        32.0,
        40.0,
        50.0,
        64.0,
        80.0,
        100.0,
        128.0
      ]
    },
    "natural_frequency_drift_origin": {
      "min": 34.24511188160566,
      "max": 93.39109038646993,
      "median": 58.89345106524416,
      "count": 25,
      "unit": "Hz",
      "method": "max(|max-median|, |median-min|) from band-limited fitted center frequency (origin)",
      "drift": 34.49763932122577,
      "band_min_hz": 10.0,
      "band_max_hz": 128.0,
      "source_frequency_points_hz": [
        10.0,
        13.0,
        16.0,
        20.0,
        25.0,
        32.0,
        40.0,
        50.0,
        64.0,
        80.0,
        100.0,
        128.0
      ],
      "fit_param_key": "fit_params_origin"
    },
    "sensitivity_drift_origin": {
      "min": 60.001934754356135,
      "max": 203.37127543336493,
      "median": 144.5628340451216,
      "count": 25,
      "unit": "%",
      "method": "max(|max-median|, |median-min|) from interpolated origin sensitivity",
      "drift": 84.56089929076546,
      "frequency_hz": 100.0
    },
    "linearity_origin": {
      "mean": 2.0043849708252406,
      "max": 4.375669781001812,
      "min": 0.359242046082775,
      "count": 12,
      "unit": "%",
      "method": "mean(1 - R^2) across in-band frequency points",
      "band_max_hz": 128.0,
      "frequencies_hz": [
        10.0,
        13.0,
        16.0,
        20.0,
        25.0,
        32.0,
        40.0,
        50.0,
        64.0,
        80.0,
        100.0,
        128.0
      ]
    }
  },
  "compute_details": {
    "total_params": 2317,
    "additions": 236,
    "multiplications": 25,
    "maps": 216,
    "total_ops": 477,
    "weighted_total": 4631.0,
    "weighted_additions": 236.0,
    "weighted_multiplications": 75.0,
    "weighted_maps": 4320.0
  },
  "compute_cost_status": "complete",
  "compute_has_unsupported_layers": false,
  "compute_unsupported_layer_count": 0,
  "compute_unsupported_layers": [],
  "compute_unsupported_layer_details": [],
  "compute_cost_warning": null,
  "loss_function": "MAE+AFMAE",
  "loss_function_key": "power_log_mae",
  "loss_function_source": "config.use_power_loss",
  "board_inference_ep_path": "ex_projects/inference/qemu-c-inference/frikan_h8u6l6_e1k_lr7e4",
  "board_qemu_mae": 0.007114359431113517,
  "board_keil_mae": 0.007114359431113517,
  "board_keil_speed": 0.14313,
  "board_keil_fps": 6986.655488017886,
  "board_inference": {
    "configured": true,
    "ep_path": "ex_projects/inference/qemu-c-inference/frikan_h8u6l6_e1k_lr7e4",
    "project_dir": "ex_projects/inference/qemu-c-inference/frikan_h8u6l6_e1k_lr7e4",
    "qemu_summary_path": "ex_projects/inference/qemu-c-inference/frikan_h8u6l6_e1k_lr7e4/data/benchmark_summary.json",
    "keil_summary_path": "ex_projects/inference/qemu-c-inference/frikan_h8u6l6_e1k_lr7e4/data/keil_benchmark_summary.json",
    "qemu_summary_exists": true,
    "keil_summary_exists": true,
    "qemu_mae": 0.007114359431113517,
    "keil_mae": 0.007114359431113517,
    "keil_wall_time_per_iter_ms": 57.252,
    "keil_point_count_per_iter": 400,
    "keil_speed_ms_per_point": 0.14313,
    "keil_speed_unit": "ms/point",
    "keil_speed_points_per_second": 6986.655488017886,
    "keil_speed_display_unit": "points/s",
    "published_optimization_profile": "project_default",
    "keil_optimization_profiles": [
      {
        "key": "project_default",
        "label": "Project default",
        "status": "completed",
        "published": true,
        "keil_speed_ms_per_point": 0.14313,
        "keil_speed_points_per_second": 6986.655488017886,
        "keil_mae": 0.007114359431113517,
        "flash_bytes": 736460,
        "ram_bytes": 5704,
        "comparison_path": "ex_projects/inference/qemu-c-inference/frikan_h8u6l6_e1k_lr7e4/data/keil_validation_comparison.json",
        "build_output_path": "ex_projects/inference/qemu-c-inference/frikan_h8u6l6_e1k_lr7e4/data/build_logs/build_output_MET405_project_default.txt"
      },
      {
        "key": "o0",
        "label": "-O0",
        "status": "completed",
        "published": false,
        "keil_speed_ms_per_point": 0.44752499999999995,
        "keil_speed_points_per_second": 2234.5120384336074,
        "keil_mae": 0.007114359431113517,
        "flash_bytes": 745612,
        "ram_bytes": 88904,
        "comparison_path": "ex_projects/inference/qemu-c-inference/frikan_h8u6l6_e1k_lr7e4/data/keil_validation_comparison_o0.json",
        "build_output_path": "ex_projects/inference/qemu-c-inference/frikan_h8u6l6_e1k_lr7e4/data/build_logs/build_output_MET405_o0.txt"
      },
      {
        "key": "o2",
        "label": "-O2",
        "status": "completed",
        "published": false,
        "keil_speed_ms_per_point": 0.14313,