{
  "completed_epoch": 1000,
  "min_loss": 0.024789346382021904,
  "min_val_loss": 0.025827812030911446,
  "current_epoch": 1000,
  "model_name": "FRIKAN",
  "training_alive": false,
  "timestamp": "20260424012509.5",
  "best_weights_file": "projects/09_HPARAM_SENSITIVITY/FRIKANh5u6l6g8s2_e1k_lr7e4_axisH/data\\FRIKANh5u6l6g8s2_e1k_lr7e4_axisH_best_weights.h5",
  "best_val_weights_file": "projects/09_HPARAM_SENSITIVITY/FRIKANh5u6l6g8s2_e1k_lr7e4_axisH/data\\FRIKANh5u6l6g8s2_e1k_lr7e4_axisH_best_val_weights.h5",
  "loss": 0.027121568098664284,
  "val_loss": 0.027225222438573837,
  "mae": 0.0,
  "afmae": 2.048245429992676,
  "val_mae": 0.0,
  "val_afmae": 2.042128324508667,
  "val_power_log_loss": 0.05504506826400757,
  "power_log_loss": 0.0520620159804821,
  "lr": 0.00014000000373926014,
  "elapsed_time": 1956.4749491214752,
  "remaining_time": 0.0,
  "expected_finish_time": "2026-04-24 01:25:09",
  "smoothed_speed": 1886.4490337792683
}