{
  "completed_epoch": 1000,
  "min_loss": 0.029626715928316116,
  "min_val_loss": 0.029044881463050842,
  "current_epoch": 1000,
  "model_name": "FRIMLP",
  "training_alive": false,
  "timestamp": "20260411145615.3",
  "best_weights_file": "projects/04_FRIMLP/FRIMLPh8u6l6_e1k_lr2e3_mlp19l8_tanh_d00/data\\FRIMLPh8u6l6_e1k_lr2e3_mlp19l8_tanh_d00_best_weights.h5",
  "best_val_weights_file": "projects/04_FRIMLP/FRIMLPh8u6l6_e1k_lr2e3_mlp19l8_tanh_d00/data\\FRIMLPh8u6l6_e1k_lr2e3_mlp19l8_tanh_d00_best_val_weights.h5",
  "loss": 0.03301898017525673,
  "val_loss": 0.029841875657439232,
  "mae": 0.0,
  "afmae": 0.7222394943237305,
  "val_mae": 0.0,
  "val_afmae": 0.7224926948547363,
  "val_power_log_loss": 0.07458718121051788,
  "power_log_loss": 0.07850302755832672,
  "lr": 0.00039999998989515007,
  "elapsed_time": 168.54465222358704,
  "remaining_time": 0.0,
  "expected_finish_time": "2026-04-11 14:55:27",
  "smoothed_speed": 28620.962079107478
}