{
  "timestamp": "2025-07-13T20:33:06.584471",
  "plot_name": "layer_1_bias_error_heatmap",
  "plot_type": "layer_bias_error_heatmap",
  "data": {
    "layer": 1,
    "baseline_values": [
      1.1226189346393034e-05,
      0.00029130467459911777,
      0.0002800701854696169,
      8.449130754144382e-07,
      3.3761678019327414e-05,
      3.29117837582688e-05
    ],
    "compensated_values": [
      1.1226189346393034e-05,
      0.00029130467459911777,
      0.0002800701854696169,
      8.449130754144382e-07,
      3.3761678019327414e-05,
      3.29117837582688e-05
    ],
    "vmin": 8.449130754144382e-07,
    "vmax": 0.00029130467459911777,
    "improvement_percent": 0.0
  },
  "metadata": {
    "layer": 1,
    "channel_count": 6,
    "units": "bias_error_absolute"
  }
}