{
  "project_name": "FRIKANh8u6l6_e1k_lr4e4",
  "generated_at": "2026-04-13T10:12:08.445686+08:00",
  "status": "complete",
  "calculation_standard": "ablation-study-v1",
  "sources": {
    "training_info": true,
    "compute_analysis": true,
    "model_info": true,
    "linear_response": true,
    "linearity_by_frequency": true,
    "config": true
  },
  "missing_sources": [],
  "missing_sections": [],
  "epochs": 1000,
  "min_loss": 0.024795,
  "min_val_loss": 0.026147,
  "train_loss": 0.024434255436062813,
  "val_loss": 0.02614741399884224,
  "train_mae": 0.02502107061445713,
  "train_afmae": 0.0354098305106163,
  "val_mae": 0.02559594251215458,
  "val_afmae": 0.0432046577334404,
  "weights_source": null,
  "freq_drift_hz": 2.5894727274301097,
  "sens_drift_percent": 12.983251393343402,
  "linearity_percent": 0.8355844348582664,
  "compute_cost": 1710.0,
  "total_params": 2569,
  "lr": 0.0004,
  "use_cosine_annealing": false,
  "metric_details": {
    "natural_frequency_drift": {
      "min": 30.274645967240513,
      "max": 35.346311256844224,
      "median": 32.86411869467062,
      "count": 25,
      "unit": "Hz",
      "method": "max(|max-median|, |median-min|) from fn_comped",
      "drift": 2.5894727274301097
    },
    "sensitivity_drift": {
      "min": 47.077548265481646,
      "max": 72.16780922540838,
      "median": 60.06079965882505,
      "count": 25,
      "unit": "%",
      "method": "max(|max-median|, |median-min|) from interpolated sensitivity",
      "drift": 12.983251393343402,
      "frequency_hz": 100.0
    },
    "linearity": {
      "mean": 0.8355844348582664,
      "max": 2.3067985252175682,
      "min": 0.11451258786578933,
      "count": 14,
      "unit": "%",
      "method": "mean(1 - R^2) across frequency points"
    },
    "natural_frequency_drift_origin": {
      "min": 34.24511188160566,
      "max": 93.39109038646993,
      "median": 58.89345106524416,
      "count": 25,
      "unit": "Hz",
      "method": "max(|max-median|, |median-min|) from fn_origin",
      "drift": 34.49763932122577
    },
    "sensitivity_drift_origin": {
      "min": 60.001934754356135,
      "max": 203.37127543336493,
      "median": 144.5628340451216,
      "count": 25,
      "unit": "%",
      "method": "max(|max-median|, |median-min|) from interpolated origin sensitivity",
      "drift": 84.56089929076546,
      "frequency_hz": 100.0
    },
    "linearity_origin": {
      "mean": 2.5499568401843997,
      "max": 6.418887454843169,
      "min": 0.359242046082775,
      "count": 14,
      "unit": "%",
      "method": "mean(1 - R^2) across frequency points"
    }
  },
  "compute_details": {
    "total_params": 2569,
    "additions": 266,
    "multiplications": 40,
    "maps": 234,
    "total_ops": 540,
    "weighted_total": 1710.0,
    "weighted_additions": 266.0,
    "weighted_multiplications": 40.0,
    "weighted_maps": 1404.0
  },
  "compute_cost_status": "complete",
  "compute_has_unsupported_layers": false,
  "compute_unsupported_layer_count": 0,
  "compute_unsupported_layers": [],
  "compute_unsupported_layer_details": [],
  "compute_cost_warning": null,
  "loss_function": "MAE+AFMAE",
  "loss_function_key": "power_log_mae",
  "loss_function_source": "config.use_power_loss",
  "display_metrics": {
    "Loss Function": "MAE+AFMAE",
    "TRAIN_MAE": 0.02502107061445713,
    "TRAIN_AFMAE": 0.0354098305106163,
    "VAL_MAE": 0.02559594251215458,
    "VAL_AFMAE": 0.0432046577334404,
    "Freq Drift (Hz)": 2.5894727274301097,
    "Sens Drift (%)": 12.983251393343402,
    "Linearity (%)": 0.8355844348582664,
    "Compute Cost": 1710.0,
    "Total Params": 2569,
    "Epochs": 1000,
    "LR": 0.0004,
    "Cosine Annealing": false
  }
}