{
  "project_name": "FRIKANh8u6l6_e1k_lr4e4",
  "generated_at": "2026-04-09T23:48:48.485955+08:00",
  "status": "complete",
  "sources": {
    "training_info": true,
    "compute_analysis": true,
    "model_info": true,
    "linear_response": true
  },
  "missing_sources": [],
  "missing_sections": [],
  "epochs": 1000,
  "min_loss": 0.024795,
  "min_val_loss": 0.026147,
  "train_loss": 0.024434255436062813,
  "val_loss": 0.02614741399884224,
  "train_mae": 0.02502107061445713,
  "train_afmae": 0.0354098305106163,
  "val_mae": 0.02559594251215458,
  "val_afmae": 0.0432046577334404,
  "weights_source": null,
  "freq_drift_hz": 32.0,
  "sens_drift_percent": 27.8901072049193,
  "linearity_percent": 29.417403358700433,
  "compute_cost": 1710.0,
  "total_params": 2569,
  "display_metrics": {
    "TRAIN_MAE": 0.02502107061445713,
    "TRAIN_AFMAE": 0.0354098305106163,
    "VAL_MAE": 0.02559594251215458,
    "VAL_AFMAE": 0.0432046577334404,
    "Freq Drift (Hz)": 32.0,
    "Sens Drift (%)": 27.8901072049193,
    "Linearity (%)": 29.417403358700433,
    "Compute Cost": 1710.0,
    "Total Params": 2569,
    "Epochs": 1000
  }
}