{
  "completed_epoch": 1000,
  "min_loss": 0.02479526214301586,
  "min_val_loss": 0.02614741399884224,
  "current_epoch": 1000,
  "model_name": "FRIKAN",
  "training_alive": false,
  "timestamp": "20260403190959.9",
  "best_weights_file": "projects/01_EPOCH1000/FRIKANh8u6l6_e1k_lr4e4/data\\FRIKANh8u6l6_e1k_lr4e4_best_weights.h5",
  "best_val_weights_file": "projects/01_EPOCH1000/FRIKANh8u6l6_e1k_lr4e4/data\\FRIKANh8u6l6_e1k_lr4e4_best_val_weights.h5",
  "loss": 0.02641807496547699,
  "val_loss": 0.026964465156197548,
  "mae": 0.0,
  "afmae": 1.8636209964752197,
  "val_mae": 0.0,
  "val_afmae": 1.8488094806671143,
  "val_power_log_loss": 0.04746834933757782,
  "power_log_loss": 0.043565064668655396,
  "lr": 7.999999797903001e-05,
  "elapsed_time": 2073.0726091861725,
  "remaining_time": 2.0437660031733107,
  "expected_finish_time": "2026-04-03 18:38:04",
  "smoothed_speed": 1761.4540971962342
}