{
  "project_name": "RNNr24d8_e1k_puremae_r15",
  "generated_at": "2026-04-18T05:17:37.900698+08:00",
  "status": "complete",
  "calculation_standard": "ablation-study-v1",
  "sources": {
    "training_info": true,
    "compute_analysis": true,
    "model_info": true,
    "linear_response": true,
    "linearity_by_frequency": true,
    "config": true
  },
  "missing_sources": [],
  "missing_sections": [],
  "epochs": 1000,
  "min_loss": 0.011496,
  "min_val_loss": 0.011296,
  "train_loss": 0.01121615618467331,
  "val_loss": 0.011295732110738754,
  "train_mae": 0.01121615618467331,
  "train_afmae": 0.14242731034755707,
  "val_mae": 0.011295732110738754,
  "val_afmae": 0.14186492562294006,
  "weights_source": "best_val",
  "freq_drift_hz": 9.553465215734011,
  "sens_drift_percent": 31.486389572260897,
  "linearity_percent": 1.4928118972450546,
  "compute_cost": 1792.0,
  "total_params": 833,
  "lr": 0.0015,
  "use_cosine_annealing": false,
  "metric_details": {
    "natural_frequency_drift": {
      "min": 25.11740782001561,
      "max": 36.56947048654348,
      "median": 34.67087303574962,
      "count": 25,
      "unit": "Hz",
      "method": "max(|max-median|, |median-min|) from fn_comped",
      "drift": 9.553465215734011
    },
    "sensitivity_drift": {
      "min": 33.95651151713623,
      "max": 70.75981220918116,
      "median": 65.44290108939713,
      "count": 25,
      "unit": "%",
      "method": "max(|max-median|, |median-min|) from interpolated sensitivity",
      "drift": 31.486389572260897,
      "frequency_hz": 100.0
    },
    "linearity": {
      "mean": 1.4928118972450546,
      "max": 7.332191651472552,
      "min": 0.28694153844369685,
      "count": 14,
      "unit": "%",
      "method": "mean(1 - R^2) across frequency points"
    },
    "natural_frequency_drift_origin": {
      "min": 34.24511188160566,
      "max": 93.39109038646993,
      "median": 58.89345106524416,
      "count": 25,
      "unit": "Hz",
      "method": "max(|max-median|, |median-min|) from fn_origin",
      "drift": 34.49763932122577
    },
    "sensitivity_drift_origin": {
      "min": 60.001934754356135,
      "max": 203.37127543336493,
      "median": 144.5628340451216,
      "count": 25,
      "unit": "%",
      "method": "max(|max-median|, |median-min|) from interpolated origin sensitivity",
      "drift": 84.56089929076546,
      "frequency_hz": 100.0
    },
    "linearity_origin": {
      "mean": 2.5499568401843997,
      "max": 6.418887454843169,
      "min": 0.359242046082775,
      "count": 14,
      "unit": "%",
      "method": "mean(1 - R^2) across frequency points"
    }
  },
  "compute_details": {
    "total_params": 833,
    "additions": 800,
    "multiplications": 800,
    "maps": 32,
    "total_ops": 1632,
    "weighted_total": 1792.0,
    "weighted_additions": 800.0,
    "weighted_multiplications": 800.0,
    "weighted_maps": 192.0
  },
  "compute_cost_status": "complete",
  "compute_has_unsupported_layers": false,
  "compute_unsupported_layer_count": 0,
  "compute_unsupported_layers": [],
  "compute_unsupported_layer_details": [],
  "compute_cost_warning": null,
  "loss_function": "MAE",
  "loss_function_key": "mae",
  "loss_function_source": "config.use_power_loss",
  "display_metrics": {
    "Loss Function": "MAE",
    "TRAIN_MAE": 0.01121615618467331,
    "TRAIN_AFMAE": 0.14242731034755707,
    "VAL_MAE": 0.011295732110738754,
    "VAL_AFMAE": 0.14186492562294006,
    "Freq Drift (Hz)": 9.553465215734011,
    "Sens Drift (%)": 31.486389572260897,
    "Linearity (%)": 1.4928118972450546,
    "Compute Cost": 1792.0,
    "Total Params": 833,
    "Epochs": 1000,
    "LR": 0.0015,
    "Cosine Annealing": false
  }
}