{
  "completed_epoch": 1000,
  "min_loss": 0.011496382765471935,
  "min_val_loss": 0.01129573117941618,
  "current_epoch": 1000,
  "model_name": "RNN",
  "training_alive": false,
  "timestamp": "20260418051711.6",
  "best_weights_file": "projects/07_RNN/RNNr24d8_e1k_puremae_r15/data\\RNNr24d8_e1k_puremae_r15_best_weights.h5",
  "best_val_weights_file": "projects/07_RNN/RNNr24d8_e1k_puremae_r15/data\\RNNr24d8_e1k_puremae_r15_best_val_weights.h5",
  "loss": 0.011742756702005863,
  "val_loss": 0.012078729458153248,
  "mae": 0.0,
  "afmae": 0.9463972449302673,
  "val_mae": 0.0,
  "val_afmae": 0.932343065738678,
  "val_power_log_loss": 0.0,
  "power_log_loss": 0.0,
  "lr": 0.003000000026077032,
  "elapsed_time": 12210.282707691193,
  "remaining_time": 0.0,
  "expected_finish_time": "2026-04-18 05:16:47",
  "smoothed_speed": 295.1263699717073
}